공고명 (title),주관기관 (agency),기관구분 (agencyType),공고유형 (category),접수시작 KST (applyStartAt),접수마감 KST (applyEndAt),접수중 (isActive),지원대상 (applicantTypes),대상지역 (targetRegions),대상업종 (targetIndustries),업력하한 (minBusinessYears),업력상한 (maxBusinessYears),종업원수상한 (maxEmployees),연매출상한 (maxRevenue),지원금하한 (amountMin),지원금상한 (amountMax),요구인증 (requiredCertifications),대표자연령하한 (minAge),대표자연령상한 (maxAge),법인한정 (corporationOnly),반복여부 (recurrence),요약 (summary),지원자격 원문 (applyTargetDetail),제외대상 원문 (excludeTarget),공고원문 URL (sourceUrl),수집출처 (sourceApi),원본 공고번호 (externalId),적재일시 KST (createdAt),갱신일시 KST (updatedAt),내부 식별자 (id),원문 지역 (raw.rawRegion),원문 공고유형 (raw.rawCategory),원문 지원대상 (raw.rawApplyTarget),원문 업력 (raw.rawBusinessYears),원문 대상연령 (raw.targetAge),원문 담당부서 (raw.department),원문 연락처 (raw.contact),원문 우대사항 (raw.preferential),통합공고 여부 (raw.integratedNotice)
2026년도 조달청 벤처나라 입점 기관추천(9월~12월) 참가기업 모집공고,창업진흥원장,공공기관(public),수출·해외진출(export),2026-07-15 00:00,2026-08-20 23:59,Y,예비창업자(preliminary) | 개인사업자(individual) | 법인(corporate),,,,7,,,,,,,,,단발(once),창업기업의 공공조달시장 진출 및 판로확대 지원을 위해 「2026년도 조달청 벤처나라 입점 기관추천(9월~12월)」참가기업을 다음과 같이 모집합니다.,,,https://www.k-startup.go.kr/web/contents/bizpbanc-ongoing.do?schM=view&pbancSn=178163,kstartup,178163,2026-08-20 18:24,2026-08-20 18:24,a11f87ff-a89f-46d9-a45c-fad8c5adeef3,전국,판로ㆍ해외진출,"대학생,일반인,대학,연구기관,일반기업,1인 창조기업",7년미만,"만 20세 이상 ~ 만 39세 이하,만 40세 이상",사업관리실,0444101981,,N
「다시 쓰는 성공기」 제14회 재도전 사례 공모전 참가 모집 공고,중소벤처기업부 장관,공공기관(public),경진대회·행사(contest),2026-07-21 00:00,2026-08-20 23:59,Y,예비창업자(preliminary) | 개인사업자(individual) | 법인(corporate),,,,10,,,,,,,,,단발(once),"『다시 쓰는 성공기』제14회 재도전 사례 공모전을 다음과 같이 공고하오니, 많은 관심과 적극적인 참여 바랍니다.",,,https://www.k-startup.go.kr/web/contents/bizpbanc-ongoing.do?schM=view&pbancSn=178426,kstartup,178426,2026-08-20 18:24,2026-08-20 18:24,f0fdc60a-ffd6-4573-8a5c-d4d1885ab533,전국,행사ㆍ네트워크,"청소년,대학생,일반인,대학,연구기관,일반기업,1인 창조기업","예비창업자,1년미만,2년미만,3년미만,5년미만,7년미만,10년미만","만 20세 미만,만 20세 이상 ~ 만 39세 이하,만 40세 이상",예비재도전실,0444101983,,N
제 2회 판다밋업 :  AI 반도체 글로벌 파트너십  Innovation Bridge,경기도 4차산업혁명센터,공공기관(public),경진대회·행사(contest),2026-08-04 00:00,2026-08-20 23:59,Y,예비창업자(preliminary) | 개인사업자(individual) | 법인(corporate),,,,10,,,,,,,,,단발(once),"경기도 4차산업혁명센터는 국내 기업의 글로벌 공동 연구개발 사례와 이스라엘의 AI·반도체 산업 현황을 공유하고, 
한·이스라엘 공동 연구개발 지원사업을 소개하는 「제2회 판(교에서)다(보스를 만나다) 밋업」을 개최합니다. 
본 행사는 AI·반도체 분야 기업의 글로벌 기술협력 기회를 확대하고 실질적인 공동연구 연계 가능성을 모색하기 위해 마련되었습니다.
많은 참여부탁드립니다.",,,https://www.k-startup.go.kr/web/contents/bizpbanc-ongoing.do?schM=view&pbancSn=178791,kstartup,178791,2026-08-20 18:24,2026-08-20 18:24,e6b977d7-ca07-4837-afb1-71ef76bb966c,전국,행사ㆍ네트워크,"청소년,대학생,일반인,대학,연구기관,일반기업,1인 창조기업","예비창업자,1년미만,2년미만,3년미만,5년미만,7년미만,10년미만","만 20세 미만,만 20세 이상 ~ 만 39세 이하,만 40세 이상",4차산업혁명센터 혁신커뮤니티팀 ,0317764512,,N
2026년 28청춘창업소 액셀러레이팅 창업 역량강화교육,고양산업진흥원,공공기관(public),입주공간(space),2026-08-05 00:00,2026-08-20 23:59,Y,예비창업자(preliminary),경기,,,3,,,,,,,,,단발(once),"고양특례시가 조성하고 고양산업진흥원이 운영하는 28청춘창업소에서는 예비창업자 및 초기창업자의 성공적인 사업화와 창업 역량 강화를 지원하기 위해 「2026년 28청춘창업소 액셀러레이팅 창업 역량강화교육」 2차 교육생을 모집합니다.

창업을 준비 중이거나 사업 아이템을 구체화하고자 하는 예비·초기창업자 여러분의 많은 관심과 참여를 바랍니다.",,,https://www.k-startup.go.kr/web/contents/bizpbanc-ongoing.do?schM=view&pbancSn=178804,kstartup,178804,2026-08-20 18:24,2026-08-20 18:24,4ecad6d5-3778-4409-b92f-313b69eded32,경기,시설ㆍ공간ㆍ보육,"청소년,대학생,일반인","예비창업자,1년미만,2년미만,3년미만",만 20세 이상 ~ 만 39세 이하,28청춘창업소,0319687062,,Y
[대전관광공사] 2026 대전·세종 관광 창업 역량강화교육 및 창업경진대회 참가자 모집,대전관광공사,공공기관(public),교육·멘토링(education),2026-08-06 00:00,2026-08-20 23:59,Y,예비창업자(preliminary) | 개인사업자(individual) | 법인(corporate),대전,,,5,,,,,,,,,단발(once),"대전관광공사는 「2026 대전세종관광창업육성지원사업」의 일환으로

지역 관광 창업 인재와 경쟁력있는 관광 창업 모델 발굴 및 지원을 위하여
맞춤형 교육과 창업경진대회를 운영하고자합니다.

해당 과정의 교육생을 모집하오니, 관심 있는 창업자 여려분들의 많은 참여를 바랍니다.",,,https://www.k-startup.go.kr/web/contents/bizpbanc-ongoing.do?schM=view&pbancSn=178823,kstartup,178823,2026-08-20 18:24,2026-08-20 18:24,8e81828d-349f-4f70-bf68-478c300ba9d2,대전,멘토링ㆍ컨설팅ㆍ교육,"대학생,일반인,일반기업,1인 창조기업","예비창업자,1년미만,2년미만,3년미만,5년미만","만 20세 미만,만 20세 이상 ~ 만 39세 이하,만 40세 이상",대전세종관광기업지원센터,0422501467,,N
2026 예술기업 상생혁신(오픈이노베이션) 지원사업 참여기업 공모,(재)예술경영지원센터,공공기관(public),사업화자금(funding),2026-08-06 00:00,2026-08-20 23:59,Y,개인사업자(individual) | 법인(corporate),,,,10,,,,,,,,,단발(once),"대·중견기업과의 개방형 혁신(오픈이노베이션)을 통해 예술기업의 창의적인 아이디어를 사업화 검증(PoC)하고, 이를 바탕으로 지속 가능한 사업모델 개발과 성장을 희망하는 예술기업을 모집합니다.",,,https://www.k-startup.go.kr/web/contents/bizpbanc-ongoing.do?schM=view&pbancSn=178857,kstartup,178857,2026-08-20 18:24,2026-08-20 18:24,2491a6ff-aa21-4edf-855e-1c18b44e373c,전국,사업화,"연구기관,일반기업,1인 창조기업",10년미만,"만 20세 미만,만 20세 이상 ~ 만 39세 이하,만 40세 이상",기업육성팀,027082237,,N
2026년 제2회 사회서비스 투자 교류회 행사 및 참석자 모집 안내,(주)엠와이소셜컴퍼니,민간(private),경진대회·행사(contest),2026-08-13 00:00,2026-08-20 23:59,Y,예비창업자(preliminary) | 개인사업자(individual) | 법인(corporate),,,,10,,,,,,,,,단발(once),"「2026년 제2회 사회서비스 투자 교류회」 가 2026년 9월 4일(금) 김대중컨벤션센터에서 개최됩니다.

보건복지부와 중앙사회서비스원, 광주광역시사회서비스원 그리고 엠와이소셜컴퍼니가 함께하는 사회서비스 투자 교류회는 사회서비스 기업의 투자 유치 기회를 확대하고, 유관기관과의 교류를 통해 협업·실증을 논의하는 연결의 장입니다.

누적 14회를 맞이한 올해의 두 번째 교류회는 '일상 속 돌봄을 채우는 사회서비스'를 주제로 진행됩니다.

해당 주제와 관련하여 우수한 돌봄 기술과 성장 가능성을 가진 사회서비스 기업을 모집하오니,
많은 관심과 참여 부탁드리며 자세한 내용은 첨부된 안내문 및 웹포스터를 참고해주시기 바랍니다.

감사합니다.


※ 참여 기업 신청 바로가기: https://ema.kr/378",,,https://www.k-startup.go.kr/web/contents/bizpbanc-ongoing.do?schM=view&pbancSn=178908,kstartup,178908,2026-08-20 18:24,2026-08-20 18:24,98c5939c-d0f9-4153-8c17-3702f4e00e74,전국,행사ㆍ네트워크,"청소년,대학생,일반인,대학,연구기관,일반기업,1인 창조기업","1년미만,2년미만,3년미만,5년미만,7년미만,10년미만","만 20세 미만,만 20세 이상 ~ 만 39세 이하,만 40세 이상",CIC1,024995111,,N
국민대학교 청년도약 인재양성 부트캠프 참가자 모집,국민대학교 글로벌창업벤처대학원,공공기관(public),교육·멘토링(education),2026-07-09 00:00,2026-08-21 23:59,Y,예비창업자(preliminary),서울,,,1,,,,,,20,39,,단발(once),"국민대학교 글로벌창업벤처대학원 창업학과(참여: 경영대학 AI빅데이터융합경영학과)는 「청년도약 인재양성 부트캠프(실전인재형)」 교육생을 아래와 같이 모집합니다. 본 부트캠프는 일자리 밖 청년을 스타트업·벤처 생태계의 AX(AI 전환) 실무 인재로 양성하는 전액 무료 교육 프로그램입니다.

직무분야: 스타트업·벤처 생태계 실무 기획 및 운영(AX 기반)
참여기업: ㈜메인콘텐츠, ㈜인포뱅크, ㈜씨엔티테크, ㈜와이앤아처, 한국엔젤투자협회 등 1,285개사","전공·지역 무관, 만 34세 이하 미취업 청년

□  취업준비생
□  예비창업자
□  장기 휴학생(1년 이상) 및 졸업 유예자

이런 분께 추천합니다
□ 재도전형: 창업 실패 경험을 커리어 자산으로 전환하고 싶은 청년
□ 직무전환형: 문과·비전공 출신으로 IT 진입 장벽을 넘고 싶은 청년
□ 스펙-실무 미스매치형: 스펙은 있지만 실무 경험이 부족한 청년",,https://www.k-startup.go.kr/web/contents/bizpbanc-ongoing.do?schM=view&pbancSn=178493,kstartup,178493,2026-08-20 18:24,2026-08-21 20:53,5fb570f4-ea2a-4618-a605-2e357fea7573,서울,창업교육,"대학생,일반인","예비창업자,1년미만",만 20세 이상 ~ 만 39세 이하,청년도약 인재양성 부트캠프,029105948,,N
2026년 벤처확인 도전기업 일대일 비대면 밋업 참여기업 모집,(주)엠비즈플래닛 산하 혁신기술경영인증지원센터,민간(private),사업화자금(funding),2026-07-16 00:00,2026-08-21 23:59,Y,개인사업자(individual) | 법인(corporate),,,,10,,,,,,,,,단발(once),"벤처기업확인 인증은 자금조달, 정부지원사업 가점, 세제 감면 등 기업 성장의 든든한 발판이 되는 핵심 인증제도 입니다. 혁신기술경영인증지원센터에서는 벤처기업확인(최초·재인증)을 준비하는 기업의 성공적인 인증 준비를 지원하기 위하여 『2026년 벤처확인 가능성 1:1 비대면 밋업』 참여기업을 다음과 같이 모집하오니 많은 관심과 참여 바랍니다.","① 벤처기업확인 최초 인증을 준비하는 기업
② 벤처기업 재인증을 준비하는 기업
③ 벤처확인 준비 방향이 필요한 기업
④ 기술성 및 사업성 진단을 희망하는 기업
⑤ 벤처인증 준비 상태 점검 및 전문가 자문이 필요한 기업","- 벤처기업에 포함되지 않는 업종 ( 일반 유흥 주점업, 무도 유흥 주점업, 기타 주점업, 블록체인 기반 암호화 자산 매매 및 중개업, 기타 사행시설 관리 운영업, 무도장 운영업)
- 신청일 기준 회사 설립이 완료되지 않은 기업 (예비창업자)
- 국제 또는 지방세 체납으로 규제 중인 자
- 공고 마감일 기준 휴업 중인 기업, 금융기관 등으로부터 채무불이행으로 규제 중인 자 또는 기업",https://www.k-startup.go.kr/web/contents/bizpbanc-ongoing.do?schM=view&pbancSn=178556,kstartup,178556,2026-08-20 18:24,2026-08-21 20:53,fb808c95-fe34-40b9-b861-bffcb39fe5df,전국,사업화,"일반기업,1인 창조기업","1년미만,2년미만,3년미만,5년미만,7년미만,10년미만","만 20세 미만,만 20세 이상 ~ 만 39세 이하,만 40세 이상",혁신기술경영인증지원센터,0314225585,,N
삼성 EPC 3사 2026 ConTech 공모전 모집 공고,"삼성E&A, 삼성물산 건설부문, 삼성중공업",민간(private),사업화자금(funding),2026-07-20 00:00,2026-08-21 23:59,Y,개인사업자(individual) | 법인(corporate),,,,10,,,,,,,,,단발(once),"삼성 EPC 3사(삼성E&A, 삼성물산 건설부문, 삼성중공업)에서는
설계·조달·시공 분야의 혁신 기술 발굴을 위한 '2026 콘테크(ConTech) 공모전'을 개최하오니 많은 응모 바랍니다.

공모분야는 ① 건축/토목 ② 플랜트 ③ 조선/해양과 관계된 Data Technology, AI, 스마트 제조/시공, 친환경 요소 기술입니다.","국내 중소∙중견 기업, 스타트업, 대학교/대학원 및 산학협력단",삼성 EPC 3사와 논의 중인 과제/기술은 공모전 응모 대상에서 제외,https://www.k-startup.go.kr/web/contents/bizpbanc-ongoing.do?schM=view&pbancSn=178593,kstartup,178593,2026-08-20 18:24,2026-08-21 20:53,05186b78-feda-4a1f-ac04-4e712936e1ad,전국,사업화,"대학,연구기관,일반기업,1인 창조기업",10년미만,"만 20세 미만,만 20세 이상 ~ 만 39세 이하,만 40세 이상",E&I Technology Team,0220532589,,N
2026년 제4회 창업기업성장지원센터(이노플러스 스테이지) 신규 입주기업 모집공고,(재)광주테크노파크원장,공공기관(public),입주공간(space),2026-07-20 00:00,2026-08-21 23:59,Y,개인사업자(individual) | 법인(corporate),,,,10,,,,,,20,,,단발(once),광주테크노파크는 우수한 기술력을 갖춘 창업기업 등의 성장을 지원하기 위해 창업기업성장지원센터(이노플러스 스테이지) 입주기업을 모집하오니 입주를 희망하는 기업들의 많은 신청 바랍니다,"- 제조업(스마트제조, 제조AI 등)
- 지식기반산업(지식산업, 첨단기술활용 산업)
- 정보통신산업
- 전문, 과학 및 기술 서비스업 등","- 산업집적활성화 및 공장설립에 관한 법률 시행령 제36조의 4 의거 제한업종
- 대기환경보전법에 의한 대기오염물질, 물환경보전법에 의한 수질오염물질, 악취방지법에 의한 악취물질 배출 예상업종
- 특정유해물질으 발생하는 업종(도금업, 도장업 등)
- 폐수를 다량 발생시키는 업종 (피혁, 엽색, 제지업 등)
- 대기오염물질 다량 배출업종 (석유화학공업, 타이어제조업, 철강업, 시멘트제조업 등)
- 금융 신용도 불량자, 관련 법규나 사회 통념상 문제가 있는 경우
- 센터 관리·운영기관이 입주기업으로 부적합하다고 판단하는 기업
- 휴·폐업 중에 있는 기업",https://www.k-startup.go.kr/web/contents/bizpbanc-ongoing.do?schM=view&pbancSn=178610,kstartup,178610,2026-08-20 18:24,2026-08-21 20:53,d8f8d948-304c-431f-86aa-cd61d44e35ee,전국,시설ㆍ공간ㆍ보육,"연구기관,일반기업,1인 창조기업","1년미만,2년미만,3년미만,5년미만,7년미만,10년미만","만 20세 이상 ~ 만 39세 이하,만 40세 이상",사업화허브팀,0625726026,,N
디지털콘텐츠기업 성장지원센터 입주기업 모집 공고(2026-1차),(사)차세대융합기술산업협회,민간(private),입주공간(space),2026-07-20 00:00,2026-08-21 23:59,Y,개인사업자(individual) | 법인(corporate),,,,10,,,,,,20,,,단발(once),"과학기술정보통신부, 안양시, 정보통신산업진흥원은 디지털콘텐츠 강소기업 육성 일환으로 사무공간·회의실·메타버스 테스트랩 등 인프라 시설 및 기업별 맞춤형 사업화 지원 프로그램을 제공하는 디지털콘텐츠기업 성장지원센터를 운영하고 있습니다.
이에, 과학기술정보통신부와 정보통신산업진흥원, 차세대융합콘텐츠산업협회는 디지털콘텐츠기업 성장지원센터 입주기업 모집을 시행하오니, 관련 기업의 많은 관심과 참여바랍니다.","○가상융합기술(XR/VR/AR), AI 등 신기술을 접목하여 디지털콘텐츠를 제작·공급하고 있는 중소기업 (단, 접수마감일 기준 설립 3년 이상인 기업)
* 중소기업기본법 제2조(중소기업의 범위)에 해당하는 기업
** 개인사업자는 개업일자(사업자등록증), 법인사업자는 법인등기일자(법인등기부등본) 기준",,https://www.k-startup.go.kr/web/contents/bizpbanc-ongoing.do?schM=view&pbancSn=178615,kstartup,178615,2026-08-20 18:24,2026-08-21 20:53,2f136d99-4e88-4dfe-b016-c7ae8d6f21bf,전국,시설ㆍ공간ㆍ보육,일반기업,"5년미만,7년미만,10년미만","만 20세 이상 ~ 만 39세 이하,만 40세 이상",산업기반팀,025585180,,N
[숭실대학교 캠퍼스타운] 2026 숭실 스타트업 아카데미 8월 참여자 모집,숭실대학교 캠퍼스타운사업단,공공기관(public),교육·멘토링(education),2026-07-24 00:00,2026-08-21 23:59,Y,예비창업자(preliminary) | 개인사업자(individual) | 법인(corporate),서울,,,10,,,,,,20,,,단발(once),"숭실대학교 캠퍼스타운에서 창업자들이 직면한 애로사항과 관심도를 반영한 주제를 선정하여,  전문적이고 

실효성 있는 창업 정보를 제공하는 실무 중심의 교육을 진행합니다. 많은 관심과 참여 부탁드립니다.","스타트업 대표 및 임직원, 예비 창업자 및 창업에 관심이 있는 학생 등",,https://www.k-startup.go.kr/web/contents/bizpbanc-ongoing.do?schM=view&pbancSn=178666,kstartup,178666,2026-08-20 18:24,2026-08-21 20:53,312a9287-7c1f-4b99-a727-584f45b3e8fa,서울,창업교육,"대학생,일반인,대학,연구기관,일반기업,1인 창조기업","예비창업자,1년미만,2년미만,3년미만,5년미만,7년미만,10년미만","만 20세 이상 ~ 만 39세 이하,만 40세 이상",창업지원단,028287481,,N
2026년 전주 로컬브랜딩 아이디어 해커톤 참가팀 모집,전주시지역소통협력센터,민간(private),교육·멘토링(education),2026-07-22 00:00,2026-08-21 23:59,Y,예비창업자(preliminary) | 개인사업자(individual) | 법인(corporate),전북,,,10,,,,,,20,,,단발(once),전주소통협력센터에서는 전주시 지역자원을 활용한 로컬브랜딩 커뮤니티를 지원하여 차별화된 로컬 사업 발굴을 위한 <2026년 전주 로컬브랜딩 아이디어 해커톤>을 공고 모집하오니 많은 관심과 참여 부탁드립니다.,"전주 지역자원을 활용한 아이디어가 있는 누구나
총 15팀 모집(2~5인 팀 구성)",,https://www.k-startup.go.kr/web/contents/bizpbanc-ongoing.do?schM=view&pbancSn=178675,kstartup,178675,2026-08-20 18:24,2026-08-21 20:53,675b3cff-0f73-4ef1-a3af-78cd54d80d6e,전북,멘토링ㆍ컨설팅ㆍ교육,"대학생,일반인,대학,연구기관,일반기업","예비창업자,1년미만,2년미만,3년미만,5년미만,7년미만,10년미만","만 20세 이상 ~ 만 39세 이하,만 40세 이상",지역소통협력팀,0632887103,,N
[창원산업진흥원] CES2027 참가기업 지원사업 참가기업 모집 공고,(재)창원산업진흥원장,공공기관(public),수출·해외진출(export),2026-07-22 00:00,2026-08-21 23:59,Y,개인사업자(individual) | 법인(corporate),경남,,,5,,,,,,,,,단발(once),창원시 창업기업의 해외 마케팅 및 글로벌 역량 증대를 위하여 ｢CES2027 참가기업 지원사업｣을 추진하오니 관심 있는 관내 기업의 많은 참여를 바랍니다.,신제품을 보유한 창원시 소재 창업기업 중 CES 유레카파크 조건을 충족하는 기업 6개사,"- 신청일 기준 휴·폐업 중인 기업
- 참여기업 사업자등록증 소재지가 창원이 아닌 경우
- 창원산업진흥원의 지원을 받아 CES 유레카파크에 2회 참가한 기업
- 타 기관으로부터 중복 지원을 받은 경우
- 접수서류에 누락이 있거나 허위사실을 기재한 경우",https://www.k-startup.go.kr/web/contents/bizpbanc-ongoing.do?schM=view&pbancSn=178679,kstartup,178679,2026-08-20 18:24,2026-08-21 20:53,c9dd0f1d-6408-45aa-b420-042c82b9c0ce,경남,글로벌,일반기업,"1년미만,2년미만,3년미만,5년미만","만 20세 미만,만 20세 이상 ~ 만 39세 이하,만 40세 이상",창업인재양성팀,0557167743,,N
2026년 재도전 아이디어 경진대회 참가자 모집 (~08.21),(재)대전창조경제혁신센터,공공기관(public),입주공간(space),2026-07-30 00:00,2026-08-21 23:59,Y,예비창업자(preliminary) | 개인사업자(individual) | 법인(corporate),,,,10,,,,,,,,,단발(once),재창업 아이디어 경진대회를 다음과 같이 공고하오니 참여를 희망하는 재창업자는 안내에 따라 신청하기 바랍니다.,"◦ 신청자격 : 예비 재창업자, 재창업 3년 미만 창업자 또는 폐업 위기 창업자",,https://www.k-startup.go.kr/web/contents/bizpbanc-ongoing.do?schM=view&pbancSn=178738,kstartup,178738,2026-08-20 18:24,2026-08-21 20:53,a2620b49-41f1-4021-83ab-8ce9b29a519a,전국,시설ㆍ공간ㆍ보육,"대학생,일반인,대학,연구기관,일반기업,1인 창조기업","예비창업자,1년미만,2년미만,3년미만,5년미만,7년미만,10년미만","만 20세 미만,만 20세 이상 ~ 만 39세 이하,만 40세 이상",글로벌상생협력실,0423850537,,Y
2026 KB스타터스 전문가 세미나,서울창조경제혁신센터,공공기관(public),교육·멘토링(education),2026-07-31 00:00,2026-08-21 23:59,Y,예비창업자(preliminary) | 개인사업자(individual) | 법인(corporate),,,,10,,,,,,,,,단발(once),2026 KB스타터스 전문가 세미나 모집을 다음과 같이 공고하오니 참여를 희망하는 창업팀은 안내 따라 신청하기 바랍니다.,"M&A, 세무, 회계, 투자 전문가가 필요한 투자팀",,https://www.k-startup.go.kr/web/contents/bizpbanc-ongoing.do?schM=view&pbancSn=178748,kstartup,178748,2026-08-20 18:24,2026-08-21 20:53,580dd396-e40f-43ec-bf70-58e30f8802cc,전국,멘토링ㆍ컨설팅ㆍ교육,"청소년,대학생,일반인,대학,연구기관,일반기업,1인 창조기업","예비창업자,1년미만,2년미만,3년미만,5년미만,7년미만,10년미만","만 20세 미만,만 20세 이상 ~ 만 39세 이하,만 40세 이상",글로벌,027399365,,N
[인천] 2026년 IP창업존 50기 교육생 모집 공고,인천지식재산센터,민간(private),교육·멘토링(education),2026-08-03 00:00,2026-08-21 23:59,Y,예비창업자(preliminary) | 개인사업자(individual) | 법인(corporate),인천,,,1,,,,,,,,,단발(once),"인천지식재산센터는 인천시 관내 우수한 아이디어와 기술을 보유한 예비 창업자를 발굴하여 아이디어 창출에서 사업화까지 연계지원하고 있습니다.
 IP디딤돌 지원사업 중 지식재산 기반 창업교육인 IP창업존 50기 교육과정을 아래와 같이 운영하고자 하오니, 지식재산권 확보와 창업을 준비 중인 (예비)창업자들의 많은 참여 바랍니다.","인천시민, (예비)창업자, 학생 등 25명 내외",,https://www.k-startup.go.kr/web/contents/bizpbanc-ongoing.do?schM=view&pbancSn=178767,kstartup,178767,2026-08-20 18:24,2026-08-21 20:53,1f4546bb-9267-451d-8681-f7c2baeb4ecc,인천,멘토링ㆍ컨설팅ㆍ교육,"청소년,대학생,일반인,대학,연구기관,일반기업,1인 창조기업","예비창업자,1년미만","만 20세 미만,만 20세 이상 ~ 만 39세 이하,만 40세 이상",인천지식재산센터,0328102873,,Y
2026년 하반기 DDP B the B(비더비) 뷰티테크·뷰티 디바이스 전시·체험 및 테스트베드 지원기업 모집,재단법인 서울경제진흥원,공공기관(public),사업화자금(funding),2026-07-31 00:00,2026-08-21 23:59,Y,개인사업자(individual) | 법인(corporate),서울,,,10,,,,,,,,,단발(once),"서울경제진흥원은 DDP에 위치한 뷰티복합문화공간 ‘B the B(비더비)’를 활용하여 기업이 주도적으로 국내외 소비자를 대상으로 제품·기술을 테스트하고 피드백을 받을 수 있도록 지원함으로써, 중소 뷰티테크·디바이스 기업의 소비자 접점 확대와 경쟁력 강화를 지원하고자 합니다.",서울 소재 중소 뷰티테크·디바이스 기업,"- 예비창업자(기업)
- 참여기업 또는 대표자 등이 서울시 사업에 참여 제한 대상인 경우
- B the B 전시 기간 종료 시까지 전시를 위한 기업 제품·서비스 무상 제공 및 관리·유지보수가 불가한 기업
- 기타 사업 공고 시 제시한 신청자격 및 참여조건 기준에 부합하지 않거나 관련하여 허위 또는 그 밖의 부정한 사실이 발견되는 경우
· 신청 이후 위 사항이 밝혀질 경우 선정 제외 또는 취소될 수 있으며, 향후 SBA 사업 참여에 제한될 수 있음
· 해당 사항을 통해 발생하는 모든 민·형사상의 책임(타인의 지적재산권을 침해하였을 경우 발생하는 모든 민·형사상의 책임 포함)은 참가기업에게 있음",https://www.k-startup.go.kr/web/contents/bizpbanc-ongoing.do?schM=view&pbancSn=178775,kstartup,178775,2026-08-20 18:24,2026-08-21 20:53,3cc26de7-1197-4909-8c3a-eea7d7fb1917,서울,사업화,일반기업,"1년미만,2년미만,3년미만,5년미만,7년미만,10년미만","만 20세 미만,만 20세 이상 ~ 만 39세 이하,만 40세 이상",뷰티기업육성팀,0269512913,,N
중견기업 스타트업 동행라운지(참여 스타트업 모집),한국산업지능화협회,민간(private),사업화자금(funding),2026-08-03 00:00,2026-08-21 23:59,Y,개인사업자(individual) | 법인(corporate),,,,10,,,,,,,,,단발(once),중견기업-스타트업 동행라운지에 참여를 희망하는 스타트업을 아래와 같이 모집합니다.,"혁신 스타트업(7년 이내), AI 등 빅테크 스타트업(10년 이내)",,https://www.k-startup.go.kr/web/contents/bizpbanc-ongoing.do?schM=view&pbancSn=178784,kstartup,178784,2026-08-20 18:24,2026-08-21 20:53,ec9c2e84-1ce5-4136-8abf-2290c9e589e7,전국,사업화,일반기업,"7년미만,10년미만","만 20세 미만,만 20세 이상 ~ 만 39세 이하,만 40세 이상",혁신성지원센터 ,07047034032,,N
2026 빅웨이브 글로벌(일본5차) - ILS2026 참여기업 모집,인천창조경제혁신센터 대표이사,공공기관(public),수출·해외진출(export),2026-08-04 00:00,2026-08-21 23:59,Y,예비창업자(preliminary) | 개인사업자(individual) | 법인(corporate),,,,10,,,,,,,,,단발(once),"인천창조경제혁신센터에서는 일본진출을 희망하는 기업을 대상으로 
빅웨이브 글로벌(일본5차)에 참여할 기업을 모집합니다.
일본시장에 관심있고, ILS2026 오픈이노베이션 전시회에 참여할 
준비된 기업분들의 많은 참여를 바랍니다.",전국 7년이내 스타트업(*초격차분야 10년이내까지),예비창업자,https://www.k-startup.go.kr/web/contents/bizpbanc-ongoing.do?schM=view&pbancSn=178794,kstartup,178794,2026-08-20 18:24,2026-08-21 20:53,b85ffde6-516c-477e-a26f-cc8b03b42940,전국,글로벌,일반기업,"예비창업자,1년미만,2년미만,3년미만,5년미만,7년미만,10년미만","만 20세 미만,만 20세 이상 ~ 만 39세 이하,만 40세 이상",글로벌 오픈이노베이션팀,0324585026,,N
제10회 소셜벤처 혁신경연대회 참여기업 모집 (~8/21 16:00),(주)엠와이소셜컴퍼니,민간(private),사업화자금(funding),2026-08-05 00:00,2026-08-21 23:59,Y,예비창업자(preliminary) | 개인사업자(individual) | 법인(corporate),,,,10,,,,,,,,,단발(once),창의적이고 혁신적인 사업모델을 가진 창업 후 7년 이내의 전국 소셜벤처 기업을 대상으로 사업개발비와 1:1 멘토링을 지원하니 참여를 희망하는 팀은 안내에 따라 신청하시기 바랍니다.,"1. 혁신적인 사업모델로 사회적 가치를 창출하는 전국 소셜벤처
2.  소셜미션 또는 사회적 가치 확인가능 하여야 함 
3.  접수 전월 말 기준(2026. 7. 31.)으로 모집부문에 따른 자격 확인 (스타트: 3년 이내, 스케일업: 3년 초과 ~ 7년 이내)",예비창업자,https://www.k-startup.go.kr/web/contents/bizpbanc-ongoing.do?schM=view&pbancSn=178811,kstartup,178811,2026-08-20 18:24,2026-08-21 20:53,f947f4f7-7355-4d13-bf01-8a583ff8b8f9,전국,사업화,"청소년,대학생,일반인,대학,연구기관,일반기업,1인 창조기업","1년미만,2년미만,3년미만,5년미만,7년미만,10년미만","만 20세 미만,만 20세 이상 ~ 만 39세 이하,만 40세 이상",CIC1,024995111,,N
2026년  서울시 기후테크 3D프린팅 장비 활용 교육,서울기후테크산업지원센터장,공공기관(public),교육·멘토링(education),2026-08-05 00:00,2026-08-21 23:59,Y,예비창업자(preliminary) | 개인사업자(individual) | 법인(corporate),서울,,,10,,,,,,20,,,단발(once),"안녕하십니까. 국가녹색기술연구소 서울기후테크산업지원센터입니다.
다음과 같이 2026년 서울시 기후테크 3D프린팅 장비 활용 교육에 대해 안내드리오니 참여할 의향이 있으신 분은
첨부한 포스터 내 구글폼(QR)을 제출하여 신청 부탁드리겠습니다.",서울시에 주소지를 둔 기후테크 기업 및 예비창업자,,https://www.k-startup.go.kr/web/contents/bizpbanc-ongoing.do?schM=view&pbancSn=178813,kstartup,178813,2026-08-20 18:24,2026-08-21 20:53,92418160-f213-4281-9d14-9473099b5956,서울,멘토링ㆍ컨설팅ㆍ교육,"일반인,일반기업,1인 창조기업","예비창업자,1년미만,2년미만,3년미만,5년미만,7년미만,10년미만","만 20세 이상 ~ 만 39세 이하,만 40세 이상",서울기후테크산업지원센터,0262610884,,N
2026년 28청춘창업소 액셀러레이팅 프로그램 전문가 멘토링 2차,고양산업진흥원,공공기관(public),입주공간(space),2026-08-06 00:00,2026-08-21 23:59,Y,예비창업자(preliminary) | 개인사업자(individual) | 법인(corporate),경기,,,7,,,,,,,,,단발(once),"고양특례시가 조성하고 고양산업진흥원이 운영하는 28청춘창업소에서는 예비창업자 및 초기창업자의 성공적인 사업화와 창업 역량 강화를 지원하기 위해 「2026년 28청춘창업소 액셀러레이팅 전문가 멘토링 프로그램」을 운영합니다.

관심있는 분들의 많은 참여 바랍니다.","고양시에 거주하는 예비창업자, 초기창업자 또는 고양시 소재 기업이나 학교에 다니는 창업에 관심 있는 직장인 및 대학생",,https://www.k-startup.go.kr/web/contents/bizpbanc-ongoing.do?schM=view&pbancSn=178815,kstartup,178815,2026-08-20 18:24,2026-08-21 20:53,f2b28ed6-325f-4dd7-a97c-eb5fffb2871f,경기,시설ㆍ공간ㆍ보육,"청소년,대학생,일반인,1인 창조기업","예비창업자,1년미만,2년미만,3년미만,5년미만,7년미만","만 20세 미만,만 20세 이상 ~ 만 39세 이하,만 40세 이상",28청춘창업소,0319687062,,Y
2026년 기술기반 창업 스케일업 지원 액셀러레이팅 프로그램 모집 공고,(주)티비즈,민간(private),교육·멘토링(education),2026-08-05 00:00,2026-08-21 23:59,Y,예비창업자(preliminary) | 개인사업자(individual) | 법인(corporate),대구,,,7,,,,,,,,,단발(once),"대구·경북 지역 내 유망한 기술 기반 (예비)창업자를 발굴하고, 사업화 지원, 맞춤형 멘토링, 직접 투자 및 TIPS 연계 등 기업의 고속 성장을 도모하고자 
「2026 기술기반 창업·스케일업 지원 액셀러레이팅 프로그램(특화산업형)」 참가기업 모집을 다음과 같이 공고하오니, 참여를 희망하는 기업은 안내에 따라 신청해 주시기 바랍니다.","경북대 교원 및 학생 (예비)창업기업, 학내 입주기업, 경북대 기술 도입기업 등
  - 예비 창업자 또는 7년 이내 초기 창업자
  - 재학생 및 휴학생 또는 5년 이내 졸업생",,https://www.k-startup.go.kr/web/contents/bizpbanc-ongoing.do?schM=view&pbancSn=178819,kstartup,178819,2026-08-20 18:24,2026-08-21 20:53,62f44e38-8482-4042-a6ab-2313f35791f8,대구,멘토링ㆍ컨설팅ㆍ교육,"청소년,대학생,일반인,대학,연구기관,일반기업,1인 창조기업","예비창업자,7년미만","만 20세 미만,만 20세 이상 ~ 만 39세 이하,만 40세 이상",대구지사 기술사업화 본부,0532623308,,N
2026년 초기창업패키지 로켓십 IR 경진대회 참가기업 모집 (1회차: AI·빅데이터),씨엔티테크(주),민간(private),사업화자금(funding),2026-08-10 00:00,2026-08-21 23:59,Y,예비창업자(preliminary) | 개인사업자(individual) | 법인(corporate),,,,7,,,,,,,,,단발(once),"씨엔티테크 초기창업패키지 운영사무국은 스타트업의 투자유치와 네트워크 확장을 지원하기 위해, 산업별 특화 투자사를 초청한 IR 경진대회를 개최합니다. 투자유치를 희망하는 AI·빅데이터 분야 초기창업패키지 선정기업 및 졸업기업 여러분의 많은 관심과 적극적인 참여를 바랍니다.",'23년~ '26년 초기창업패키지 선정·졸업기업,,https://www.k-startup.go.kr/web/contents/bizpbanc-ongoing.do?schM=view&pbancSn=178824,kstartup,178824,2026-08-20 18:24,2026-08-21 20:53,ea2e5cb9-9e1e-4ebe-8939-f7dc3c73d5e1,전국,사업화,"청소년,대학생,일반인,대학,연구기관,일반기업,1인 창조기업",7년미만,"만 20세 미만,만 20세 이상 ~ 만 39세 이하,만 40세 이상",씨엔티테크 초기창업패키지 운영사무국,0231525824,,Y
"[2026년 지역창업페스티벌 연계] 2026 스타트업 코리아 투자위크(SIW) 투자사, 유관기관, 스타트업 모집",대전창조경제혁신센터,민간(private),경진대회·행사(contest),2026-08-06 00:00,2026-08-21 23:59,Y,예비창업자(preliminary) | 개인사업자(individual) | 법인(corporate),,,,7,,,,,,,,,단발(once),"지역 투자 생태계 조성 및 스타트업 투자 활성화를 위한 '2026년 스타트업 코리아 투자위크(SIW)' 행사의 참여 투자자 및 유관기관,  스타트업 모집을 진행하고자 합니다.","-투자자: AC 및 VC
-유관기관(금융, 법률, 컨설팅 등)
-스타트업: 밋업 또는 프로그램 참여를 원하는 스타트업",,https://www.k-startup.go.kr/web/contents/bizpbanc-ongoing.do?schM=view&pbancSn=178826,kstartup,178826,2026-08-20 18:24,2026-08-21 20:53,7958a180-4f96-4067-9972-82641dc11594,전국,행사ㆍ네트워크,"청소년,대학생,일반인,대학,연구기관,일반기업,1인 창조기업","예비창업자,1년미만,2년미만,3년미만,5년미만,7년미만","만 20세 미만,만 20세 이상 ~ 만 39세 이하,만 40세 이상",글로벌상생협력실,0423850583,,N
2026년 남동발전 창업·Start-UP 서포터스 지원사업 참가기업 모집공고,(재)경남창조경제혁신센터,공공기관(public),사업화자금(funding),2026-08-10 00:00,2026-08-21 23:59,Y,예비창업자(preliminary) | 개인사업자(individual) | 법인(corporate),,,,5,,,,,,,,,단발(once),경남창조경제혁신센터는 한국남동발전(주)와 함께 우수한 창업기업의 아이디어를 사업화 지원하기 위하여 『2026년 남동발전 창업·Start-UP 서포터스 지원사업』에 참가할 기업을 모집합니다. 관심 있는 기업의 많은 참여 바랍니다.,"▫업력 5년 이내(‘21.8.11.이후 창업기업) ※전국단위

[발전 분야] : 기계, 전기, 계전 등 발전설비 연관 산업
[그린 분야] : 에너지효율 개선, 탄소저감(자원재활용), 신･재생에너지 등
[디지털 분야] : AI, IoT, 클라우드, 빅데이터 등","▫금융기관 등으로부터 채무불이행으로 규제중인자(기업)
▫국세 또는 지방세 체납으로 규제중인자(기업)
▫신청일 현재 휴업중인 기업
▫기타 중소벤처기업부 장관이 참여제한의 사유가 있다고 인정하는 자(기업)
▫남동발전 창업Start-UP 서포터스 지원사업 기 수혜기업(‘18~25)
* 과제 동일유무 관계없음
** 기 수혜기업 대표자의 타 사업자 신청 불가",https://www.k-startup.go.kr/web/contents/bizpbanc-ongoing.do?schM=view&pbancSn=178836,kstartup,178836,2026-08-20 18:24,2026-08-21 20:53,e26f0ef6-5c26-4412-b23a-21bb58148c43,전국,사업화,"청소년,대학생,일반인,대학,연구기관,일반기업,1인 창조기업",5년미만,"만 20세 미만,만 20세 이상 ~ 만 39세 이하,만 40세 이상",서부운영팀,0552919369,,N
2026년 대전 스타트업 원스톱 지원센터 아카데미 1차,대전창조경제혁신센터,민간(private),교육·멘토링(education),2026-08-07 00:00,2026-08-21 23:59,Y,예비창업자(preliminary) | 개인사업자(individual) | 법인(corporate),대전,,,3,,,,,,,,,단발(once),대전창조경제혁신센터의 모집 계획을 다음과 같이 공고하오니  참여를 희망하는 예비 및 초기 창업자는 안내에 따라 신청하시길 바랍니다.,"■ 모집 대상: 대전시 소재 (예비)창업기업
■ 모집 인원: 프로그램별 30명 내외 (선착순 마감)
■ 선정 안내: 신청 후 3일 이내 개별 통보 (평일 기준, 자격 요건 검토 후 안내)",,https://www.k-startup.go.kr/web/contents/bizpbanc-ongoing.do?schM=view&pbancSn=178838,kstartup,178838,2026-08-20 18:24,2026-08-21 20:53,8619e64a-bac3-4c35-8bc0-2887660e69f9,대전,창업교육,"청소년,대학생,일반인,대학,연구기관,일반기업,1인 창조기업","예비창업자,1년미만,2년미만,3년미만","만 20세 미만,만 20세 이상 ~ 만 39세 이하,만 40세 이상",교육사업부,0424710902,,N
2026년 창업 준비 아카데미 [원석 발굴 창업캠프 2차] 참가자 모집,광운대학교 NCI창업패키지사업단,공공기관(public),사업화자금(funding),2026-08-11 00:00,2026-08-21 23:59,Y,예비창업자(preliminary) | 개인사업자(individual) | 법인(corporate),,,,7,,,,,,,,,단발(once),"광운대학교 NCI창업패키지사업단에서는 창의성과 잠재력을 갖춘 예비창업자를 발굴하고, 창업 아이디어 구체화부터 사업계획서 작성 및 사업화 전략 수립까지 지원하는 「2026 창업 준비 아카데미(원석 발굴 창업캠프 2차)」참가자를 모집합니다.

본 프로그램은 1차 캠프와 동일하게 2박 3일 집중 창업캠프로 운영되며, 사업계획서 작성 교육, 시장 검증, 비즈니스모델(BM) 고도화, 전문가 멘토링 및 피드백 등을 지원합니다. 창업을 준비 중인 예비창업자 및 이종창업을 준비 중인 기창업자의 많은 관심과 참여 바랍니다.",예비창업자 및 이종창업을 준비 중인 기창업자,,https://www.k-startup.go.kr/web/contents/bizpbanc-ongoing.do?schM=view&pbancSn=178852,kstartup,178852,2026-08-20 18:24,2026-08-21 20:53,06a049e5-de52-42e4-917b-4157fd3b2663,전국,사업화,"청소년,대학생,일반인,대학,연구기관,일반기업,1인 창조기업","예비창업자,1년미만,2년미만,3년미만,5년미만,7년미만","만 20세 미만,만 20세 이상 ~ 만 39세 이하,만 40세 이상",광운대학교 산학협력단 NCI창업패키지사업단,029408530,,Y
"강남구 개포동지역 ㈜오피스허브 1인 창조기업 지원센터 입주기업 모집(1인실,2인실)",㈜오피스허브 1인 창조기업 지원센터,민간(private),입주공간(space),2026-08-12 00:00,2026-08-21 23:59,Y,예비창업자(preliminary) | 개인사업자(individual) | 법인(corporate),,,,7,,,,,,,,,단발(once),㈜오피스허브 1인 창조기업 지원센터 입주기업 모집을 아래와 같이 공고합니다.,예비창업자 및 창업 7년 이내 기업,,https://www.k-startup.go.kr/web/contents/bizpbanc-ongoing.do?schM=view&pbancSn=178877,kstartup,178877,2026-08-20 18:24,2026-08-21 20:53,6930e7b2-b76e-4132-a83f-a69b1b3f78ee,전국,시설ㆍ공간ㆍ보육,"청소년,대학생,일반인,대학,연구기관,일반기업,1인 창조기업","예비창업자,1년미만,2년미만,3년미만,5년미만,7년미만","만 20세 미만,만 20세 이상 ~ 만 39세 이하,만 40세 이상",1인창조기업 지원센터,024458005,,Y
성남 기후테크 UpSkill 아카데미 Vol.1 - 기후테크 시장 현황과 투자트렌드,도시혁신그룹 무브먼트 주식회사,민간(private),교육·멘토링(education),2026-08-10 00:00,2026-08-21 23:59,Y,예비창업자(preliminary) | 개인사업자(individual) | 법인(corporate),,,,10,,,,,,,,,단발(once),"성남 기후테크 UpSkill 아카데미 Vol.1 - 기후테크 시장 현황과 투자트렌드

누적 운용자산 약 1조 원 규모의 환경·에너지 전문 사모펀드 운용사가 전하는 기후테크 시장과 투자트렌드 교육을 개최하오니, 관심있는 분들의 많은 참여를 부탁드립니다 .",기후테크에 관심있는 누구나,없음,https://www.k-startup.go.kr/web/contents/bizpbanc-ongoing.do?schM=view&pbancSn=178882,kstartup,178882,2026-08-20 18:24,2026-08-21 20:53,19e14ae2-9219-436d-ba1d-92e8c1841083,전국,멘토링ㆍ컨설팅ㆍ교육,"청소년,대학생,일반인,대학,연구기관,일반기업,1인 창조기업","예비창업자,1년미만,2년미만,3년미만,5년미만,7년미만,10년미만","만 20세 미만,만 20세 이상 ~ 만 39세 이하,만 40세 이상",기후테크운영팀,020000000,,N
FIX 이노베이션 어워즈 프로그램 참여기업 모집 공고,(주)엑스코 FIX 사무국,민간(private),경진대회·행사(contest),2026-07-23 00:00,2026-08-22 23:59,Y,예비창업자(preliminary) | 개인사업자(individual) | 법인(corporate),대구,,,10,,,,,,,,,단발(once),세계 최고 수준의 기술력과 경쟁력을 보유한 모빌리티·AI/ICT·로봇산업 등 유망기업을 발굴ㆍ포상하여 글로벌 시장경쟁력을 제고하기 위한 “FIX 이노베이션 어워즈” 선정 계획을 다음과 같이 공고합니다.,"미래모빌리티, AI·ICT, 로봇 분야의 혁신 기술·제품을 보유한 기업","· 접수 마감일 현재, 신청 기업/대표가 정부기관 등으로부터 사업 제재 중이거나, 의무사항(보고서 제출, 기술료(납부계획서)/정산금/환수금 납부 등) 등을 불이행 중인 경우
· 신청서 등 관련 서류를 허위로 작성, 제출한 경우
· 금융기관 등으로부터 금융 불량 거래처로 규제 중인 기업
· 휴ㆍ폐업 중인 기업
· 부도덕한 행위 등으로 사회적 물의를 야기하거나, 언론보도 또는 소송․민원제기 등의 논란이 있어 포상이 합당치 않다고 판단되는 기업(대표자)
· 기타 상훈법 및 정부포상업무지침 상 추천제한에 해당하는 기업(대표자)
※ 수상에 선정되었더라도 상기 지원제외 사항이 확인될 경우 수상 취소",https://www.k-startup.go.kr/web/contents/bizpbanc-ongoing.do?schM=view&pbancSn=178651,kstartup,178651,2026-08-20 18:24,2026-08-21 20:53,a11e2e9d-d3ce-4a3d-b55f-c5952f1df06a,대구,행사ㆍ네트워크,"대학,연구기관,일반기업,1인 창조기업","예비창업자,1년미만,2년미만,3년미만,5년미만,7년미만,10년미만","만 20세 미만,만 20세 이상 ~ 만 39세 이하,만 40세 이상",FIX 사무국,0536015447,,N
예비창업패키지 & 모두의 창업 완벽 대비! 「1:1 맞춤형 창업 멘토링」 참가자 모집,강남구여성능력개발센터,공공기관(public),교육·멘토링(education),2026-07-16 00:00,2026-08-23 23:59,Y,예비창업자(preliminary) | 개인사업자(individual) | 법인(corporate),서울,,,1,,,,,,20,,,단발(once),"강남구여성능력개발센터에서는 정부지원사업(예비창업패키지, 모두의 창업 등) 도전 및 성공적인 창업 준비를 지원하기 위해 분야별 전문 멘토와 함께하는 1:1 맞춤형 창업 멘토링을 운영합니다. 창업의 첫걸음부터 비즈니스 모델 구체화, 서비스 고도화까지 개별 맞춤 솔루션을 받아보실 기회이니 역량 있는 예비·초기 창업자분들의 많은 관심과 참여 바랍니다.","3개월 이내 창업 예정자, 1년 미만 기창업자",,https://www.k-startup.go.kr/web/contents/bizpbanc-ongoing.do?schM=view&pbancSn=178603,kstartup,178603,2026-08-20 18:24,2026-08-21 20:53,1a811e4b-e9bd-4745-b809-e4c51aa99be4,서울,멘토링ㆍ컨설팅ㆍ교육,"대학생,일반인,대학,일반기업,1인 창조기업","예비창업자,1년미만","만 20세 이상 ~ 만 39세 이하,만 40세 이상",취업지원팀,025448454,,N
[글로벌] 2026 Bio-Health Global Bridge: AHN 프로그램 참가기업 모집,서울창조경제혁신센터,공공기관(public),수출·해외진출(export),2026-07-20 00:00,2026-08-23 23:59,Y,예비창업자(preliminary) | 개인사업자(individual) | 법인(corporate),,,,10,,,,,,,,,단발(once),"서울창조경제혁신센터와 서울바이오허브에서 국내 유망 바이오 · 헬스케어 창업기업의 미국 시장 진출 및 글로벌 사업 협력 기회 확대를 지원합니다.   

미국 AHN 병원과의 협업을 희망하는 혁신적인 아이디어와 우수한 기술을 가진 창업기업의 많은 참여 바랍니다 .","바이오헬스, 메드테크 분야 업력 10년 미만 창업기업(공고일 기준)",,https://www.k-startup.go.kr/web/contents/bizpbanc-ongoing.do?schM=view&pbancSn=178614,kstartup,178614,2026-08-20 18:24,2026-08-21 20:53,e034d14e-c841-4f0a-944f-076aa2f47187,전국,글로벌,"청소년,대학생,일반인,대학,연구기관,일반기업,1인 창조기업","예비창업자,1년미만,2년미만,3년미만,5년미만,7년미만,10년미만","만 20세 미만,만 20세 이상 ~ 만 39세 이하,만 40세 이상",글로벌사업팀,027357357,,N
서대문구-서울시립대학교 창업지원센터 입주기업 모집,서울시립대학교 창업보육센터장,공공기관(public),입주공간(space),2026-08-03 00:00,2026-08-23 23:59,Y,예비창업자(preliminary) | 개인사업자(individual) | 법인(corporate),서울,,,7,,,,,,,,,단발(once),"서대문구-서울시립대학교 창업지원센터에서는디지털 정보화의 시대를 맞이하여
고부가가치 및 고용창출효과가 큰 벤처기업의 성장을 효율적으로 지원하고자 신규 입주기업을 다음과 같이 모집합니다.","예비창업자 및 창업 개시일로부터 7년 미만 기술창업기업
○ 우대 대상: 서대문구 거주자, 벤처기업, 여성창업자, 예비기술창업자(서울시립대 관련자)","- 금융 기관으로부터 불량거래자로 규제중인 자
- 폐수ㆍ소음ㆍ진동 등 공해가 발생되는 업종으로 타 입주자에게 피해를 끼칠 것으로 예상되는 자
- 휴ㆍ폐업 중인 자
- 기타 창업보육센터 입주 시 단순 영업행위 등 입주가 부적합하다고 인정하는 자",https://www.k-startup.go.kr/web/contents/bizpbanc-ongoing.do?schM=view&pbancSn=178697,kstartup,178697,2026-08-20 18:24,2026-08-21 20:53,30935720-dd8c-4b98-9144-9ec944e9d0be,서울,시설ㆍ공간ㆍ보육,"청소년,대학생,일반인,대학,연구기관,일반기업,1인 창조기업","예비창업자,1년미만,2년미만,3년미만,5년미만,7년미만","만 20세 미만,만 20세 이상 ~ 만 39세 이하,만 40세 이상",창업지원단,0232178713,,Y
'스타트업 SEO 마케팅 전략' 비대면 교육 모집,서울핀테크랩,공공기관(public),교육·멘토링(education),2026-07-27 00:00,2026-08-23 23:59,Y,예비창업자(preliminary) | 개인사업자(individual) | 법인(corporate),,,,10,,,,,,,,,단발(once),서울핀테크랩에서는 스타트업의 AI 시대 마케팅 경쟁력 강화를 실무 교육으로 「스타트업을 위한 SEO 마케팅 전략」교육을 운영합니다.,SEO 마케팅에 관심있는 스타트업 관계자 누구나,,https://www.k-startup.go.kr/web/contents/bizpbanc-ongoing.do?schM=view&pbancSn=178704,kstartup,178704,2026-08-20 18:24,2026-08-21 20:53,9273c0bc-9c7b-42fa-94b9-6a5c62054860,전국,멘토링ㆍ컨설팅ㆍ교육,"청소년,대학생,일반인,대학,연구기관,일반기업,1인 창조기업","예비창업자,1년미만,2년미만,3년미만,5년미만,7년미만,10년미만","만 20세 미만,만 20세 이상 ~ 만 39세 이하,만 40세 이상",서울핀테크랩,027860664,,N
"KAC 한국공항공사 창업 인큐베이팅 프로그램 참여자를 모집합니다.  - ""CRAFT YOUR RUNWAY!""",한국공항공사,민간(private),교육·멘토링(education),2026-08-06 00:00,2026-08-23 23:59,Y,예비창업자(preliminary) | 개인사업자(individual) | 법인(corporate),,,,10,,,,,,,,,단발(once),"2026년 한국공항공사 창업 인큐베이팅 프로그램 참여자 모집계획을 다음과 같이 공고하오니, 참여를 희망하는 예비창업자는 안내에 따라 신청하기 바랍니다.","항공산업과 연계된 아이디어를 가진 전업 예비창업자 15인
(모집분야: 공항건설분야, 공항운영분야, 항공관광분야 및 기타 — 항공산업 전 분야, 기타 분야도 지원 가능)",,https://www.k-startup.go.kr/web/contents/bizpbanc-ongoing.do?schM=view&pbancSn=178830,kstartup,178830,2026-08-20 18:24,2026-08-21 20:53,0413d31e-34b0-4360-a3ac-b86a2afd8384,전국,창업교육,"대학생,일반인,대학,연구기관,일반기업,1인 창조기업","예비창업자,1년미만,2년미만,3년미만,5년미만,7년미만,10년미만","만 20세 미만,만 20세 이상 ~ 만 39세 이하,만 40세 이상",혁신창업교육팀,0222682011,,N
예비 중장년 기업의 사업계획 기반의 생성형AI활용 및 바이브 코딩(초급)역량강화 교육(2차),성북구 중장년 기술창업센터,공공기관(public),입주공간(space),2026-08-10 00:00,2026-08-23 23:59,Y,예비창업자(preliminary),서울,,,0,,,,,,40,,,단발(once),"AI 기술 확산에 따라 아이디어를 빠르게 시각화하고 검증할 수 있는 환경이 조성되고 있음. 이에 따라 창업을 준비 중인 중장년 예비창업자를 대상으로, 생성형 AI를 활용하여 사업 아이디어를 고객 문제 중심으로 정리하고, 핵심 기능을 도출하여 사업계획을 이해하고 비즈니스에 AI를 활용한 실습형(바이브코딩) 교육을 운영합니다.",만 40세 이상의 중장년 예비창업자,결격사유(정부지원사업 결격사유)외 신청가능,https://www.k-startup.go.kr/web/contents/bizpbanc-ongoing.do?schM=view&pbancSn=178864,kstartup,178864,2026-08-20 18:24,2026-08-21 20:53,3b634472-c5e8-4ced-8d29-5acd98318d40,서울,시설ㆍ공간ㆍ보육,일반인,예비창업자,만 40세 이상,성북구 중장년 기술창업센터,029417257,,Y
구로구 청년창업지원센터_전문 창업교육생 모집 (하반기),구로구 청년창업지원센터,지자체(local),입주공간(space),2026-07-02 00:00,2026-08-24 23:59,Y,예비창업자(preliminary) | 개인사업자(individual) | 법인(corporate),서울,,,3,,,,,,20,39,,단발(once),"구로구 청년창업지원센터에서는 구로구 주민 대상으로 예비·초기창업가를 대상으로 다음과 같이 지원사업을 공고하오니, 자격요건을 확인하시어 신청하여 주시기 바랍니다.","1. 19~39세 청년 (예비)창업자 및 일반인
2. 구로구 거주 (필수)",,https://www.k-startup.go.kr/web/contents/bizpbanc-ongoing.do?schM=view&pbancSn=178389,kstartup,178389,2026-08-20 18:24,2026-08-21 20:53,e1b35caa-caa9-42b1-8144-167d48dd4fb0,서울,시설ㆍ공간ㆍ보육,"대학생,일반인,대학,연구기관,일반기업,1인 창조기업","예비창업자,1년미만,2년미만,3년미만",만 20세 이상 ~ 만 39세 이하,구로구 청년창업지원센터,0226259552,,Y
2026년 경기도「반려동물 창업공모전」참가자 모집,재)경기도경제과학진흥원,공공기관(public),사업화자금(funding),2026-07-08 00:00,2026-08-24 23:59,Y,예비창업자(preliminary) | 개인사업자(individual) | 법인(corporate),경기,,,3,,,,,,,,,단발(once),경기도 반려동물 창업공모전의 참가자 모집 계획을 다음과 같이 공고하오니 참가를 희망하는 창업팀은 안내에 따라 신청하기 바랍니다.,도내 사회적경제조직* 의 제품 및 기술을 활용한 반려동물산업 관련 기술·지식산업형 사업화 아이템 보유한 경기도 거주 예비창업자 및 도내 3년 이내 초기창업자,"◦「경기도 반려동물 창업공모전」수상자
◦「경기도 반려동물산업 스타트업 발굴 및 창업지원(구, 반려동물산업 창업지원)」사업 수혜자
◦  공고일 기준 최근 3년이내(23.7.6.~26.7.5) 동일 또는 유사한 아이템으로 정부(지자체 포함) 및 공공기관 창업공모전 또는
   창업경진대회를 통해 누적상금 2천만원을 초과하여 받은자(팀)",https://www.k-startup.go.kr/web/contents/bizpbanc-ongoing.do?schM=view&pbancSn=178464,kstartup,178464,2026-08-20 18:24,2026-08-21 20:53,55cca781-1233-4421-b945-51457baa410c,경기,사업화,"청소년,대학생,일반인,대학,연구기관,일반기업,1인 창조기업","예비창업자,3년미만","만 20세 미만,만 20세 이상 ~ 만 39세 이하,만 40세 이상",스타트업지원팀,03180397108,,N
[교육] 지역창업특화지원(여성특화 1인 창조기업 지원센터) '난 혼자 사업한다(1차)' 교육 참가자 모집,(사)한국여성벤처협회,민간(private),교육·멘토링(education),2026-07-15 00:00,2026-08-24 23:59,Y,예비창업자(preliminary) | 개인사업자(individual) | 법인(corporate),,,,10,,,,,,,,,단발(once),"분야별 창업 전문가의 교육을 통해 여성 1인 창조기업 지원센터 (예비)입주·졸업기업의 역량강화 및 전문성 함양 등 초기창업 기업의 성장기반 구축 도모
(여성벤처&스타트업의 효율과 성과를 높이는 AI Agent 기반 업무자동화 및 마케팅 전략 교육)","여성벤처 CEO, 스타트업, 예비창업자, 여성 1인창조 입주 및 졸업기업 등",,https://www.k-startup.go.kr/web/contents/bizpbanc-ongoing.do?schM=view&pbancSn=178505,kstartup,178505,2026-08-20 18:24,2026-08-21 20:53,8aa1fd07-714a-4300-95e5-7a63c5ef6e42,전국,창업교육,"청소년,대학생,일반인,대학,연구기관,일반기업,1인 창조기업","예비창업자,1년미만,2년미만,3년미만,5년미만,7년미만,10년미만","만 20세 미만,만 20세 이상 ~ 만 39세 이하,만 40세 이상",기업지원본부,0234407467,,N
2026년 세종 스타트업 원스톱 지원센터 아카데미 2차,(주) 렛츠,민간(private),교육·멘토링(education),2026-07-27 00:00,2026-08-24 23:59,Y,예비창업자(preliminary) | 개인사업자(individual) | 법인(corporate),세종,,,10,,,,,,,,,단발(once),2026년 세종 스타트업 원스톱 지원센터 아카데미 2차 모집을 다음과 같이 공고하오니 참가를 희망하는 창업기업은 안내에 따라 신청하기 바랍니다.,세종시 소재 (예비)창업기업,,https://www.k-startup.go.kr/web/contents/bizpbanc-ongoing.do?schM=view&pbancSn=178726,kstartup,178726,2026-08-20 18:24,2026-08-21 20:53,9ee4342a-180c-4b96-9386-4725e5ff424e,세종,창업교육,"일반인,일반기업,1인 창조기업","예비창업자,1년미만,2년미만,3년미만,5년미만,7년미만,10년미만","만 20세 미만,만 20세 이상 ~ 만 39세 이하,만 40세 이상",교육사업부,07051803750,,N
[서울과학기술대학교]SLA 3D프린터 장비교육,서울과학기술대학교,공공기관(public),교육·멘토링(education),2026-08-14 00:00,2026-08-24 23:59,Y,예비창업자(preliminary) | 개인사업자(individual) | 법인(corporate),,,,7,,,,,,,,,단발(once),SLA 3D프린터 장비교육에 관심있는 예비창업자분들께서는 많은 신청바랍니다.,예비창업자 및 7년 이내 초기창업자,,https://www.k-startup.go.kr/web/contents/bizpbanc-ongoing.do?schM=view&pbancSn=178754,kstartup,178754,2026-08-20 18:24,2026-08-21 20:53,19ada0dd-b53c-4f69-a3d9-7078f9337a8f,전국,창업교육,"청소년,대학생,일반인,대학,연구기관,일반기업,1인 창조기업","예비창업자,1년미만,2년미만,3년미만,5년미만,7년미만","만 20세 미만,만 20세 이상 ~ 만 39세 이하,만 40세 이상",창업지원단,0209709497,,N
2026 강원권 LIPS 민간운영사 연합 INVESTOR DAY 8월 참여기업 모집,(재)강원창조경제혁신센터,공공기관(public),경진대회·행사(contest),2026-08-04 00:00,2026-08-24 23:59,Y,예비창업자(preliminary) | 개인사업자(individual) | 법인(corporate),,,,10,,,,,,20,,,단발(once),"강원권 립스(LIPS) 민간 운영사 7개사 연합 INVESTOIR DAY를 운영하며, 참여기업을 모집합니다. 투자 및 LIPS 연계 검토를 희망하는 창업기업의 많은 관심과 참여 바랍니다.",투자검토 및 LIPS 연계를 희망하는 업력 1년 이상 창업기업,업력 1년 미만 창업기업,https://www.k-startup.go.kr/web/contents/bizpbanc-ongoing.do?schM=view&pbancSn=178762,kstartup,178762,2026-08-20 18:24,2026-08-21 20:53,221fba5c-464a-4113-aa11-fbff62684bbf,전국,행사ㆍ네트워크,"일반인,대학,연구기관,일반기업,1인 창조기업","2년미만,3년미만,5년미만,7년미만,10년미만","만 20세 이상 ~ 만 39세 이하,만 40세 이상",전략투자본부,0332487996,,N
2026 한국관광공사 관광기업지원센터 관광기업 역량강화 3차 교육,한국관광공사 관광기업지원센터(서울),공공기관(public),교육·멘토링(education),2026-07-31 00:00,2026-08-24 23:59,Y,예비창업자(preliminary) | 개인사업자(individual) | 법인(corporate),,,,10,,,,,,,,,단발(once),"관광기업의 역량강화를 위한 교육 참가계획을 다음과 같이 공고하오니, 참여를 희망하는 기업 및 임직원은 안내에 따라 신청하기 바랍니다.","관광 분야 스타트업 및 임직원, 예비 창업자 등",,https://www.k-startup.go.kr/web/contents/bizpbanc-ongoing.do?schM=view&pbancSn=178763,kstartup,178763,2026-08-20 18:24,2026-08-21 20:53,5d24f1a7-b29d-451a-9b3a-abf92f52f4c6,전국,멘토링ㆍ컨설팅ㆍ교육,"청소년,대학생,일반인,대학,연구기관,일반기업,1인 창조기업","예비창업자,1년미만,2년미만,3년미만,5년미만,7년미만,10년미만","만 20세 미만,만 20세 이상 ~ 만 39세 이하,만 40세 이상",투자,027299454,,N
2026년 구미시 스타트업 필드 3차 입주기업 모집 공고,구미전자정보기술원,공공기관(public),입주공간(space),2026-08-03 00:00,2026-08-24 23:59,Y,예비창업자(preliminary) | 개인사업자(individual) | 법인(corporate),,,,7,,,,,,,,,단발(once),구미시에서 우수 기술을 보유한 창업기업 발굴 및 육성하기 위해 조성한 스타트업 필드의 입주기업을 다음과 같이 모집 공고합니다.,"1. 예비창업 또는 창업 후 7년 이내 창업 기업
2. 사업장 주소 : 구미소재 기업 및 구미(본사)로 이전 계획 기업
- 선정 후 60일 이내 본사 소재 및 근로자(대표 포함) 70% 이전 필",공고문 참고,https://www.k-startup.go.kr/web/contents/bizpbanc-ongoing.do?schM=view&pbancSn=178772,kstartup,178772,2026-08-20 18:24,2026-08-21 20:53,53b0b519-127a-4165-aad5-ab1c2d12cc4a,전국,시설ㆍ공간ㆍ보육,"대학생,일반인,일반기업,1인 창조기업","예비창업자,1년미만,2년미만,3년미만,5년미만,7년미만","만 20세 미만,만 20세 이상 ~ 만 39세 이하,만 40세 이상",창업성장지원센터,05446470017002,,N
2026년 모두의 창업 글로벌 프로그램 주관기관 모집,중소벤처기업부,공공기관(public),수출·해외진출(export),2026-08-04 00:00,2026-08-24 23:59,Y,예비창업자(preliminary) | 개인사업자(individual) | 법인(corporate),,,,10,,,,,,,,,단발(once),해외AC와 연계하여 유학생 등 재외국민의 창업준비와 성장을 지원하는『모두의 창업 글로벌 프로그램』사업의 주관기관을 다음과 같이 모집공고합니다.,"창업기업 사업비 관리, 현지 AC와의 협력, 창업지원 프로그램 운영 등 창업기업 지원 역량 및 전문성을 보유한 기관  [공고문 참조]",공고문 참조,https://www.k-startup.go.kr/web/contents/bizpbanc-ongoing.do?schM=view&pbancSn=178779,kstartup,178779,2026-08-20 18:24,2026-08-21 20:53,f1164c79-a0b0-4218-96a6-a2cd9d41b40a,전국,글로벌,"청소년,대학생,일반인,대학,연구기관,일반기업,1인 창조기업","예비창업자,1년미만,2년미만,3년미만,5년미만,7년미만,10년미만","만 20세 미만,만 20세 이상 ~ 만 39세 이하,만 40세 이상",글로벌전략실,0444101886,,N
『2026 오픈웨이브 with 한진』참여기업 모집,재단법인 인천창조경제혁신센터,공공기관(public),사업화자금(funding),2026-08-04 00:00,2026-08-24 23:59,Y,개인사업자(individual) | 법인(corporate),,,,7,,,,,,,,,단발(once),인천창조경제혁신센터에서는 ㈜한진과 오픈이노베이션을 통해 스마트물류 분야 창업기업을 발굴하고 지원하기 위한 『2026 오픈웨이브 with 한진』에 참여할 기업을 발굴하오니 많은 관심과 참여 바랍니다.,"한진과 사업화할 수 있는 창업 7년 이내 기업

[모집분야]
1) 공정 자동화 : 택배/물류 터미널 내 하드웨어·소프트웨어 자동화 기술
2) 업무 효율화 : 단순 반복 업무, 데이터 분석 기반의 운영 프로세스 및 공급망 최적화
3) 미래 신산업 : 한진의 중장기 포트폴리오 다변화를 위한 신규 비즈니스 모델 및 지속 가능 기술 등",공고문 내 '모집 제외' 참조,https://www.k-startup.go.kr/web/contents/bizpbanc-ongoing.do?schM=view&pbancSn=178796,kstartup,178796,2026-08-20 18:24,2026-08-21 20:53,b180996f-3e4b-460c-8da2-e92fcaa0039b,전국,사업화,일반기업,7년미만,"만 20세 미만,만 20세 이상 ~ 만 39세 이하,만 40세 이상",글로벌 오픈이노베이션팀,0324585025,,N
2026 Startup for All Global(Silicon Valley) Program Public Announcement for Program Service Provider,KISED Silicon Valley Office,공공기관(public),수출·해외진출(export),2026-08-10 00:00,2026-08-24 23:59,Y,개인사업자(individual) | 법인(corporate),,,,10,,,,,,,,,단발(once),"We invite applications for the role of Program Service Provider for the ""2026 Startup for All Global (Silicon Valley) Program"", designed to provide acceleration support in the Silicon Valley region for startups of the program. We look forward to your interest and participation.","A company(Accelerator) capable of executing the project locally in Silicon Valley, USA 
- Task must be performed entirely (100%) on-site in Silicon Valley",,https://www.k-startup.go.kr/web/contents/bizpbanc-ongoing.do?schM=view&pbancSn=178848,kstartup,178848,2026-08-20 18:24,2026-08-21 20:53,5df33ab4-145d-48ab-973f-d91c23987b9d,전국,글로벌,"대학,일반기업","1년미만,2년미만,3년미만,5년미만,7년미만,10년미만","만 20세 미만,만 20세 이상 ~ 만 39세 이하,만 40세 이상",실리콘밸리사무소,14089080237,,N
2026 아트코리아랩 AI+기술융합 오픈이노베이션(2차) 참여기업 모집,예술경영지원센터,공공기관(public),사업화자금(funding),2026-08-11 00:00,2026-08-24 23:59,Y,개인사업자(individual) | 법인(corporate),,,,10,,,,,,,,,단발(once),"문화체육관광부와 (재)예술경영지원센터는 예술의 산업적 성장기반 마련을 위한 종합지원 플랫폼 <아트코리아랩(Arts Korea Lab)>에서 ‘AI+기술융합 오픈이노베이션(2차)’ 사업 참여 예술기업을 모집합니다. 
선도기업(파트너사)과의 협업을 통한 사업 확장과 신시장 진출을 희망하는 예술기업들의 많은 관심과 참여 바랍니다.","○ 공고일 기준 설립일로부터 업력 10년 이내 예술기업
○ 선도기업(파트너사)과의 협업을 통해 AI, 기술을 예술분야 적용한 POC 과제 수행, 이를 기반으로 사업화 및 판로 확장을 희망하는 예술기업","※ 선도기업(파트너사)에서 제시한 주제로 협업이 가능한 기업
※ 연 매출 100억원 이하 기업
※ 신청하고자 하는 선도기업(파트너사)와의 접점(해당파트너사로부터 투자유치, POC 경험, 공동프로젝트 운영 및 계약 수조 등)이 없는 기업
※ 본 지원사업 단독 수행 가능(컨소시엄 신청 불가)
※ 선도기업(파트너사) 복수 신청 불가",https://www.k-startup.go.kr/web/contents/bizpbanc-ongoing.do?schM=view&pbancSn=178881,kstartup,178881,2026-08-20 18:24,2026-08-21 20:53,3e00ffaf-ac33-4379-9ba0-e6f1af40ae05,전국,사업화,일반기업,10년미만,"만 20세 미만,만 20세 이상 ~ 만 39세 이하,만 40세 이상",예술기술사업화팀,0220982963,,N
2026년 강북창업지원센터 8월 창업교육 프로그램 참가자 모집,강북청년창업마루,공공기관(public),교육·멘토링(education),2026-08-13 00:00,2026-08-24 23:59,Y,예비창업자(preliminary) | 개인사업자(individual) | 법인(corporate),서울,,,10,,,,,,,,,단발(once),"강북청년창업마루 - 강북창업지원센터에서
8월 창업 교육 프로그램을 진행합니다.

관심있는 예비·초기 창업자 분들의 많은 관심과 참여 바랍니다.",수익모델 개선 및 투자 전략 수립에 관심 있는 예비·초기 창업자,없음,https://www.k-startup.go.kr/web/contents/bizpbanc-ongoing.do?schM=view&pbancSn=178904,kstartup,178904,2026-08-20 18:24,2026-08-21 20:53,3fcb2758-d368-42ee-bb46-bc4fd0ce9dda,서울,창업교육,"청소년,대학생,일반인,대학,연구기관,일반기업,1인 창조기업","예비창업자,1년미만,2년미만,3년미만,5년미만,7년미만,10년미만","만 20세 미만,만 20세 이상 ~ 만 39세 이하,만 40세 이상",강북청년창업마루,029088247,,N
(광주센터) 2026년 제7회 제대군인 창업 워크숍 개최 안내,국가보훈부,공공기관(public),교육·멘토링(education),2026-07-14 00:00,2026-08-25 23:59,Y,예비창업자(preliminary) | 개인사업자(individual) | 법인(corporate),전남광주,,,10,,,,,,20,,,단발(once),창업 준비에 필요한 다양한 정보를 창업 유형별 전문가의 현장 강의를 통해 통합 제공함으로써 창업 준비가 열악한 제대군인의 창업 추진 역량 강화를 위해 다음과 같이 안내하오니 참여를 희망하는 분께서는 안내에 따라 신청해 주시기 바랍니다.,"1. 5년 이상 중·장기복무 제대(예정) 군인
2. 의무복무 제대군인 중 전역 후 3년 이내의 취업맞춤특기병, 저소득·모범장병, 등급미달 경상이자",,https://www.k-startup.go.kr/web/contents/bizpbanc-ongoing.do?schM=view&pbancSn=178555,kstartup,178555,2026-08-20 18:24,2026-08-21 20:53,a3c06863-9878-45c8-86ea-6fcac1c807ea,전남광주,창업교육,"일반인,일반기업,1인 창조기업","예비창업자,1년미만,2년미만,3년미만,5년미만,7년미만,10년미만","만 20세 이상 ~ 만 39세 이하,만 40세 이상",제대군인일자리과,0442025732,,N
[숭실대학교 캠퍼스타운] 2026 석·박사급 실험실 창업스쿨(유형1) 참여자 모집,숭실대학교 캠퍼스타운사업단,공공기관(public),교육·멘토링(education),2026-07-24 00:00,2026-08-25 23:59,Y,예비창업자(preliminary) | 개인사업자(individual) | 법인(corporate),서울,,,10,,,,,,20,,,단발(once),"본 과정은 석·박사급 연구인력을 대상으로 딥테크·기술사업화 분야의 실제 창업 사례를 통해 연구성과가 사업으로 이어지는 과정을 배우고, 
창업에 대한 이해와 인사이트를 넓힐 수 있는 프로그램입니다.
많은 참여와 관심 부탁드립니다.","이공계(예비)석·박사급 연구인력, 기술사업화 분야 (예비)창업자·초기창업자",,https://www.k-startup.go.kr/web/contents/bizpbanc-ongoing.do?schM=view&pbancSn=178673,kstartup,178673,2026-08-20 18:24,2026-08-21 20:53,5f9f276a-0187-4195-9e7b-b105205deb33,서울,창업교육,"대학생,일반인,대학,연구기관,일반기업,1인 창조기업","예비창업자,1년미만,2년미만,3년미만,5년미만,7년미만,10년미만","만 20세 이상 ~ 만 39세 이하,만 40세 이상",창업지원단,028287487,,N
2026년 민간 산림복지 창업·성장 패키지 FOR:SEED [예비창업패키지] 2차 모집,한국산림복지진흥원,공공기관(public),교육·멘토링(education),2026-08-04 00:00,2026-08-25 23:59,Y,예비창업자(preliminary) | 개인사업자(individual) | 법인(corporate),,,,5,,,,,,,,,단발(once),2026년 민간 산림복지 창업·성장 패키지 FOR:SEED [예비창업패키지] 2차 모집 을 다음과 같이 공고하오니 참여 희망자는 안내에 따라 신청하기 바랍니다.,산림복지전문업 창업에 관심이 있는 예비창업자 또는 사업자등록 5년 미만 기업 중 산림복지전문업 미등록 기업,,https://www.k-startup.go.kr/web/contents/bizpbanc-ongoing.do?schM=view&pbancSn=178806,kstartup,178806,2026-08-20 18:24,2026-08-21 20:53,1cd283b1-93f2-4ca4-8368-9e4874da7a99,전국,멘토링ㆍ컨설팅ㆍ교육,"청소년,대학생,일반인,대학,연구기관,일반기업,1인 창조기업","예비창업자,1년미만,2년미만,3년미만,5년미만","만 20세 미만,만 20세 이상 ~ 만 39세 이하,만 40세 이상",민간성장지원본부 창업육성지원팀,07051803750,,N
2026년 대전 스타트업스쿨 스타트업 리딩클래스 (3회차 ㅣ ESG와 기후테크를 활용한 스타트업 투자유치 전략),대전창조경제혁신센터,공공기관(public),경진대회·행사(contest),2026-08-05 00:00,2026-08-25 23:59,Y,예비창업자(preliminary) | 개인사업자(individual) | 법인(corporate),,,,10,,,,,,,,,단발(once),"대전창조경제혁신센터가 대전 스타트업 협의체 ‘다이노소어(Daejeon INitiative Of Startup And entrepreneUR)’와 함께 스타트업 네트워킹 프로그램을 진행하오니, 관심 있는 창업가, 스타트업 임직원 등의 많은 관심과 참여 부탁드립니다.",스타트업 역량 강화에 관심이 있는 누구나,,https://www.k-startup.go.kr/web/contents/bizpbanc-ongoing.do?schM=view&pbancSn=178820,kstartup,178820,2026-08-20 18:24,2026-08-21 20:53,a80fe109-24ce-44a7-a05f-0f40a5cd81bd,전국,행사ㆍ네트워크,"청소년,대학생,일반인,대학,연구기관,일반기업,1인 창조기업","예비창업자,1년미만,2년미만,3년미만,5년미만,7년미만,10년미만","만 20세 미만,만 20세 이상 ~ 만 39세 이하,만 40세 이상",원스톱지원실,0423850636,,N
Request for Proposals (RFP) for the 2026 Startup for All Global (New York) Program,KISED,공공기관(public),수출·해외진출(export),2026-08-10 00:00,2026-08-25 23:59,Y,예비창업자(preliminary) | 개인사업자(individual) | 법인(corporate),,,,10,,,,,,,,,단발(once),"Established as a follow-up measure (January 2026) to the National Startup Era Strategy Meeting's goal of “creating an environment where anyone with an idea can pursue entrepreneurship.”

Announced the launch of the “Startup for All Global League” (May 2026) to support entrepreneurs pursuing global expansion.

Accordingly, we are opening a public solicitation (Request for Proposals) to select a qualified local accelerating agency to execute this program.","-  As this is an overseas bid, the bidding eligibility requirements under Article 12 (Eligibility to Participate in Competitive 
Bidding) of the Enforcement Decree of the Act on Contracts to Which the State Is a Party shall apply, by reference, to 
both domestic and local (U.S.) companies.
-  As this is an overseas bid, a bidder must not be a party restricted under Article 76 (Restriction on Bidding Qualification 
of Persons Committing Improp",,https://www.k-startup.go.kr/web/contents/bizpbanc-ongoing.do?schM=view&pbancSn=178847,kstartup,178847,2026-08-20 18:24,2026-08-21 20:53,24bfd1ec-6e6b-441d-a8c7-65abb43c7503,전국,글로벌,"청소년,대학생,일반인,대학,연구기관,일반기업,1인 창조기업","예비창업자,1년미만,2년미만,3년미만,5년미만,7년미만,10년미만","만 20세 미만,만 20세 이상 ~ 만 39세 이하,만 40세 이상",해외사무소,13322720524,,N
[모집] 2026년 청년 산림창업가 시너지캠프 참가자 모집,한국임업진흥원,공공기관(public),교육·멘토링(education),2026-08-10 00:00,2026-08-25 23:59,Y,예비창업자(preliminary) | 개인사업자(individual) | 법인(corporate),대전,,,7,,,,,,,39,,단발(once),산림분야 청년들의 창업 역량강화 및 신규시장 진입을 지원하기 위해 ‘2026년 청년 산림창업가 시너지캠프’를 개최합니다. 아래 내용을 확인하시고 관심 있는 청년들의 많은 지원 바랍니다.,✔ 모집인원 : 산림분야 청년 (예비·초기) 창업자 30명 (공고일 기준 만 19세 ~ 39세 이하),,https://www.k-startup.go.kr/web/contents/bizpbanc-ongoing.do?schM=view&pbancSn=178853,kstartup,178853,2026-08-20 18:24,2026-08-21 20:53,869ded20-251c-4314-8d0c-0768240b0ffa,대전,창업교육,"대학생,일반인,대학,연구기관,일반기업,1인 창조기업","예비창업자,1년미만,2년미만,3년미만,5년미만,7년미만","만 20세 미만,만 20세 이상 ~ 만 39세 이하",창업지원실,0423815132,,N
제3회 「S.Challenge IR」 AXˑDX 분야 창업기업 모집 공고,"서울지방중소벤처기업청, 서울창조경제혁신센터",공공기관(public),사업화자금(funding),2026-08-10 00:00,2026-08-25 23:59,Y,개인사업자(individual) | 법인(corporate),서울,,,3,,,,,,,,,단발(once),"서울지방중소벤처기업청과 서울창조경제혁신센터는 서울지역 특화 분야 사업을 영위하며 우수한 창업기업에 스케일업을 지원하고,
IR 데모데이를 통해 투자유치 기회를 제공하는 「S.Challenge IR｣ 에 참여할 창업기업을 다음과 같이 모집하오니 많은 관심과 지원 바랍니다.","AXˑDX(인공지능전환·디지털전환) 분야의 사업을 영위하고, 서울에 소재(본사 기준)한 창업 3년 이내 기업",,https://www.k-startup.go.kr/web/contents/bizpbanc-ongoing.do?schM=view&pbancSn=178861,kstartup,178861,2026-08-20 18:24,2026-08-21 20:53,e692834d-0391-482d-8020-3d066dccb67a,서울,사업화,일반기업,3년미만,"만 20세 미만,만 20세 이상 ~ 만 39세 이하,만 40세 이상",창업도약팀,027398170,,N
2026년 2기 서울 AI 허브 멤버십 기업 모집 안내,서울 AI 허브,공공기관(public),사업화자금(funding),2026-08-04 00:00,2026-08-25 23:59,Y,예비창업자(preliminary) | 개인사업자(individual) | 법인(corporate),서울,,,10,,,,,,,,,단발(once),서울시에서 설립하고 서울대학교 공학연구원이 운영하고 있는 「서울 AI 허브」에서는 사무공간 제공 및 성장 지원 사업을 통하여 기업이 스케일업할 수 있도록 인공지능 분야 산업 우수기업을 모집합니다. 서울 AI 허브와 함께 성장할 기업분들의 많은 관심과 신청 바랍니다.,"□ 신청자격 ※ 아래 두 가지 모두 해당할 경우 신청 가능
  1) 인공지능 기반 우수 기술 및 서비스를 보유하거나 사업 모델을 계획 및 진행중인 스타트업 및 예비창업자
  2) 서울시 소재 스타트업(본사ㆍ지사ㆍ연구소 또는 그 밖에 사업장 등록)
    *예비창업자의 경우 향후 서울시 소재로 사업자 설립 및 등록을 희망하는 자","① 「중소기업창업지원법 시행령」 제 4조 각 항에 해당하는 창업기업
② 금융기관 등으로부터 채무불이행으로 규제중인 개인, 기업
③ 국세 혹은 지방세를 체납중인 개인, 기업
④ 서울시 또는 자치구(서울시 소재)의 창업 공간 입주 지원 사업을 수혜중인 개인, 기
※ 단, 입주계약체결일 이전에 사업 수혜기간이 종료되거나 사업을 중도포기한 자는 신청 가능
⑤ 신청일 현재 휴업 또는 폐업인 개인, 기업
⑥ 서울시 창업지원시설에서 문제가 있어 퇴거조치된 기업
⑦ 과거 본 시설에서 창업공간 지원사업에 선정되어 입주공간 지원을 받은 개인, 기업
⑧ 기타 규정 상 규제사항의 위배 등으로 입주가 적정하지 아니하다고 판단되는 개인, 기업
⑨ 개인신용정보상 채무불이행자 또는 신용도 판단정보 등 이상이 있는 자
⑩ 신용보증기관 신용보증사고 및 대위변제 관계자에 해당되는 개인, 기업
⑪ 소음·진동·폐수·악취 등의 공해를 유발하는 기업 또는 업종
⑫ 기타 서울시장이 참여제한의 사유가 있다고 인정하는 자
⑬ 서울 AI 허브 입주 이력이 있는 중도퇴거 및 만기 졸업 기업
⑬ 공고일 기준 사업개시일이 아래 일자 이전에 법인을 설립한 기업
-  ‘18년 1월 이전 법인 설립 기업(사업 개시일로부터 9년이 지난 기업)
※ 이 밖에 다른 사유로 서울시 창업지원시설 지원에 문제가 있다고 판단되는 기업",https://www.k-startup.go.kr/web/contents/bizpbanc-ongoing.do?schM=view&pbancSn=178879,kstartup,178879,2026-08-20 18:24,2026-08-21 20:53,2470eae1-fc72-416b-9265-b53f4a708624,서울,사업화,"청소년,대학생,일반인,대학,연구기관,일반기업,1인 창조기업","예비창업자,1년미만,2년미만,3년미만,5년미만,7년미만,10년미만","만 20세 미만,만 20세 이상 ~ 만 39세 이하,만 40세 이상",사업운영팀,0221356814,,N
2026년 위치정보 보호조치 교육,(주)아이전스,민간(private),교육·멘토링(education),2026-08-13 00:00,2026-08-25 23:59,Y,예비창업자(preliminary) | 개인사업자(individual) | 법인(corporate),,,,10,,,,,,,,,단발(once),"방송미디어통신위원회와 한국인터넷진흥원이 추진하는 「2026년 위치정보 보호조치 교육」을 안내드립니다.

위치정보 활용 과정에서 법적 의무나 보호조치 이행 기준 등이 막연하게 느껴졌다면, 이번 교육을 통해 사업 운영에 필요한 기본 사항을 점검해보시기 바랍니다.","위치정보사업자, 위치기반서비스사업자 및 예비사업자 등 위치정보와 관련된 일을 하시는 모든 분들",,https://www.k-startup.go.kr/web/contents/bizpbanc-ongoing.do?schM=view&pbancSn=178901,kstartup,178901,2026-08-20 18:24,2026-08-21 20:53,a2541da2-4041-4656-b76c-b262dd59ce27,전국,멘토링ㆍ컨설팅ㆍ교육,"청소년,대학생,일반인,대학,연구기관,일반기업,1인 창조기업","예비창업자,1년미만,2년미만,3년미만,5년미만,7년미만,10년미만","만 20세 미만,만 20세 이상 ~ 만 39세 이하,만 40세 이상",시스템 개발부,15220667,,N
크라우드펀딩 플랫폼 등록 희망 여성창업자를 위한 2026 여성창업자 사업화지원금 경진대회,고양여성인력개발센터,민간(private),사업화자금(funding),2026-08-14 00:00,2026-08-25 23:59,Y,예비창업자(preliminary) | 개인사업자(individual) | 법인(corporate),,,,10,,,,,,,,,단발(once),여성 예비창업자 및 여성창업자의 시제품을 크라우드펀딩 플랫폼 '와디즈'에 개설하여 초기 시제품 제작 자금을 확보하고 시제품의 홍보 및 시장검증을 할 수 있는 기회를 제공하기 위해 아래와 같이 경진대회 참가자를 모집합니다.,"-리워드형 크라우드펀딩에 적합한 시제품을 보유한 예비 여성창업자 및 여성창업자
※ 판매 이력이 있는 제품은 제한, 새로 출시하는 제품만 가능
※ 기 수상 경력 있는 아이템 제외",,https://www.k-startup.go.kr/web/contents/bizpbanc-ongoing.do?schM=view&pbancSn=178926,kstartup,178926,2026-08-20 18:24,2026-08-21 20:53,f901dc98-4a6a-48b5-bb86-4d73c7abee92,전국,사업화,"대학생,일반인,일반기업,1인 창조기업","예비창업자,1년미만,2년미만,3년미만,5년미만,7년미만,10년미만","만 20세 미만,만 20세 이상 ~ 만 39세 이하,만 40세 이상",고양여성새로일하기센터,0319128677,,N
"[무료 웨비나] 해외 VC가 바라보는 시장, 창업가 그리고 글로벌 성장",TBC,민간(private),교육·멘토링(education),2026-08-15 00:00,2026-08-25 23:59,Y,예비창업자(preliminary) | 개인사업자(individual) | 법인(corporate),,,,10,,,,,,,,,단발(once),"글로벌 시장 진출을 준비하는 창업가를 대상으로 해외 VC의 투자 관점과 크로스보더 성장 전략을 공유하는 웨비나를 다음과 같이 진행하오니, 관심 있는 창업가들의 많은 참여 바랍니다.","글로벌 진출 및 해외 투자유치에 관심 있는 창업가, 스타트업 및 관련 업계 종사자",,https://www.k-startup.go.kr/web/contents/bizpbanc-ongoing.do?schM=view&pbancSn=178929,kstartup,178929,2026-08-20 18:24,2026-08-21 20:53,2ed9fbd8-a922-441b-8a27-68eae1cdcc0a,전국,창업교육,"청소년,대학생,일반인,대학,연구기관,일반기업,1인 창조기업","예비창업자,1년미만,2년미만,3년미만,5년미만,7년미만,10년미만","만 20세 미만,만 20세 이상 ~ 만 39세 이하,만 40세 이상",사업,07077617627,,N
[제64차] 2026년 대구스타트업 리더스포럼 IR피칭 참여기업 모집,(재)대구창조경제혁신센터 대표이사,공공기관(public),경진대회·행사(contest),2026-06-23 00:00,2026-08-26 23:59,Y,예비창업자(preliminary) | 개인사업자(individual) | 법인(corporate),,,,7,,,,,,,,,단발(once),"[제64차] 2026년 대구스타트업 리더스포럼 IR피칭 참여기업 모집

(재)대구창조경제혁신센터는 스타트업의 투자유치 및 지역 투자 생태계 조성을 위한 대구스타트업 리더스포럼을 운영하고 다음과 같이 IR 피칭에 참여할 기업을 모집하오니, 관심 있는 스타트업의 많은 참여 부탁드립니다.","전국 만 7년 이내 창업기업(개인, 법인)","1. 타인의 아이디어 및 기술을 도용하거나 제출 서류가 허위 작성된 경우
2. 필수 제출서류를 제출하지 않은 경우
3. 금융기관 등으로부터 채무불이행으로 규제중인 자(기업)
4. 국세 또는 지방세 체납으로 규제중인 자(기업)
5. 신청일 현재 휴업 중인 자(기업)
6. 중소기업창업지원법 시행령 제4조의 업종을 영위하고 있거나 또는 영위하고자 하는 자(기업)",https://www.k-startup.go.kr/web/contents/bizpbanc-ongoing.do?schM=view&pbancSn=178283,kstartup,178283,2026-08-20 18:24,2026-08-21 20:53,29d6948a-e649-4d66-8107-1258dca52d8d,전국,행사ㆍ네트워크,"청소년,대학생,일반인,대학,연구기관,일반기업,1인 창조기업",7년미만,"만 20세 미만,만 20세 이상 ~ 만 39세 이하,만 40세 이상",경영투자실 투자운용팀,0533593669,,Y
"2026년 재창업 활성화 유공포상 공고(재창업기업, 재창업 지원 부문)",중소벤처기업부 장관,공공기관(public),경진대회·행사(contest),2026-07-27 00:00,2026-08-26 23:59,Y,예비창업자(preliminary) | 개인사업자(individual) | 법인(corporate),,,,7,,,,,,,,,단발(once),『2026년 재창업 활성화 유공포상』을 다음과 같이 공고하오니 많은 관심과 참여 바랍니다.,"1. 재창업기업 부문: 재창업 활성화 및 국가 경제에 기여한 공로가 있는 재창업기업 대표(공고일 기준 업력 7년 이내)
2. 재창업 지원 부문: 재창업 활성화(재창업자 발굴 · 지원, 연구, 정책개발, 투자 등) 및 분위기 조성에 기여한 공적이 있는 재창업 지원기관 소속 임직원  및 재창업 활성화에 기여한 자",,https://www.k-startup.go.kr/web/contents/bizpbanc-ongoing.do?schM=view&pbancSn=178506,kstartup,178506,2026-08-20 18:24,2026-08-21 20:53,52d47076-052f-4231-bd52-e9b268e9e9d2,전국,행사ㆍ네트워크,"청소년,대학생,일반인,대학,연구기관,일반기업,1인 창조기업","예비창업자,1년미만,2년미만,3년미만,5년미만,7년미만","만 20세 미만,만 20세 이상 ~ 만 39세 이하,만 40세 이상",예비재도전실,0444101983,,N
2026 신용보증기금 「혁신아이콘」제16기 모집 공고,신용보증기금,공공기관(public),융자(loan),2026-08-03 00:00,2026-08-26 23:59,Y,개인사업자(individual) | 법인(corporate),,,,10,,,,,,,,,단발(once),"신용보증기금은 혁신 생태계 활력 제고를 위해 성장 유망한 혁신기업을 발굴·지원하는 「혁신아이콘 지원 프로그램」대상기업 공모를 시행하오니, 

                                                                                                                                              관심 있는 기업의 적극적인 참여를 부탁드립니다.","2026년 8월 4일 현재 아래 요건을 모두 충족하는 기업
- 업력 : 공개모집 개시일 현재 업력 2년 이상 12년 이하
- 대상분야 : 신성장동력산업, 유망서비스업 등 해당분야 사업영위(※세부사항은 공고문 참조)
- 기업규모 : ① 2025년(연간) 또는 최근 1년간 매출액이 10억원 이상이고 최근 2개년 연평균 매출증가율 20% 이상 또는
② 기관투자자의 누적투자금액 50억원 이상",공고문 참조,https://www.k-startup.go.kr/web/contents/bizpbanc-ongoing.do?schM=view&pbancSn=178687,kstartup,178687,2026-08-20 18:24,2026-08-21 20:53,7cc3ee61-1739-4ded-91da-bd4cde186dbb,전국,정책자금,일반기업,"3년미만,5년미만,7년미만,10년미만","만 20세 미만,만 20세 이상 ~ 만 39세 이하,만 40세 이상",스케일업금융센터,027104675,,N
2026년 서울시 소셜벤처 임팩트 측정 사업설명회(2차) 참가신청 모집(~8.26.),서울소셜벤처허브,공공기관(public),경진대회·행사(contest),2026-07-28 00:00,2026-08-26 23:59,Y,예비창업자(preliminary) | 개인사업자(individual) | 법인(corporate),서울,,,10,,,,,,20,,,단발(once),서울소셜벤처허브에서는 서울시 소셜벤처기업이 창출하는 지속가능한 임팩트 측정과 보고서 지원을 통해 경쟁력과 임팩트를 강화하기 위해서 아래와 같이 참여기업을 모집하오니 관심 있는 전문가의 많은 참여 바랍니다.,"서울시 소셜벤처기업, 소셜벤처 희망기업 ※ 선착순 30명(대면교육)",,https://www.k-startup.go.kr/web/contents/bizpbanc-ongoing.do?schM=view&pbancSn=178702,kstartup,178702,2026-08-20 18:24,2026-08-21 20:53,2b7b964b-32a3-4104-9f75-33ec218d686e,서울,행사ㆍ네트워크,"일반기업,1인 창조기업","예비창업자,1년미만,2년미만,3년미만,5년미만,7년미만,10년미만","만 20세 이상 ~ 만 39세 이하,만 40세 이상",사회적가치측정지원,0221381693,,N
"[동대문구 창업지원센터] 8월 메이커스페이스(레이저커터, 3D프린팅) 교육 일정",동대문구 창업지원센터,공공기관(public),입주공간(space),2026-08-03 00:00,2026-08-26 23:59,Y,예비창업자(preliminary) | 개인사업자(individual) | 법인(corporate),,,,10,,,,,,,,,단발(once),"동대문구 창업지원센터에서는 센터 입주기업과 일반인을 대상으로 3D프린터, 레이저커터 교육을 진행합니다",3D프린터 또는 레이저커터에 관심있는 누구나,,https://www.k-startup.go.kr/web/contents/bizpbanc-ongoing.do?schM=view&pbancSn=178774,kstartup,178774,2026-08-20 18:24,2026-08-21 20:53,0196328d-7a7b-42f7-b29a-6769ef4269f9,전국,시설ㆍ공간ㆍ보육,"청소년,대학생,일반인,대학,연구기관,일반기업,1인 창조기업","예비창업자,1년미만,2년미만,3년미만,5년미만,7년미만,10년미만","만 20세 미만,만 20세 이상 ~ 만 39세 이하,만 40세 이상",동대문구 창업지원센터,0233949163,,Y
「민관협력 오픈이노베이션 지원」2026년 '성과기업 후속 지원' 창업기업 모집 수정공고,중소벤처기업부장관,공공기관(public),경진대회·행사(contest),2026-08-06 00:00,2026-08-26 23:59,Y,예비창업자(preliminary) | 개인사업자(individual) | 법인(corporate),,,,10,,,,,,20,,,단발(once),중소벤처기업부 오픈이노베이션 지원사업에 참여한 우수 창업기업과 수요기업 간 시장검증(PoV) 등 후속 협업을 지원하는 '성과기업 후속 지원'사업에 참여할 창업기업을 다음과 같이 모집합니다.,"아래 ①, ② 요건을 모두 충족하는 창업기업
① 모집공고문 내 신청자격에 해당하는 7년 이내 창업기업
 * 신산업 분야에 해당하는 창업기업은 10년 이내 창업기업
② 성과 우수형 또는 후속 협업형 중 1개 이상에 해당하는 기업","상세 내용은 공고문 내 '신청 제외 대상', '신청 시 유의사항' 확인",https://www.k-startup.go.kr/web/contents/bizpbanc-ongoing.do?schM=view&pbancSn=178821,kstartup,178821,2026-08-20 18:24,2026-08-21 20:53,73b08f09-861e-42b6-81c5-20a47c85701e,전국,행사ㆍ네트워크,"청소년,대학생,일반인,대학,연구기관,일반기업,1인 창조기업","1년미만,2년미만,3년미만,5년미만,7년미만,10년미만","만 20세 이상 ~ 만 39세 이하,만 40세 이상",민관협력실,1357,,Y
[서초창업스테이션] 8월 전문 분야 컨설팅 - 스타트업 정책자금 및 자금조달 전략 & 투자유치를 위한 IR·사업계획 고도화,서초창업스테이션,민간(private),입주공간(space),2026-08-06 00:00,2026-08-26 23:59,Y,예비창업자(preliminary) | 개인사업자(individual) | 법인(corporate),,,,7,,,,,,,,,단발(once),서초창업스테이션에서는 8월 전문 분야 컨설팅 참여자를 모집 중에 있습니다. 관심있으신 분들의 많은 참여 바랍니다.,컨설팅 참여를 희망하는 (예비)창업자,,https://www.k-startup.go.kr/web/contents/bizpbanc-ongoing.do?schM=view&pbancSn=178825,kstartup,178825,2026-08-20 18:24,2026-08-21 20:53,0cb70a3d-d781-4efa-82e3-3e7f488ead72,전국,시설ㆍ공간ㆍ보육,"일반인,대학,연구기관,일반기업,1인 창조기업","예비창업자,1년미만,2년미만,3년미만,5년미만,7년미만","만 20세 미만,만 20세 이상 ~ 만 39세 이하,만 40세 이상",서초창업스테이션,07041855492,,Y
2026 창업경진대회(IMPACT ON 강북 : 아이디어와 투자로 만드는 강북의 창업 무대) 참가자 모집,강북청년창업마루,공공기관(public),경진대회·행사(contest),2026-08-11 00:00,2026-08-26 23:59,Y,예비창업자(preliminary) | 개인사업자(individual) | 법인(corporate),서울,,,3,,,,,,,39,,단발(once),"강북청년창업마루 - 강북창업지원센터에서
2026 창업경진대회(IMPACT ON 강북 : 아이디어와 투자로 만드는 강북의 창업 무대) 참가자를 모집합니다.

예비·초기 창업자 분들의 많은 관심과 참여 바랍니다.",서울시 강북구 거주민 또는 생활권을 둔 청년 또는 강북청년창업마루 입주기업,,https://www.k-startup.go.kr/web/contents/bizpbanc-ongoing.do?schM=view&pbancSn=178884,kstartup,178884,2026-08-20 18:24,2026-08-21 20:53,665a86e4-927e-4c0f-b441-28ef7a84eccb,서울,행사ㆍ네트워크,"대학생,일반인,대학,연구기관,일반기업,1인 창조기업","예비창업자,1년미만,2년미만,3년미만","만 20세 미만,만 20세 이상 ~ 만 39세 이하",강북청년창업마루,029088246,,N
2026년 경기 스타트업 아카데미 「창업기초 및 투자유치 과정(하반기)」 교육생 모집 공고,경기도경제과학진흥원,공공기관(public),교육·멘토링(education),2026-08-12 00:00,2026-08-26 23:59,Y,예비창업자(preliminary) | 개인사업자(individual) | 법인(corporate),경기,,,7,,,,,,,,,단발(once),"경기도 내 예비·초기 창업자를 대상으로 창업 준비부터 실무 역량 강화까지 창업의 단계별 필수 역량을 체계적으로 지원하여 창업 성공 가능성을 높이고, 실무 중심의 맞춤형 교육과 전문가 멘토링을 통해 혁신적이고 지속 가능한 스타트업을 육성하기 위한 「창업기초 및 투자유치 과정(하반기)」 참여자를 다음과 같이 모집합니다.","도내 예비·초기창업자, 창업기업 재직자, 대학(원)생, 유관기관 등",,https://www.k-startup.go.kr/web/contents/bizpbanc-ongoing.do?schM=view&pbancSn=178886,kstartup,178886,2026-08-20 18:24,2026-08-21 20:53,8a8799ce-bbda-4b9f-a2b1-832261125bfb,경기,멘토링ㆍ컨설팅ㆍ교육,"청소년,대학생,일반인,대학,연구기관,일반기업,1인 창조기업","예비창업자,7년미만","만 20세 미만,만 20세 이상 ~ 만 39세 이하,만 40세 이상",스타트업지원팀,03180397107,,Y
2026년 웰컴 투 팁스 2차 참가기업 모집 (대경권),(주)로우파트너스,민간(private),경진대회·행사(contest),2026-08-12 00:00,2026-08-26 23:59,Y,개인사업자(individual) | 법인(corporate),,,,3,,,,,,20,,,단발(once),"대경권 소재의 유망한 기술 기반 초기 창업기업을 발굴하여, 팁스(TIPS) 사업 연계 등 사업 성장을 지원하는 『2026년 웰컴 투 팁스』프로그램의 참가기업을 아래와 같이 공고합니다.","대경권(대구·경북) 소재 창업 후 2년 3개월 미만 기업
※ 신청가능 창업(설립)일 기준 : ’24.5.1 ∼","사업연도를 불문하고 프리 팁스, 팁스 R&D 및 팁스 연계 사업 (창업사업화·해외마케팅)에 선정되어 협약을 체결한 이력이 있는 창업기업(대표자 포함)은 신청 불가",https://www.k-startup.go.kr/web/contents/bizpbanc-ongoing.do?schM=view&pbancSn=178893,kstartup,178893,2026-08-20 18:24,2026-08-21 20:53,42f8a4ab-3f25-4b73-a4e7-fcf30e0a988f,전국,행사ㆍ네트워크,"일반기업,1인 창조기업",3년미만,"만 20세 이상 ~ 만 39세 이하,만 40세 이상",프리팁스 투자육성부,0428629583,,N
도봉구 중소기업창업보육센터 신규 입주기업 모집 공고,도봉구청,지자체(local),입주공간(space),2026-08-13 00:00,2026-08-26 23:59,Y,예비창업자(preliminary) | 개인사업자(individual) | 법인(corporate),,,,7,,,,,,,,,단발(once),경영자금 및 사무공간 확보에 어려움을 겪는 중소기업 창업자를 지원하고자 도봉구 중소기업창업보육센터 신규 입주기업을 다음과 같이 모집하니 입주를 희망하는 기업의 많은 신청 바랍니다.,"[1센터] 공고일 기준 설립 7년 미만의 중소기업 창업자(사업자등록 必)
[2센터] 예비 창업자 및 설립 7년 미만의 중소기업 창업자","① 중소기업창업지원법 시행령 제4조(창업에서 제외되는 업종)에 해당되는 자
② 악취, 폐수, 소음, 진동 등 공해 발생 업체
③ 금융기관으로부터 불량거래자로 규제 중이거나 국세·지방세를 체납 중인 자
④ 휴·폐업 중인 자
⑤ 국가 또는 타 지자체, 공공/민간기관에서 사무공간 지원을 받고 있는 자
(※ 입주 개시일 이전에 사업수혜 기간이 종료되었거나 중도 포기한 기업은 신청 가능)
⑥ 도봉구 창업보육센터에 입주한 경험이 있는 자
(※ 상시근로자, 업종 등을 변경하여 다시 입주 신청을 한 자 포함)",https://www.k-startup.go.kr/web/contents/bizpbanc-ongoing.do?schM=view&pbancSn=178898,kstartup,178898,2026-08-20 18:24,2026-08-21 20:53,a4a63d4b-c99e-4700-8465-fcee7fdabf46,전국,시설ㆍ공간ㆍ보육,"청소년,대학생,일반인,대학,연구기관,일반기업,1인 창조기업","예비창업자,1년미만,2년미만,3년미만,5년미만,7년미만","만 20세 미만,만 20세 이상 ~ 만 39세 이하,만 40세 이상",지역경제,0220912897,,Y
Startup OI Tokyo #Physical AI,재단법인 은행권청년창업재단,민간(private),교육·멘토링(education),2026-08-03 00:00,2026-08-26 23:59,Y,개인사업자(individual) | 법인(corporate),,,,10,,,,,,,,,단발(once),"디캠프는 일본 Fujitsu의 오픈이노베이션 거점인 Fujitsu Uvance Innovation Studio와 함께 Physical AI 분야의 사업 협력 및 일본 시장 진출 기회를 발굴하는 오픈이노베이션 프로그램을 운영합니다.

본 프로그램은 Fujitsu 실무진과의 기술 검토 및 비즈니스 미팅을 통해 실제 PoC와 사업 협력 가능성을 검토하는 프로그램으로, 로보틱스, 엣지 AI·센서, 시뮬레이션, 휴머노이드, 로봇 통신 및 데이터 등 Physical AI 전반에서 공동 솔루션 및 신규 사업 기회를 모색합니다.","아래 지원 요건 중 3개 이상을 충족하는 스타트업이라면 지원 가능합니다.

● Seed ~ Series B 단계 기업
● PoC 경험 또는 상용화 가능한 기술을 보유한 기업
● AI·로보틱스 분야 핵심 기술을 보유한 기업
● 일본어 발표가 가능하거나 준비 의지가 있는 팀
● 2026년 10월 일본 현지 프로그램 참석이 가능한 팀

※ 일본 사업 경험은 필수 사항이 아닙니다.
※ 사업소개서는 영문 또는 일본어로 제출 필수입니다.",,https://www.k-startup.go.kr/web/contents/bizpbanc-ongoing.do?schM=view&pbancSn=178899,kstartup,178899,2026-08-20 18:24,2026-08-21 20:53,7d60fa1b-771f-4f88-a627-fffa26310290,전국,멘토링ㆍ컨설팅ㆍ교육,일반기업,"1년미만,2년미만,3년미만,5년미만,7년미만,10년미만","만 20세 미만,만 20세 이상 ~ 만 39세 이하,만 40세 이상",디캠프 글로벌사업팀,0220301125,,N
2026년 경기 스타트업 아카데미 이오스튜디오(EO) 김태용 대표의 글로벌 마케팅 특강,경기도경제과학진흥원,공공기관(public),교육·멘토링(education),2026-08-13 00:00,2026-08-26 23:59,Y,예비창업자(preliminary) | 개인사업자(individual) | 법인(corporate),경기,,,10,,,,,,,,,단발(once),"경기도경제과학진흥원에서는 도내 (예비)창업자 및 창업기업의 시장진입·성장 역량 강화를 위해 「2026 경기 스타트업아 카데미 이오스튜디오(EO) 김태용 대의 글로벌 마케팅 특강」을 개최하오니, 관심 있는 분들의 많은 참여 바랍니다.","예비창업자, 창업기업 대표 및 임직원, 대학(원)생 등",,https://www.k-startup.go.kr/web/contents/bizpbanc-ongoing.do?schM=view&pbancSn=178903,kstartup,178903,2026-08-20 18:24,2026-08-21 20:53,2687d623-c8ca-45c1-a630-2834d488f869,경기,멘토링ㆍ컨설팅ㆍ교육,"청소년,대학생,일반인,대학,연구기관,일반기업,1인 창조기업","예비창업자,1년미만,2년미만,3년미만,5년미만,7년미만,10년미만","만 20세 미만,만 20세 이상 ~ 만 39세 이하,만 40세 이상",스타트업지원팀,03180397107,,Y
모두의 창업 설명회와 함께하는 '200% 경쟁력 있는 사업계획서 작성법' - DDM 제8차 벤처스타트업 아카데미,DDM청년창업센터 유니콘,지자체(local),교육·멘토링(education),2026-08-13 00:00,2026-08-26 23:59,Y,예비창업자(preliminary) | 개인사업자(individual) | 법인(corporate),,,,10,,,,,,,,,단발(once),"'200% 경쟁력 있는 사업계획서 작성법'을 주제로 제8차 DDM 벤처스타트업 아카데미를 진행합니다.

아카데미 이후에는 모두의 창업 설명회 및 모두의창업 1:1 상담부스를 운영 예정이오니
관심있는 분들의 많은 참여 부탁드립니다.",창업에 관심이 있는 누구나,,https://www.k-startup.go.kr/web/contents/bizpbanc-ongoing.do?schM=view&pbancSn=178905,kstartup,178905,2026-08-20 18:24,2026-08-21 20:53,2cbc3520-aa82-4e62-915c-cf508b0fe1bb,전국,멘토링ㆍ컨설팅ㆍ교육,"청소년,대학생,일반인,대학,연구기관,일반기업,1인 창조기업","예비창업자,1년미만,2년미만,3년미만,5년미만,7년미만,10년미만","만 20세 미만,만 20세 이상 ~ 만 39세 이하,만 40세 이상",DDM 청년창업센터 유니콘,0222125878,,N
2026 대한민국 발명특허대전 출품 신청(~8.26),한국발명진흥회,공공기관(public),수출·해외진출(export),2026-07-08 00:00,2026-08-26 23:59,Y,예비창업자(preliminary) | 개인사업자(individual) | 법인(corporate),,,,10,,,,,,20,,,단발(once),"2026 대한민국 발명특허대전 출품 안내 드립니다.
우수 발명품 및 특허 기술을 널리 알리고, 대통령상과 국무총리상을 비롯한 수상의 기회까지 만나볼 수 있는 좋은 기회입니다. 
전시 기간 중 라이브커머스와 IR 피칭, 지식재산을 활용한 다양한 사업화 지원 컨설팅도 준비되어 있습니다. 
예비창업자와 스타트업의 많은  신청 바랍니다!","내국인으로서 특허, 실용신안을 출원 또는 등록한 권리자(1권리자당 발명품 3점 이내)","*국내 발명품전시회 및 유사 대회에 입상한 발명(정부기관 주최에 한함)
*기타 자세한 사항은 상세 공고문을 참고해주시기 바랍니다.",https://www.k-startup.go.kr/web/contents/bizpbanc-ongoing.do?schM=view&pbancSn=178921,kstartup,178921,2026-08-20 18:24,2026-08-21 20:53,44f6ecf8-4519-4167-80cb-09e7ac51488f,전국,판로ㆍ해외진출,"일반인,대학,연구기관,일반기업,1인 창조기업","예비창업자,1년미만,2년미만,3년미만,5년미만,7년미만,10년미만","만 20세 이상 ~ 만 39세 이하,만 40세 이상",발명진흥실,0234592845,,N
2026 U-Global Connect x Fincnatieri 참여기업 모집,(재)울산창조경제혁신센터,공공기관(public),수출·해외진출(export),2026-08-12 00:00,2026-08-26 23:59,Y,예비창업자(preliminary) | 개인사업자(individual) | 법인(corporate),,,,10,,,,,,,,,단발(once),울산창조경제혁신센터에서는 이탈리아 최대 조선·해양 그룹 핀칸티에리(Fincantieri)와 협력하여 국내 스타트업의 글로벌 시장 진출 기회를 지원하기 위해 「2026 U-Global Connect × Fincantieri」 프로그램 참여기업을 다음과 같이 모집하오니 관심 있는 스타트업의 많은 참여 바랍니다.,조선·해양 산업 분야 기술을 보유한 국내 스타트업,"• 「중소기업창업 지원법 시행령」 제4조에 따른 창업 제외 업종을 영위하는 기업 (※ 일반유흥주점업, 무도유흥주점업, 기타 사행시설 관리 및 운영업 등) 
• 국세 또는 지방세를 체납 중인 기업 
• 정부, 지방자치단체 또는 공공기관의 지원사업 참여 제한 등 제재를 받고 있는 기업 
• 신청서 및 제출서류의 내용이 허위이거나 제출 서류를 위·변조한 기업 
• 타인의 기술, 특허 또는 지식재산권을 침해하거나 모방한 사업아이템으로 신청한 기업 
• 금융기관을 통한 계좌 개설이 불가능하거나 금융거래에 중대한 제약이 있는 기업 
• 기타 운영기관이 본 사업의 목적 및 운영 취지에 부적합하다고 판단하는 기업",https://www.k-startup.go.kr/web/contents/bizpbanc-ongoing.do?schM=view&pbancSn=178923,kstartup,178923,2026-08-20 18:24,2026-08-21 20:53,c96641c5-cc47-47df-933b-c03a63360051,전국,글로벌,일반기업,"예비창업자,1년미만,2년미만,3년미만,5년미만,7년미만,10년미만","만 20세 미만,만 20세 이상 ~ 만 39세 이하,만 40세 이상",글로벌전략팀,0522303408,,N
[창업] 경험을 디자인하는 기획자 양성 과정,마포청년창업취업지원센터 나루,공공기관(public),교육·멘토링(education),2026-08-14 00:00,2026-08-26 23:59,Y,예비창업자(preliminary) | 개인사업자(individual) | 법인(corporate),,,,3,,,,,,20,39,,단발(once),"[창업] 경험을 디자인하는 기획자 양성 과정 창업교육을 진행하오니, 많은 관심과 지원 부탁드립니다.",예비 및 초기 청년(만 19세~39세) 창업자,,https://www.k-startup.go.kr/web/contents/bizpbanc-ongoing.do?schM=view&pbancSn=178928,kstartup,178928,2026-08-20 18:24,2026-08-21 20:53,fbed9fb8-b5ca-4980-8ea9-29691977bd9f,전국,창업교육,"대학생,일반인,대학,연구기관,일반기업,1인 창조기업","예비창업자,1년미만,2년미만,3년미만",만 20세 이상 ~ 만 39세 이하,취창업지원,0262611939,,N
2026년 서울시 기후테크 온라인 기획전 실무교육,서울기후테크산업지원센터장,공공기관(public),교육·멘토링(education),2026-08-18 00:00,2026-08-26 23:59,Y,예비창업자(preliminary) | 개인사업자(individual) | 법인(corporate),서울,,,10,,,,,,20,,,단발(once),"안녕하십니까. 국가녹색기술연구소 서울기후테크산업지원센터입니다.
다음과 같이 2026년 서울시 기후테크 온라인 기획전 실무교육에 대해 안내드리오니 참여할 의향이 있으신 분은
첨부한 포스터 내 구글폼(QR)을 제출하여 신청 부탁드리겠습니다.",서울시에 주소지를 둔 기후테크 기업 및 예비창업자,,https://www.k-startup.go.kr/web/contents/bizpbanc-ongoing.do?schM=view&pbancSn=178933,kstartup,178933,2026-08-20 18:24,2026-08-21 20:53,83bc0b66-3838-42bb-9221-c7e5728eb46d,서울,멘토링ㆍ컨설팅ㆍ교육,일반기업,"예비창업자,1년미만,2년미만,3년미만,5년미만,7년미만,10년미만","만 20세 이상 ~ 만 39세 이하,만 40세 이상",서울기후테크산업지원센터,0262610884,,N
창업 초보를 위한 창업 A-Z 교육,하우그로우 원격평생교육원,공공기관(public),교육·멘토링(education),2026-07-28 00:00,2026-08-27 23:59,Y,예비창업자(preliminary) | 개인사업자(individual) | 법인(corporate),,,,10,,,,,,,,,단발(once),"하우그로우 원격평생교육원에서는 8월 창업 교육에 참여할 참여자를 모집 중에 있으니 많은 신청 바랍니다.
참여를 원하시는 분은 첨부드린 링크의 구글폼을 제출하여 신청 부탁드리겠습니다.","(예비)창업자, 기창업자, 교육 수강 희망자","- 국세 또는 지방세 체납으로 규제중인 자
- 공고일 기준 금융기관 등으로부터 채무불이행으로 규제중인 자
- 중소기업 창업지원법 시행령 제4조*의 창업 제외 업종 해당자
* 일반유흥주점업, 무도유흥주점업, 기타 사행시설 관리 및 운영업 등에 준하는 업종",https://www.k-startup.go.kr/web/contents/bizpbanc-ongoing.do?schM=view&pbancSn=178710,kstartup,178710,2026-08-20 18:24,2026-08-21 20:53,3f877ce3-d027-4e51-8cb8-606e7847d1b4,전국,멘토링ㆍ컨설팅ㆍ교육,"일반인,일반기업,1인 창조기업","예비창업자,1년미만,2년미만,3년미만,5년미만,7년미만,10년미만","만 20세 미만,만 20세 이상 ~ 만 39세 이하,만 40세 이상",원격평생교육원,0269521291,,N
2026년 「차세대 반도체 패키징 산업전 시스템반도체 OSAT 전문교육(세미나)」 개최,한국나노기술원,공공기관(public),경진대회·행사(contest),2026-07-30 00:00,2026-08-27 23:59,Y,예비창업자(preliminary) | 개인사업자(individual) | 법인(corporate),,,,10,,,,,,,,,단발(once),"2026년  「차세대 반도체 패키징 산업전 시스템반도체 OSAT 전문교육(세미나)」를 개최하오니 많은 관심과 신청 바랍니다.

※ 신청방법 : 
① 포스터 내 QR 코드 스캔
② 포스터 내 링크주소 접속",교육(세미나) 참여 희망자,,https://www.k-startup.go.kr/web/contents/bizpbanc-ongoing.do?schM=view&pbancSn=178736,kstartup,178736,2026-08-20 18:24,2026-08-21 20:53,498ec554-392d-4d31-a50b-20f87ce7e5a6,전국,행사ㆍ네트워크,"청소년,대학생,일반인,대학,연구기관,일반기업,1인 창조기업","예비창업자,1년미만,2년미만,3년미만,5년미만,7년미만,10년미만","만 20세 미만,만 20세 이상 ~ 만 39세 이하,만 40세 이상",대외협력처,0315466530,,N
2026년 블록체인 기업성장허브 입주기업 모집,한국인터넷진흥원,공공기관(public),입주공간(space),2026-07-30 00:00,2026-08-27 23:59,Y,예비창업자(preliminary) | 개인사업자(individual) | 법인(corporate),,,,10,,,,,,,,,단발(once),블록체인 기업성장허브에 입주할 역량 있는 블록체인 기업을 모집합니다,업력 10년 이내 블록체인 중소기업 또는 예비벤처확인서 보유자,공고문 참고,https://www.k-startup.go.kr/web/contents/bizpbanc-ongoing.do?schM=view&pbancSn=178780,kstartup,178780,2026-08-20 18:24,2026-08-21 20:53,bed28ba7-2d95-4924-88d7-bd88eaa6bf71,전국,시설ㆍ공간ㆍ보육,"일반기업,1인 창조기업","예비창업자,10년미만","만 20세 미만,만 20세 이상 ~ 만 39세 이하,만 40세 이상",블록체인AI확산팀,0618203943,,N
인뎁스 네트워킹(In-depth Networking) 2회차 모집 공고,경기창조경제혁신센터,공공기관(public),교육·멘토링(education),2026-08-07 00:00,2026-08-27 23:59,Y,예비창업자(preliminary) | 개인사업자(individual) | 법인(corporate),경기,,,10,,,,,,20,,,단발(once),기술·시장·경영 전반의 핵심 현안 진단 및 1:1 맞춤형 솔루션을 제공하는 본 컨설팅에 참여를 희망하는 예비창업자 및 유망 혁신기업은 안내사항에 따라 신청하시기 바랍니다.,"기술 사업화, 투자유치 등 관련 전문분야에 컨설팅이 필요한 예비창업자 및 유망 혁신기업",,https://www.k-startup.go.kr/web/contents/bizpbanc-ongoing.do?schM=view&pbancSn=178827,kstartup,178827,2026-08-20 18:24,2026-08-21 20:53,65eccbd6-0cc0-424e-a144-82e4c18b37b3,경기,멘토링ㆍ컨설팅ㆍ교육,"일반기업,1인 창조기업","예비창업자,1년미만,2년미만,3년미만,5년미만,7년미만,10년미만","만 20세 이상 ~ 만 39세 이하,만 40세 이상",경기북부브릿지팀,0317809057,,N
2026년  강동 K-ISS멘토링센터 3차 교육 및 튜토링 과정 '﻿AI 디지털 마케팅 이해와 스킬업',주식회사 이노시아,민간(private),교육·멘토링(education),2026-08-10 00:00,2026-08-27 23:59,Y,예비창업자(preliminary) | 개인사업자(individual) | 법인(corporate),,,,7,,,,,,,,,단발(once),"AI 시대, 창업자의 마케팅 전략도 달라져야 합니다.
AI 도구를 활용한 콘텐츠 제작부터 랜딩 페이지와 전환율 최적화,유튜브.숏폼, 이메일 마케팅 자동화, 소셜 미디어 타깃 광고까지 AI 활용 능력이 마케팅 성과를 결정합니다. 
본 과정에서 창업자는 직접 고객을 찾고 검증하고 전환시키는 AI 마케팅의 전체 흐름을 이해할 수 있습니다.
고객을 찾는 것부터 마케팅과 판매를 고민하는 창업자라면 제품-> 고객-> 마케팅-> 전환-> 데이터-> 성장의 전체 흐름을 따라가 보세요.",창업자 예비창업자,,https://www.k-startup.go.kr/web/contents/bizpbanc-ongoing.do?schM=view&pbancSn=178851,kstartup,178851,2026-08-20 18:24,2026-08-21 20:53,3f66b8c6-d172-4a12-b2df-7c7e6e1b18b0,전국,멘토링ㆍ컨설팅ㆍ교육,"청소년,대학생,일반인,대학,연구기관,일반기업,1인 창조기업","예비창업자,7년미만","만 20세 미만,만 20세 이상 ~ 만 39세 이하,만 40세 이상",운영팀,0260720522,,N
모두의 창업 프로젝트 2기 AI 솔루션 공급기업 모집공고,창업진흥원장,공공기관(public),사업화자금(funding),2026-08-13 00:00,2026-08-27 23:59,Y,예비창업자(preliminary) | 개인사업자(individual) | 법인(corporate),,,,10,,,,,,,,,단발(once),"중소벤처기업부는 국민의 아이디어에 국가가 투자하는 창업 오디션, 「모두의 창업」프로젝트의 일환으로 창업자의 창업 모델과 기술 고도화를 지원하기 위해 범용 AI 솔루션을 보유한 벤처·스타트업을 다음과 같이 모집합니다.",범용 AI 솔루션(SaaS) 보유 스타트업(10년 이내)·벤처기업 (세부사항은 공고문 참조),"① 금융기관 등으로부터 채무불이행으로 규제 중인 자(기업)

② 국세 또는 지방세 체납 중인 자(기업)

③ 창업진흥원으로부터 발생한 환수금등의 반환이 종결되지 않은 자(기업)

④ 「중소기업창업 지원법 시행령」 제4조(창업에서 제외되는 업종)의 업종을 영위하고 있거나 영위하고자 하는 자(기업) ([붙임 3] 지원 제외 대상 업종 참조)

⑤ 중소벤처기업부 창업지원사업에 참여 제한으로 제재 중인 자

⑥ 신청일 기준 동 사업에 신청하는 사업자가 휴‧폐업 중인 자(기업)

⑦ 「근로기준법」에 따라 고용노동부가 공개하는 체불사업주 명단에 포함된 자(기업)

⑧ 「보조금 관리에 관한 법률」 제31조의2(보조사업 수행 배제 등)에 따라 수행대상에서 배제된 자(기업)

⑨  기타 중소벤처기업부 장관이 참여를 제한할 정당한 사유가 있다고 인정하는 자(기업)

⑩  현재 서비스를 개발 중이거나, 상용화된 AI 솔루션을 보유하지 못한 자(기업)

⑪ 자체 개발된 AI 솔루션이 아닌 단순 연동으로 구축된 AI 솔루션을 제공하는 자(기업)

⑫ AI 보안 서약서 등 관련 제출을 하지 않는 자(기업)

⑬ 모두의 창업에 소속된 멘토, 멘토기관의 소속 임직원 등 이해관계로 판단되는",https://www.k-startup.go.kr/web/contents/bizpbanc-ongoing.do?schM=view&pbancSn=178856,kstartup,178856,2026-08-20 18:24,2026-08-21 20:53,ab0f763b-280f-45ae-b1ae-277c39549f8d,전국,사업화,"청소년,대학생,일반인,대학,연구기관,일반기업,1인 창조기업",10년미만,"만 20세 미만,만 20세 이상 ~ 만 39세 이하,만 40세 이상",창업확산실,0444101785,,N
2026년 제4차 국립공주대학교 창업보육센터 입주기업 모집 공고,국립공주대학교 산학협력단,공공기관(public),입주공간(space),2026-08-13 00:00,2026-08-27 23:59,Y,예비창업자(preliminary),충남,,,7,,,,,,,,,단발(once),"국립공주대학교 산학협력단(창업보육센터)에서는 기술집약형 중소기업의 창업 촉진을 위하여 우수한 기술력을 바탕으로 도전적이고 창의적인 입주기업을 모집하오니, 입주를 희망하시는 분들의 많은 지원 바랍니다.","[ 예비창업자]
￭ 잠재력 높은 기술의 개발 단계에 있는 창업 준비자
￭ 기술적 아이디어를 바탕으로 구체적 사업화 목적이 있는 자
￭ 입주 후 3개월 이내 창업(사업자등록)이 가능한 자

[기창업자]
￭ 기술집약형 업종의 창업 기업으로 공고일 기준 업력 7년 이내의 기업
￭ 입주 확정 시 3개월 이내 본점 소재지 이전이 가능한 기업
※ 기업부설연구소 입주 가능(자격요건 관련 상세 내용 확인 필수)

[공통]
- 대학과의 산학협력을 통한 성장 가능성이 높은 예비창업자 또는 기업
- 창업보육센터 입주 확정 기업은 주사업장(본점)이 입주하여야 함
- 산학협력 공동연구 사업을 위한 기업부설연구소 입주 가능
※ 단, 연구소 입주 시 본사가 정부나 지자체에서 지원하는 공간에 입주하지 않아야 함
- 우대사항: 국립공주대학교 학생·교원창업자 / 지역주력산업 및 전･후방산업 분야* 등
* 충남 주력산업: (주축산업) 디스플레이부품장비, 탄소저감자동차부품, 고기능성그린바이오
(미래신산업) 수소연료전지 및 발전, 반도체첨단패키징","- 기업부설연구소 입주시 본사가 정부나 지자체 지원 공간에 입주한 경우
- 금융기관으로부터 채무불이행 및 국세·지방세 체납으로 규제 중인 자 또는 기업
- 폐수, 소음, 진동 등 공해 다발업종 영위 자
- 기타 운영위원회에서 부적당하다고 인정하는 자",https://www.k-startup.go.kr/web/contents/bizpbanc-ongoing.do?schM=view&pbancSn=178897,kstartup,178897,2026-08-20 18:24,2026-08-21 20:53,b1c31b8b-5b4d-4b24-aeb4-86906a0a8b20,충남,시설ㆍ공간ㆍ보육,"대학생,일반인","예비창업자,7년미만","만 20세 미만,만 20세 이상 ~ 만 39세 이하,만 40세 이상",창업보육센터,0415219108,,Y
(인도) 2026_GLOBAL BUSINESS ROAD TO 인도 시장진출지원 프로그램 참여기업 모집(~8/27),벤처기업협회,민간(private),수출·해외진출(export),2026-08-13 00:00,2026-08-27 23:59,Y,예비창업자(preliminary) | 개인사업자(individual) | 법인(corporate),,,,10,,,,,,,,,단발(once),벤처기업협회는 국내 벤처기업의 인도 시장 진출과 현지 판로개척을 지원하기 위해 「2026 INKE 인도 시장진출 지원 프로그램」 참가기업을 모집하오니 많은 관심과 신청 바랍니다.,"인도 시장 진출을 희망하는 벤처기업협회 정회원사 중 다음 요건을 충족하는 국내 벤처기업

인도 현지 수요와 연계 가능한 제품·서비스를 보유한 기업
영문 회사소개서 및 제품소개서 제출이 가능한 기업
현지 상담을 위한 제품 샘플 등 사전 준비가 가능한 기업
모집 분야: 일반 소비재, 화학제품, 산업기계, 자동차부품, ICT, 전기·전자, 기계·금속, 자동화·로봇 등

※ 지원규모: 5개사 내외","벤처기업협회 정회원사 요건을 충족하지 않는 기업
신청서 및 필수 제출서류를 허위로 작성하거나 누락한 기업
영문 회사·제품소개서 등 현지 바이어 매칭에 필요한 자료를 제출하기 어려운 기업
현지 프로그램 일정에 정상적으로 참여하기 어려운 기업
기타 사업 목적 및 모집 요건에 부합하지 않는 기업",https://www.k-startup.go.kr/web/contents/bizpbanc-ongoing.do?schM=view&pbancSn=178906,kstartup,178906,2026-08-20 18:24,2026-08-21 20:53,30c025e5-b902-4640-9d05-cdc8c8c6a607,전국,글로벌,"청소년,대학생,일반인,대학,연구기관,일반기업,1인 창조기업","예비창업자,1년미만,2년미만,3년미만,5년미만,7년미만,10년미만","만 20세 미만,만 20세 이상 ~ 만 39세 이하,만 40세 이상",글로벌지원팀,0263317081,,N
웹서밋(Web Summit 2026) 참여기업 모집,서울경제진흥원,공공기관(public),수출·해외진출(export),2026-08-13 00:00,2026-08-27 23:59,Y,개인사업자(individual) | 법인(corporate),서울,,,5,,,,,,,,,단발(once),웹서밋(Web Summit 2026) 참여기업 모집을 다음과 같이 공고하오니 서울 소재 유망 기업의 많은 관심과 신청 부탁드립니다.,"* 모집분야: AI/머신러닝, B2B SaaS, 핀테크, 헬스케어 등
① 본사가 서울에 소재하거나, 법인등기부등본에 서울 지점이 등록된 기업 ※ 단, 종된사업장만 서울에 소재한 경우 제외함
② 웹서밋 참가일(ʼ26.11.9.) 기준 설립 6년 미만의 기업
③ 자체적인 소프트웨어 제품이나 솔루션을 보유하고 있거나, 연결형 하드웨어 기기를 개발 중인 기업
④ 자회사가 아닌 독립 기업
⑤ 활성화된 공식 웹사이트를 보유하고 있으며, .eps 형식의 로고 파일 제출이 가능한 기업
⑥ 영어로 원활한 업무 소통이 가능한 담당자가 1인 이상 참여할 수 있는 기업
⑦ 11. 9.(월) ~ 12.(목) 기간 중 현지 프로그램에 1인 이상 참여가 가능한 기업","① 금융기관 등으로부터 채무불이행으로 규제 중인 자(기업)
② 국세 또는 지방세 체납으로 규제 중인 자(기업)
③ 중소기업창업 지원법 시행령 제4조(창업에서 제외되는 업종)의 업종을 영위하고자 하는 자(기업)
④ 공고 마감일 기준 휴업 중인 기업
⑤ 2026 웹서밋 전시 참가 등록을 완료한 기업
⑥ 상장 기업 또는 근로자 수 150인 이상의 기업
⑦ 컨설팅 업체, 마케팅 및 광고 대행사",https://www.k-startup.go.kr/web/contents/bizpbanc-ongoing.do?schM=view&pbancSn=178916,kstartup,178916,2026-08-20 18:24,2026-08-21 20:53,c5ae8abe-31af-427e-b0a3-27d386b975b4,서울,글로벌,일반기업,5년미만,"만 20세 미만,만 20세 이상 ~ 만 39세 이하,만 40세 이상",스케일업1팀,0221152018,,N
로컬 브랜드 창업자 육성과정 교육 및 플리마켓 참가자 모집,주식회사 초블레스,민간(private),교육·멘토링(education),2026-08-14 00:00,2026-08-27 23:59,Y,예비창업자(preliminary) | 개인사업자(individual) | 법인(corporate),경북,,,10,,,,,,,,,단발(once),"영덕 로컬브랜드 창출사업, 로컬 브랜드 창업자 육성과정 사전교육(7회)·플리마켓(12회) 참가자를 모집합니다. 개발비·IR자료 제작비를 지원하며, 신청마감은 8월 27일입니다.","영덕군 내 상인·창업가, 교육 종료 전까지 영덕군으로 사업장 이전이 가능한 사업자, 사업자등록이 가능한 예비창업자이며, F&B·푸드트럭 참여 희망자도 신청 가능합니다.",,https://www.k-startup.go.kr/web/contents/bizpbanc-ongoing.do?schM=view&pbancSn=178925,kstartup,178925,2026-08-20 18:24,2026-08-21 20:53,2a1ff651-be23-495f-a8a9-38841e8b36a7,경북,창업교육,"청소년,대학생,일반인,대학,연구기관,일반기업,1인 창조기업","예비창업자,1년미만,2년미만,3년미만,5년미만,7년미만,10년미만","만 20세 미만,만 20세 이상 ~ 만 39세 이하,만 40세 이상",커뮤니케이션&대외협력,07079546477,,N
2026년 벤처나라제품 발굴 및 추천 지원 공고,국가물산업클러스터,공공기관(public),수출·해외진출(export),2026-06-24 00:00,2026-08-28 23:59,Y,예비창업자(preliminary) | 개인사업자(individual) | 법인(corporate),,,,10,,,,,,,,,단발(once),한국환경공단은 기술력이 우수한 물산업분야 벤처·창업기업의 공공 조달시장 진입 촉진 및 공공구매판로를 확대하기 위하여 조달청에서 운영하는 '벤처나라'의 상품지정 및 등록 지원을 위한 '벤처나라제품' 추천 지원계획을 공고하오니 희망하는 기업의 많은 참여 부탁드립니다.,물산업분야 벤처 또는 창업기업이 직접 생산하거나 국내 제조기업과 주문자상표부착생산(OEM) 방식으로 생산하는 물품 또는 서비스,"벤처나라 등록 물품·서비스 지정관리 규정 제 6조에 의한 신청제외대상은 지정신청 불가

1. 휴·폐업, 부도, 파산 또는 부정당업자 제재 중인 업체
2. 중소기업기본법 제2조 제1항에 따른 중소기업에 해당하지 않거나 중소기업 제품 구매촉진 및 판로지원에 관한 법률 제8조의2 제1항에 해당하는 업체
3. 단가계약 또는 카탈로그계약을 체결하여 나라장터 종합쇼핑몰 또는 디지털서비스몰에 등록한 물품 및 서비스와 동일한 물품식별번호 상품
4. 음·식료품류, 동·식물류, 농·수산물류, 무기·총포·화약류와 그 구성품, 유류 및 의약품(농약), 소비재 완성품이 아닌 반제품 등 제6조에 명시한 사유
5. 지정취소 후 6개월 이내에 벤처나라제품으로 재신청된 경우",https://www.k-startup.go.kr/web/contents/bizpbanc-ongoing.do?schM=view&pbancSn=178284,kstartup,178284,2026-08-20 18:24,2026-08-21 20:53,e483f6ba-e848-42d1-8118-492dc06ce234,전국,판로ㆍ해외진출,일반기업,"예비창업자,1년미만,2년미만,3년미만,5년미만,7년미만,10년미만","만 20세 미만,만 20세 이상 ~ 만 39세 이하,만 40세 이상",인재창업육성부,0536016145,,N
2026년 투자유치를 위한 역량강화지원 참여기업 모집공고,달구벌여성인력개발센터,민간(private),교육·멘토링(education),2026-07-10 00:00,2026-08-28 23:59,Y,예비창업자(preliminary) | 개인사업자(individual) | 법인(corporate),대구,,,10,,,,,,,,,단발(once),"달구벌여성인력개발센터에서는 대구지역 내 여성기업을 대상으로 실질적인 투자유치 기회를 제공함으로써 투자유치 성공률 제고 및 자금애로 해소지원을 위한 참여기업을 아래와 같이 모집하오니, 지역 내 여성창업자들의 많은 관심과 참여 부탁드립니다.",지역 내 법인창업 여성기업(업력무관),,https://www.k-startup.go.kr/web/contents/bizpbanc-ongoing.do?schM=view&pbancSn=178526,kstartup,178526,2026-08-20 18:24,2026-08-21 20:53,3d067f25-c851-4700-8db3-cd1ec62efacd,대구,멘토링ㆍ컨설팅ㆍ교육,"대학생,일반인,일반기업,1인 창조기업","1년미만,2년미만,3년미만,5년미만,7년미만,10년미만","만 20세 미만,만 20세 이상 ~ 만 39세 이하,만 40세 이상",창업지원팀,0532851331,,N
2026 하반기 MARU 배치 스타트업 모집,재단법인 아산나눔재단,민간(private),입주공간(space),2026-08-04 00:00,2026-08-28 23:59,Y,예비창업자(preliminary) | 개인사업자(individual) | 법인(corporate),,,,10,,,,,,,,,단발(once),아산나눔재단 기업가정신 플랫폼 MARU의 2026년 하반기 MARU 배치 스타트업 모집을 아래와 같이 공고합니다.,"마루 공간, 성장 프로그램, 커뮤니티를 적극적으로 활용하여 성장할 수 있는 국내 스타트업 (최대 12인실 제공)
대표 포함 핵심인력(C레벨)이 마루에 상주하며 실제 출근해야 함
해외법인의 경우 국내 자회사가 있고, 국내에서 실질적 운영이 이루어져야 함
마루를 주 사무공간으로 사용해야 함 (타 사무실과 병행 사용 시 사전 협의 필요)",,https://www.k-startup.go.kr/web/contents/bizpbanc-ongoing.do?schM=view&pbancSn=178676,kstartup,178676,2026-08-20 18:24,2026-08-21 20:53,954125e5-b797-4c4e-b6b1-b90958478513,전국,시설ㆍ공간ㆍ보육,"일반인,일반기업","1년미만,2년미만,3년미만,5년미만,7년미만,10년미만","만 20세 미만,만 20세 이상 ~ 만 39세 이하,만 40세 이상",스타트업팀,0234531367,,N
2026년 2차 28청춘창업소 신규 입주기업 모집,고양산업진흥원,공공기관(public),입주공간(space),2026-07-27 00:00,2026-08-28 23:59,Y,예비창업자(preliminary) | 개인사업자(individual) | 법인(corporate),,,,3,,,,,,20,39,,단발(once),28청춘창업소는 고양특례시 대표 청년창업공간입니다. 고양산업진흥원이 운영하는 고양시 대표 청년 창업공간인 28청춘창업소에서「2026년 2차 28청춘창업소 신규 입주기업」신청자를 아래와 같이 모집하오니 관심 있는 고양시 청년 창업가들의 많은 참여 바랍니다.,"- 공고일 기준 대표자 기준 39세 이하(1986.7.27.이후 출생)인 (예비)창업자
※ 공동 대표일 경우 신청서 내 기재된 대표자 모두 신청 대상에 해당해야 함
- 기창업자의 경우, 사업자등록일이 공고일로부터 3년 이내(2023. 7. 27. 이후)이며, 입주일로부터 2개월 이내 본사 사업장 소재지를 28청춘창업소로 이전 가능한 자
- 예비창업자의 경우, 입주일로부터 3개월 이내에 28청춘창업소(고양시 덕양구 화중로104번길 33) 내 사업자등록이 가능한 자
※ 본 건물은 가설건축물로 인허가 업종은 사업자등록이 제한될 수 있음","- 중소기업창업 지원법 시행령(4조)에 따른 제외 업종
- 국세 또는 지방세 미납 중인 자
- 심사위원회에서 부적당하다고 인정하는 자
- 공고일 기준, 고양시 창업 지원 유관기관 및 관내 대학 창업시설* 입주기업
* 동국대 BMC창업보육센터, 항공대 창업보육센터 등 고양시 창업지원협의체 참여기관",https://www.k-startup.go.kr/web/contents/bizpbanc-ongoing.do?schM=view&pbancSn=178686,kstartup,178686,2026-08-20 18:24,2026-08-21 20:53,a3fa087b-a1e5-4a99-aa6a-d80898066df9,전국,시설ㆍ공간ㆍ보육,"대학생,일반인,일반기업","예비창업자,1년미만,2년미만,3년미만",만 20세 이상 ~ 만 39세 이하,넥스트창업팀,0319687062,,Y
2026년 이천시 청년창업지원센터 입주기업 모집,청강문화산업대학교 산학협력단,공공기관(public),입주공간(space),2026-08-03 00:00,2026-08-28 23:59,Y,예비창업자(preliminary) | 개인사업자(individual) | 법인(corporate),,,,3,,,,,,20,,,단발(once),"청강문화산업대학교 에서 위탁 운영중인 「이천시 청년창업지원센터」에서 혁신적인 기술과 아이디어를 보유한 (예비)창업자를 모집 합니다.
많은 관심과 참여 부탁 드립니다.","■ 19세∼39세 이하 청년 창업자 또는 예비창업자
⦁예비창업자의 경우 입주 후 3개월 이내 사업자등록이 가능한 자
⦁기존창업자의 경우 공고일 기준 사업자등록 3년 미만인 자
※ 입주 직후 본 센터를 본점 주소지로 하여 사업자등록(예비창업자) 또는 사업자등록증 주소지 이전을 완료하여야 함","⦁지원제외업종: 금융 및 보험업, 부동산업, 숙박, 음식점업, 무도장, 스키장, 갬블링, 베팅업, 유흥접객영업(주점 등), 프랜차이즈업 등 지원이 부적합하다고 자체 판단 시
 ⦁국세 또는 지방세 체납자 
   (단, 분납 등을 통해 체납세금을 유예하고 있거나 현재 납부하고 있는 경우 가능) 
 ⦁신청서 및 사업계획서를 허위로 기재한 자 
 ⦁성년후견인(금치산자) 및 한정 성년후견인(한정치산자)
 ⦁기타 자체 심사위원회에서 지원 제외함이 타당하다고 인정하는 자",https://www.k-startup.go.kr/web/contents/bizpbanc-ongoing.do?schM=view&pbancSn=178768,kstartup,178768,2026-08-20 18:24,2026-08-21 20:53,9ce6082f-a3c2-4882-b3ba-8f1b1b030f3a,전국,시설ㆍ공간ㆍ보육,"대학생,일반인,대학,연구기관,일반기업,1인 창조기업","예비창업자,1년미만,2년미만,3년미만","만 20세 이상 ~ 만 39세 이하,만 40세 이상",이천시 청년창업지원센터,0316316394,,N
2026 경제계 주도 대국민 창업·육성 프로젝트 「더하기 창업」 참가팀 모집,머스트액셀러레이터,민간(private),사업화자금(funding),2026-08-10 00:00,2026-08-28 23:59,Y,예비창업자(preliminary) | 개인사업자(individual) | 법인(corporate),,,,10,,,,,,,,,단발(once),"한국경제인협회(FKI)가 창립 65주년을 맞아 추진하는 「2026 경제계 주도 대국민 창업·육성 프로 젝트 - 더하기 창업」 참가팀을 모집합니다.

예비창업자와 초기창업기업을 대상으로 총 100개 팀을 선발하여, 12주간 성장단계별 액셀러레이팅과 한국경제인협회 회원사 연계를 지원할 예정입니다.

관심 있으신 창업자 여러분의 많은 신청을 부탁드립니다.","한국경제인협회(FKI) 회원사와의 협업 및 사업 연계를 희망하는 예비창업자 또는 창업기업

- 트랙1 : 예비창업자 (아이디어 단계 포함)
- 트랙2 : 초기창업기업 (업력 7년 미만) 
※ 신산업 분야의 경우 업력 10년 이내 창업기업 지원 가능
     (신산업 분야: AI, 반도체, 바이오·헬스케어, 디지털헬스, 로봇, 첨단제조, 기후·에너지, 콘텐츠테크 등 분야 스타트업)",,https://www.k-startup.go.kr/web/contents/bizpbanc-ongoing.do?schM=view&pbancSn=178788,kstartup,178788,2026-08-20 18:24,2026-08-21 20:53,cad14160-153b-4151-8ca9-2c4f83ccc000,전국,사업화,"청소년,대학생,일반인,대학,연구기관,일반기업,1인 창조기업","예비창업자,1년미만,2년미만,3년미만,5년미만,7년미만,10년미만","만 20세 미만,만 20세 이상 ~ 만 39세 이하,만 40세 이상",글로벌사업본부,0322281715,,N
『2026년 서울바이오허브- (일본 제약기업) 마루호 오픈이노베이션 프로그램』참여기업 모집,서울바이오허브,공공기관(public),사업화자금(funding),2026-08-10 00:00,2026-08-28 23:59,Y,개인사업자(individual) | 법인(corporate),,,,10,,,,,,20,,,단발(once),"서울특별시가 조성하고, 한국과학기술연구원과 고려대학교가 운영하는 서울바이오허브에서 바이오‧의료 스타트업 성장지원을 위한 일본 마루호 제약기업 오픈이노베이션 프로그램에 참여할 바이오‧의료 스타트업을 아래와 같이 모집하오니 많은 신청 바랍니다.","■ 지원대상 : 마루호의 기술 수요와 관련하여 협업 가능한 국내 창업 8년 이내 바이오‧의료 기업 (공고일 기준)
■ 기술분야 : 스킨케어, 가려움증 케어, 제제기술 등 피부질환 관련 기술",,https://www.k-startup.go.kr/web/contents/bizpbanc-ongoing.do?schM=view&pbancSn=178849,kstartup,178849,2026-08-20 18:24,2026-08-21 20:53,eb7457a1-887d-4956-a15d-bac55f831649,전국,사업화,일반기업,"7년미만,10년미만","만 20세 이상 ~ 만 39세 이하,만 40세 이상",성장지원팀,0222003343,,N
2026년 대전 스타트업 원스톱 지원센터 아카데미 2회차,대전창조경제혁신센터,민간(private),교육·멘토링(education),2026-08-10 00:00,2026-08-28 23:59,Y,예비창업자(preliminary) | 개인사업자(individual) | 법인(corporate),대전,,,3,,,,,,,,,단발(once),대전창조경제혁신센터의 지원계획을 다음과 같이 공고하오니 참여를 희망하는 창업팀은 안내에 따라 신청하시기 바랍니다.,"■ 모집 대상: 대전시 소재 (예비)창업기업
■ 모집 인원: 프로그램별 30명 내외 (선착순 마감)",,https://www.k-startup.go.kr/web/contents/bizpbanc-ongoing.do?schM=view&pbancSn=178860,kstartup,178860,2026-08-20 18:24,2026-08-21 20:53,ac3b2e15-4977-466e-8596-a866a599eaed,대전,창업교육,"청소년,대학생,일반인,대학,연구기관,일반기업,1인 창조기업","예비창업자,1년미만,2년미만,3년미만","만 20세 미만,만 20세 이상 ~ 만 39세 이하,만 40세 이상",교육사업부,0424710902,,N
제품 런칭 패키지 수혜기업 모집(~8/28),경북대학교 스타트업지원센터장,공공기관(public),입주공간(space),2026-08-14 00:00,2026-08-28 23:59,Y,예비창업자(preliminary) | 개인사업자(individual) | 법인(corporate),,,,10,,,,,,20,,,단발(once),포장(패키징) 제작 또는 국내·외 전시회 참가를 지원하는 제품 런칭 패키지를 공고하오니 관심 있는 분들의 많은 참여 바랍니다.,"● 포장(패키지) 제작 : 대구지역 제조 분야 예비창업자 또는 제조기업
● 국내·외 전시회 참가 : 국내 제조기업(지역/업력 제한 없음)",공고문 참조,https://www.k-startup.go.kr/web/contents/bizpbanc-ongoing.do?schM=view&pbancSn=178918,kstartup,178918,2026-08-20 18:24,2026-08-21 20:53,f611c3c6-e1a5-4cd2-afe5-c2709765ce3a,전국,시설ㆍ공간ㆍ보육,"일반기업,1인 창조기업","예비창업자,1년미만,2년미만,3년미만,5년미만,7년미만,10년미만","만 20세 이상 ~ 만 39세 이하,만 40세 이상",크리에이티브팩토리,0532194105,,Y
초도물량 양산 패키지 수혜기업 모집(~8/28),경북대학교 스타트업지원센터장,공공기관(public),입주공간(space),2026-08-14 00:00,2026-08-28 23:59,Y,예비창업자(preliminary) | 개인사업자(individual) | 법인(corporate),대구,,,10,,,,,,20,,,단발(once),대구소재 제조 분야 예비창업자 및 기업에 금형 설계·제작과 초도물량 생산을 지원하는 초도물량 양산 패키지를 공고하오니 관심 있는 분들의 많은 참여 바랍니다.,"대구소재 제조 분야 예비창업자 및 기업
(모빌리티/ICT/의료·헬스 우대)",공고문 참조,https://www.k-startup.go.kr/web/contents/bizpbanc-ongoing.do?schM=view&pbancSn=178919,kstartup,178919,2026-08-20 18:24,2026-08-21 20:53,451e90e4-34e8-40db-a2d5-1de53f548307,대구,시설ㆍ공간ㆍ보육,"대학생,일반인,일반기업,1인 창조기업","예비창업자,1년미만,2년미만,3년미만,5년미만,7년미만,10년미만","만 20세 이상 ~ 만 39세 이하,만 40세 이상",크리에이티브팩토리,0532194105,,Y
일본 오사카(간사이) 지역 진출 지원사업 Plug in: Osaka #12 참가 스타트업 모집(~8/28 17:59까지),(재)부산창조경제혁신센터,공공기관(public),수출·해외진출(export),2026-08-14 00:00,2026-08-28 23:59,Y,예비창업자(preliminary) | 개인사업자(individual) | 법인(corporate),,,,7,,,,,,,,,단발(once),"(재)부산창조경제혁신센터에서는 국내 유망한 스타트업의 일본 간사이 지역 진출 및 현지 대·중견기업과의 1:1 밋업 기회 등을 제공하기 위해「Plug in: Osaka #12」에 참여할 기업을 아래와 같이 모집하오니, 많은 관심과 참여 바랍니다.","(모집분야) 라이프 사이언스(Life Sciences)
※ 라이프사이언스란, 바이오·헬스케어를 기반으로 의약품, 의료기기, 진단, 디지털헬스 등 생명과 건강 관련 제품 및 서비스를 개발하는 산업 분야를 의미함
□ (모집규모) 7개사 내외(전국 소재 4개사, 부산 소재 3개사)
※ 전국 소재 및 부산 소재 트랙별 모집규모를 구분하여 선정
전국 소재 : (4개사 내외) 전국 소재 라이프사이언스 분야 스타트업
부산 소재 : (3개사 내외) 부산 소재(본사, 지사, 연구소 등) 사업장을 보유한 라이프사이언스 분야 스타트업",,https://www.k-startup.go.kr/web/contents/bizpbanc-ongoing.do?schM=view&pbancSn=178920,kstartup,178920,2026-08-20 18:24,2026-08-21 20:53,d1ac04da-974f-41ed-95f0-0538a9840f25,전국,판로ㆍ해외진출,"일반인,일반기업,1인 창조기업",7년미만,"만 20세 미만,만 20세 이상 ~ 만 39세 이하,만 40세 이상",글로벌OI팀,0517498947,,N
2026년 2nd S.Stage 개최 안내,서울창조경제혁신센터,공공기관(public),경진대회·행사(contest),2026-08-03 00:00,2026-08-30 23:59,Y,예비창업자(preliminary) | 개인사업자(individual) | 법인(corporate),,,,10,,,,,,,,,단발(once),"서울창조경제혁신센터에서 8월 3일(월)부터 8월 30일(일)까지
2026년 2nd S.Stage 프로그램을 개최합니다.

우수 스타트업분들의 많은 관심 부탁 드립니다.","- 토스뱅크: 사업자 계좌 연계 솔루션, 포용금융, 비이자수익, 리테일자산관리, 해외뱅킹, 기타
- 한국평가데이터: 리스크 관리, 데이터 자산화, 내부통제, 업무 자동화
- 현대홈쇼핑: 차별화 상품 발굴 및 혁신소재/기술 협업을 통한 상품 개발, AI 등 Tech 기반 시스템 개선을 통한 업무 효율화, 기타 협업 가능한 비즈니스
- DB손해보험: 고객 일상케어, 영업지원&제휴, 신상품 개발, 기타 
- LG화학: 반도체 소재/접착제, 자동차(EV 포함) 로봇 항공/드론, AI Datacenter ESS에너지",,https://www.k-startup.go.kr/web/contents/bizpbanc-ongoing.do?schM=view&pbancSn=178721,kstartup,178721,2026-08-20 18:24,2026-08-21 20:53,f244d258-ed3f-4c3e-8d47-45760f81ad50,전국,행사ㆍ네트워크,"청소년,대학생,일반인,대학,연구기관,일반기업,1인 창조기업","예비창업자,1년미만,2년미만,3년미만,5년미만,7년미만,10년미만","만 20세 미만,만 20세 이상 ~ 만 39세 이하,만 40세 이상",오픈이노베이션3팀,027499501,,N
"2026 창업오디션, 고양IR데이 참가기업 추가모집",고양시장,민간(private),경진대회·행사(contest),2026-08-05 00:00,2026-08-30 23:59,Y,예비창업자(preliminary) | 개인사업자(individual) | 법인(corporate),,,,7,,,,,,,,,단발(once),"고양시가 주최하는 「2026 창업오디션, 고양 IR데이」에 우수 창업기업의 참여 기회를 확대하고자 아래와 같이 참가기업을 추가 모집하오니, 많은 관심과 참여를 바랍니다.","◦ 공고일 기준, 고양시 소재 또는 고양시로 1년 이내 이전* 예정인 기업 중 업력 7년 이내 창업기업 또는 예비창업자 (설립연월일 : 2019. 8. 5. 이후)
* 본사 또는 지사·지점, 부설연구소, 공장의 사업장 등 이전(신규 설치 포함)
◦ 기존 고양 IR데이 프로그램(2021~2025) 신청기업도 재신청 가능
◦ 투자유치를 진행 중이신 스타트업이시라면 누구나 참여 가능하며, 고양시 소재가 아니더라도 추후 이전 확약을 통해 지원 가능합니다.","1. 국세 또는 지방세를 체납 중(징수유예 포함)인 자(기업)
2. 한국신용정보원의 “일반신용정보관리규약”에 따라 연체, 대위변제·대지급, 부도, 관련인, 금융질서문란, 화의·법정관리·기업회생신청·청산절차 등 정보가 등록되어 있는 자(기업)
* 단, 신용회복위원회의 프리워크아웃, 개인워크아웃 제도에서 채무조정합의서를 체결한 경우, 법원의 개인회생 제도에서 변제계획인가를 받거나 파산면책 선고자, 회생인가를 받은 기업은 신청 가능
3. 신청요건에 적합하지 않거나 신청내용이 사업목적에 부합하지 않는 경우
4. 신청일 현재 휴업중인 기업
5. 기타 참여 제한의 사유가 있다고 인정하는 자(기업)",https://www.k-startup.go.kr/web/contents/bizpbanc-ongoing.do?schM=view&pbancSn=178810,kstartup,178810,2026-08-20 18:24,2026-08-21 20:53,01c8257d-0a21-40e6-b503-9f699cb867e5,전국,행사ㆍ네트워크,"청소년,대학생,일반인,대학,연구기관,일반기업,1인 창조기업","예비창업자,1년미만,2년미만,3년미만,5년미만,7년미만","만 20세 미만,만 20세 이상 ~ 만 39세 이하,만 40세 이상",스케일업팀,0262466858,,Y
[제2서울핀테크랩] 서울 핀테크 위크 2026 제2서울핀테크랩 데모데이 with 네이버클라우드 참가기업 모집,제2서울핀테크랩,민간(private),입주공간(space),2026-08-10 00:00,2026-08-30 23:59,Y,개인사업자(individual) | 법인(corporate),,,,3,,,,,,20,,,단발(once),서울특별시와 제2서울핀테크랩에서 핀테크 스타트업의 성과 확산 및 후속 투자유치를 지원하기 위해 서울 핀테크 위크 2026『제2서울핀테크랩 데모데이 with 네이버클라우드』프로그램에 참가할 우수한 기업을 다음과 같이 모집합니다.,"제2서울핀테크랩 현 입주·멤버십 기업* 또는 창업 3년 이내**핀테크 분야 스타트업
 * 제2서울핀테크랩 현 입주·멤버십 기업 연차무관
 ** 공고일 기준",,https://www.k-startup.go.kr/web/contents/bizpbanc-ongoing.do?schM=view&pbancSn=178858,kstartup,178858,2026-08-20 18:24,2026-08-21 20:53,1f2a9a2e-bfad-4084-80af-4e5ff08efe82,전국,시설ㆍ공간ㆍ보육,일반기업,3년미만,"만 20세 이상 ~ 만 39세 이하,만 40세 이상",제2서울핀테크랩,07042369504,,Y
2026년 판로확대 지원 참여 소상공인 모집(셀러허브),중소상공인희망재단,민간(private),수출·해외진출(export),2026-08-04 00:00,2026-08-30 23:59,Y,예비창업자(preliminary) | 개인사업자(individual) | 법인(corporate),,,,10,,,,,,,,,단발(once),소상공인의 온라인 판로확대를 위해 쇼핑몰 통합관리부터 입점 및 판매대행까지 가능한 입점형 쇼핑몰 통합관리 솔루션을 지원합니다.,판로 확대를 희망하는 소상공인,"· 사업자등록증이 없거나 휴·폐업중인 사업체
· 정부지원 제한 대상 업종·품목 등 판매자(유흥/향락 등)
· 프랜차이즈 가맹본부 또는 가맹점(공정위 등록 가맹사업자 기준)
· 「2026년 판로확대 지원(사방넷)」 사업에 참여 중인 사업체",https://www.k-startup.go.kr/web/contents/bizpbanc-ongoing.do?schM=view&pbancSn=178871,kstartup,178871,2026-08-20 18:24,2026-08-21 20:53,08c411e8-17bc-4f07-a83a-d1e3da736c35,전국,판로ㆍ해외진출,"청소년,대학생,일반인,일반기업,1인 창조기업","1년미만,2년미만,3년미만,5년미만,7년미만,10년미만","만 20세 미만,만 20세 이상 ~ 만 39세 이하,만 40세 이상",디지털혁신사업부,07042678256,,N
2026 시제품 제작 구현을 위한 소싱 디렉팅 운영,차세대융합기술연구원,공공기관(public),교육·멘토링(education),2026-03-30 00:00,2026-08-31 23:59,Y,예비창업자(preliminary) | 개인사업자(individual) | 법인(corporate),경기,,,7,,,,,,,,,단발(once),2026 시제품 제작 구현을 위한 소싱 디렉팅 운영을 다음과 진행하오니 많은 관심과 참여 바랍니다.,경기도 내 ICT 제조 분야 (예비)창업자 또는 소재지 창업 기업 (7년 이내),,https://www.k-startup.go.kr/web/contents/bizpbanc-ongoing.do?schM=view&pbancSn=176961,kstartup,176961,2026-08-20 18:25,2026-08-21 20:53,4f294a48-3aa3-46da-8ae2-79ba0617de55,경기,멘토링ㆍ컨설팅ㆍ교육,"대학생,일반인,일반기업,1인 창조기업","예비창업자,1년미만,2년미만,3년미만,7년미만","만 20세 미만,만 20세 이상 ~ 만 39세 이하,만 40세 이상",연구기획실 메이커스페이스 전문랩,0318889569,,N
2026 관악S밸리 GROW-UP 기술컨설팅 참여기업 모집,(재)관악중소벤처진흥원장,공공기관(public),사업화자금(funding),2026-05-01 00:00,2026-08-31 23:59,Y,예비창업자(preliminary) | 개인사업자(individual) | 법인(corporate),서울,,,7,,,,,,,,,단발(once),"기술 개발상의 애로사항을 겪고 있는 벤처‧창업기업의 문제를 해결하고 새로운 성장 동력 발굴을 지원함으로써 기업의 지속적 성장을 견인하고자, 2026 관악S밸리 GROW-UP 기술컨설팅 참여기업을 다음과 같이 공모하오니, 벤처·창업기업들의 많은 참여 바랍니다.","■ 신청자격: 기술 개발상 애로사항을 겪는 창업 7년 이내 기업
               (연구개발 인력 2인 이상 보유)
    - 2019. 5. 1. 이후 창업을 시작한 기업(예비창업자 제외)
    - 개인사업자의 경우 사업자등록증상 개업연월일, 법인의 경우 법인등기부등본상 법인설립등기일 기준으로 판단  ※「중소기업창업지원법 시행령」제3조(창업기업의 범위) 기준 적용
    - 공동대표로 구성된 기업의 경우, 대표자 전원이 제외 대상에 해당하지 않아야 함
    - 의뢰한 모든 건에 대해 1차 기술컨설팅이 이루어지며, 2차 기술컨설팅 진행으로 사업화지원금을 지원받고자하는 기업은 관악구에 주소지를 두고 2026년 12월 31일까지 유지해야 함
        ※ 사업장 확인 후 사업화지원금 교부","■ 제외대상
    ① 신청서, 사업계획서를 허위로 기재한 경우
    ② 지원 제외대상 업종으로 본 사업에 신청하고자 하는 자
      ※ 지원 제외대상 업종 : 금융 및 보험업, 부동산업, 숙박 및 음식점업, 유흥주점업, 무도장 운영업, 골프장 및 스키장 운영업, 기타 겜블링 및 베팅업, 기타 개인 서비스업 및 단순 제조업 등
      ※ 제외대상 업종에 해당하더라도 혁신 기술과 접목한 업종(IT 금융 플랫폼 등)은 참여가능하나, 사행산업 등 경제질서 및 미풍양속에 어긋나는 업종의 경우 제외 
    ③ 국세 및 지방세 체납 또는 금융기관 등으로부터 채무불이행으로 규제중인 자
    ④ 현재 중앙정부, 타 지자체, 공공기관 등에서 시행하는 유사·동일한 기술개발 지원 사업에 참여 중인 자로 수혜기간이 중복되는 경우",https://www.k-startup.go.kr/web/contents/bizpbanc-ongoing.do?schM=view&pbancSn=177505,kstartup,177505,2026-08-20 18:25,2026-08-21 20:53,a465c077-5b46-4b71-a2fa-a7d6d07f6a02,서울,사업화,"일반기업,1인 창조기업","예비창업자,1년미만,2년미만,3년미만,5년미만,7년미만","만 20세 미만,만 20세 이상 ~ 만 39세 이하,만 40세 이상",기업성장지원팀,028710529,,Y
「제24차 세계한상대회 기업전시회」부스 참여기업 모집,재외동포청,공공기관(public),수출·해외진출(export),2026-06-08 00:00,2026-08-31 23:59,Y,예비창업자(preliminary) | 개인사업자(individual) | 법인(corporate),,,,10,,,,,,,,,단발(once),"재외동포청과 한국중소벤처기업유통원은 한상(韓商, 재외동포경제인) 네트워크를 활용, 국내 중소기업 및 스타트업의 해외 판로 개척을 지원하기 위한 「제24차 세계한상대회 기업전시회」를 다음과 같이 개최합니다. 관심 있는 중소기업과 스타트업의 많은 참여 바랍니다.","국내 중소기업 및 스타트업 기업
재외동포기업",,https://www.k-startup.go.kr/web/contents/bizpbanc-ongoing.do?schM=view&pbancSn=177930,kstartup,177930,2026-08-20 18:24,2026-08-21 20:53,fc51b43e-a40d-453a-99b6-ac0c378ae328,전국,판로ㆍ해외진출,"일반기업,1인 창조기업","예비창업자,1년미만,2년미만,3년미만,5년미만,7년미만,10년미만","만 20세 미만,만 20세 이상 ~ 만 39세 이하,만 40세 이상",동포경제지원과,0325853227,,N
(소방청 공고 제2026-92호) 2026년 소방장비·용품 공공조달 컨설팅 지원사업 참여업체 모집 공고,(주)선영파트너스,민간(private),사업화자금(funding),2026-06-26 00:00,2026-08-31 23:59,Y,개인사업자(individual) | 법인(corporate),,,,10,,,,,,,,,단발(once),"소방장비 업체의 공공조달 시장 진입을 지원하는 「소방장비ㆍ용품 공공조달컨설팅 지원사업」 참여업체 모집 대상을 다음과 같이 공고하오니, 소방장비 및 소방용품 제조ㆍ공급업체의 적극적인 참여바랍니다.","소방장비ㆍ용품 제조ㆍ공급 업체 중 아래 조건 충족업체
- 공공조달 시장 진입에 어려움을 겪고 있거나 우수한 기술력을 바탕으로 판로 개척을 희망하는 소방장비(용품)* 제조ㆍ공급자

* ｢소방장비 분류 등에 관한 규정｣ [별표 1],  ｢소방시설 설치 및 관리에 관한 법률 시행령｣ [별표 3] 에 해당하는 소방장비·용품 제조·공급자에 한함","신청일 기준 부정당업체로 지정되어 입찰참가자격을 제한 중인 업체
* 제출 서류가 허위나 거짓인 경우 신청에서 제외",https://www.k-startup.go.kr/web/contents/bizpbanc-ongoing.do?schM=view&pbancSn=178295,kstartup,178295,2026-08-20 18:24,2026-08-21 20:53,60c2a440-b9de-46cc-92d4-96a96ccb523f,전국,사업화,일반기업,"1년미만,2년미만,3년미만,5년미만,7년미만,10년미만","만 20세 미만,만 20세 이상 ~ 만 39세 이하,만 40세 이상",컨설팅사업부,0261057132,,N
2026년 청주미래누리터(공공지식산업센터) 입주기업 모집공고,(사)한국산업진흥협회,민간(private),입주공간(space),2026-07-02 00:00,2026-08-31 23:59,Y,예비창업자(preliminary) | 개인사업자(individual) | 법인(corporate),충북,,,10,,,,,,,,,단발(once),2026년 청주미래누리터(공공지식산업센터) 입주기업을 모집합니다.,"산집법 및 동 법 시행령에 명기된 업종 일체 - 제조업, 지식기반산업, 정보통신산업, 생산활동 지원시설 등",,https://www.k-startup.go.kr/web/contents/bizpbanc-ongoing.do?schM=view&pbancSn=178400,kstartup,178400,2026-08-20 18:24,2026-08-21 20:53,dcbb241b-9d35-4db7-b61d-069462803fc5,충북,시설ㆍ공간ㆍ보육,"일반인,대학,연구기관,일반기업,1인 창조기업","예비창업자,1년미만,2년미만,3년미만,5년미만,7년미만,10년미만","만 20세 미만,만 20세 이상 ~ 만 39세 이하,만 40세 이상",기업지원팀,0432415888,,N
[강원창조경제혁신센터] 2026년 창업BuS 강원브릿지 화요IR 참여기업 모집(7~8월),(재)강원창조경제혁신센터,공공기관(public),융자(loan),2026-07-10 00:00,2026-08-31 23:59,Y,예비창업자(preliminary) | 개인사업자(individual) | 법인(corporate),,,,7,,,,,,,,,단발(once),(재)강원창조경제혁신센터에서는 유망 혁신 창업기업의 연중 상시 발굴과 맞춤형 성장 지원을 위한 창업-BuS(Build up Strategy for Start-ups) 프로그램*「강원브릿지 화요IR」참여기업을 아래와 같이 모집하오니 창업기업들의 많은 참여바랍니다.,"업력 7년 미만 창업기업
- 중점분야: 바이오·헬스, AI·빅데이터
- 우대분야: 강원 7대 전략산업(바이오·헬스/반도체/미래에너지/미래모빌리티/방위산업/기후테크/푸드테크)","☞ 금융기관 등으로부터 채무불이행으로 규제 중인 자(기업)
☞ 국세 또는 지방세 체납으로 규제 중인 자(기업)
☞ 중소벤처기업부 등 정부지원사업 참여 제한 등 제재 중인 자(기업)
☞ 중소기업창업 지원법 시행령 제4조의 업종을 영위하고 있는 자(기업)
☞ 신청일 기준 동 사업에 신청하는 사업자 휴·폐업 중인 자(기업)
☞ 고용노동부가 공개하는 체불 사업주 명단에 포함된 자(기업)
☞ 기타 주관기관이 참여 제한의 사유가 있다고 인정하는 자(기업)",https://www.k-startup.go.kr/web/contents/bizpbanc-ongoing.do?schM=view&pbancSn=178519,kstartup,178519,2026-08-20 18:24,2026-08-21 20:53,542de033-b9b3-4a28-a820-2a0bffc2aecb,전국,정책자금,"청소년,대학생,일반인,대학,연구기관,일반기업,1인 창조기업","예비창업자,1년미만,2년미만,3년미만,5년미만,7년미만","만 20세 미만,만 20세 이상 ~ 만 39세 이하,만 40세 이상",전략투자본부,0332487951,,N
[강동구 청년해냄센터] 취약분야 상시 컨설팅 8월 참가자 모집 공고,강동구 청년해냄센터,공공기관(public),교육·멘토링(education),2026-07-14 00:00,2026-08-31 23:59,Y,예비창업자(preliminary) | 개인사업자(individual) | 법인(corporate),,,,10,,,,,,,,,단발(once),강동구 청년해냄센터에서 8월 취약 분야 상시 컨설팅 계획을 다음과 같이 공고하니 참여 희망자는 안내에 따라 신청하시기 바랍니다.,"예비창업자, 기창업자",,https://www.k-startup.go.kr/web/contents/bizpbanc-ongoing.do?schM=view&pbancSn=178543,kstartup,178543,2026-08-20 18:24,2026-08-21 20:53,060e6b35-1bfd-48ab-8639-18b595f44172,전국,멘토링ㆍ컨설팅ㆍ교육,"청소년,대학생,일반인,대학,연구기관,일반기업,1인 창조기업","예비창업자,1년미만,2년미만,3년미만,5년미만,7년미만,10년미만","만 20세 미만,만 20세 이상 ~ 만 39세 이하,만 40세 이상",운영사무실,024886880,,N
"[무료 AI 역량강화 교육] 생성형 AI기반, 글로벌 마케팅 자동화 및 현지화 에이전트 구축과",(주)글로벌창업연구소,민간(private),교육·멘토링(education),2026-07-24 00:00,2026-08-31 23:59,Y,개인사업자(individual) | 법인(corporate),,,,10,,,,,,20,,,단발(once),글로벌 공공조달·수출 분야의 AI 활용 역량을 강화하고 디지털 전환을 지원하기 위한 「2026 산업전문인력 AI역량강화 지원사업」 교육과정에 참여할 기업및 재직자를 다음과 같이 모집합니다.,글로벌 공공조달 및 수출(예비) 기업 실무자 및 중간관리급 재직자,,https://www.k-startup.go.kr/web/contents/bizpbanc-ongoing.do?schM=view&pbancSn=178672,kstartup,178672,2026-08-20 18:24,2026-08-21 20:53,0414e7cf-19aa-42ab-bc51-b35d54b9e759,전국,멘토링ㆍ컨설팅ㆍ교육,일반기업,"1년미만,2년미만,3년미만,5년미만,7년미만,10년미만","만 20세 이상 ~ 만 39세 이하,만 40세 이상",AI교육,15444781,,N
(기간연장)[창업점검] 2026년 체육인 직업안정사업(창업열매) 참여자 추가 모집_(~8.31마감시),국민체육진흥공단,민간(private),사업화자금(funding),2026-07-28 00:00,2026-08-31 23:59,Y,예비창업자(preliminary) | 개인사업자(individual) | 법인(corporate),,,,10,,,,,,,,,단발(once),"체육인의 직업 전환을 지원하여 생활 불안정성을 완화하고, 역량별 맞춤 지원을 통해 창업 성공률을 높이며 진로 선택의 폭을 확대하고자
「2026년 체육인 직업안정 사업(창업지원) 창업점검과정(열매)」 참여자를 다음과 같이 모집하오니 많은 관심과 참여 바랍니다.
※ 체육인 복지 시행지침 개정으로 체육인 인정 대회 범위 확대(경기 단체 주관 전국대회 출전 경력도 포함)","- 체육인 복지법 시행령 제2~4조에 따른 체육인(선수·지도자·심판)으로서, 은퇴(예정) 또는 경력단절 체육인 중 기창업자
- 사업계획이 준비되어 있고, 창업 실무 역량 강화 및 전문가 보육을 통해 창업을 발전시키고자 하는 자(전문컨설팅 희망자)
- 사업 공고일(2026.7.10.) 기준 신청자 명의로 사업자 등록을 완료한 자","- 타 정부부처의 창업지원 관련 사업을 지원받고 있는 경우(협약 기간 중복 불가)
- 사업화지원금을 제공하는 국민체육진흥공단 타 지원사업과 중복수혜 불가
- 정부지원사업 참여 제한 제재조치를 받고 있는 자",https://www.k-startup.go.kr/web/contents/bizpbanc-ongoing.do?schM=view&pbancSn=178693,kstartup,178693,2026-08-20 18:24,2026-08-21 20:53,f4635218-3c6a-4557-94ef-f5c9856bdd39,전국,사업화,"청소년,대학생,일반인,대학,연구기관,일반기업,1인 창조기업","1년미만,2년미만,3년미만,5년미만,7년미만,10년미만","만 20세 미만,만 20세 이상 ~ 만 39세 이하,만 40세 이상",이노베이션그룹,07044071785,,N
[KEA] 	 IoT제품 개발 지원 및 빅데이터 분석 과제기획 수요기업 모집,한국전자정보통신산업진흥회,민간(private),교육·멘토링(education),2026-07-28 00:00,2026-08-31 23:59,Y,개인사업자(individual) | 법인(corporate),,,,10,,,,,,20,,,단발(once),"가전기업은 단순 기능 중심을 넘어 IoT기반 지능형 제품으로의 전환이 필요한 시점입니다.
이에 보유한 제품과 데이터를 바탕으로  IoT제품 개발 및 데이터 분석 과제 기획을 지원하는 프로그램을 안내드립니다.","IoT가전 전자 디바이스 제품 개발을 준비중이거나 보유한 기업
제품 데이터 활용이 필요하지만 내부 인력이  부족한 기업
AI 데이터기반 신규 서비스/ BM을 고민 중인 기업",,https://www.k-startup.go.kr/web/contents/bizpbanc-ongoing.do?schM=view&pbancSn=178718,kstartup,178718,2026-08-20 18:24,2026-08-21 20:53,edc3a32f-5f1c-4305-b901-8abb24d9d38f,전국,멘토링ㆍ컨설팅ㆍ교육,일반기업,"3년미만,5년미만,7년미만,10년미만","만 20세 이상 ~ 만 39세 이하,만 40세 이상",디지털혁신실,0263886115,,N
2026 대덕특구 딥테크 혁신성장 플랫폼(전략기술 발굴 및 매칭) (8/1 ~ 8/31),연구개발특구진흥재단,공공기관(public),사업화자금(funding),2026-08-01 00:00,2026-08-31 23:59,Y,예비창업자(preliminary) | 개인사업자(individual) | 법인(corporate),,,,10,,,,,,,,,단발(once),새로운 성장동력인 국가전략기술 분야의 시장 선점을 위해 공공기술을 활용하여 신속한 사업화를 추진하는 기업을 지원합니다.,"1. 대중견기업 오픈이노베이션 프로그램 운영자
2. 중견기업 및 중소기업 신사업 스핀오프 사업부
3. 스타트업 및 중소기업
4. 투자기관/지원기관",,https://www.k-startup.go.kr/web/contents/bizpbanc-ongoing.do?schM=view&pbancSn=178719,kstartup,178719,2026-08-20 18:24,2026-08-21 20:53,0062df18-1622-4c2f-a41a-d3224ac98303,전국,사업화,"청소년,대학생,일반인,대학,연구기관,일반기업,1인 창조기업","예비창업자,1년미만,2년미만,3년미만,5년미만,7년미만,10년미만","만 20세 미만,만 20세 이상 ~ 만 39세 이하,만 40세 이상",대덕특구본부 혁신기업지원실,0428658972,,N
[국토교통부 x 물류산업진흥재단] 2026 물류상생 Meet-up 행사 기술기업 모집,물류산업진흥재단,민간(private),경진대회·행사(contest),2026-07-29 00:00,2026-08-31 23:59,Y,예비창업자(preliminary) | 개인사업자(individual) | 법인(corporate),,,,10,,,,,,,,,단발(once),국토교통부·물류산업진흥재단이 물류 수요기업의 현장 과제를 해결할 기술기업을 모집합니다. 수요기업 과제 기반 1:1 매칭이 제공되며 최우수 기술기업에게는 국토부장관상을 수여합니다.,"○ 사업자등록증을 보유한 법인·개인사업자
○ 물류 현장에 적용 가능한 기술·서비스를 보유하고, 실제 적용 사례 또는 검증 이력을 보유한 기업
○ 수요(물류)기업과 직접 미팅·실증(PoC)에 참여할 의지가 있는 기업",,https://www.k-startup.go.kr/web/contents/bizpbanc-ongoing.do?schM=view&pbancSn=178731,kstartup,178731,2026-08-20 18:24,2026-08-21 20:53,ffa56666-04f2-4962-b308-b8e4a3a967bd,전국,행사ㆍ네트워크,"일반인,대학,연구기관,일반기업,1인 창조기업","예비창업자,1년미만,2년미만,3년미만,5년미만,7년미만,10년미만","만 20세 미만,만 20세 이상 ~ 만 39세 이하,만 40세 이상",사업경영팀 사업파트,0232793210,,N
2026년 스타 IR 데모데이 참여기업 모집공고(4차),스타에셋파트너스 주식회사,민간(private),경진대회·행사(contest),2026-08-01 00:00,2026-08-31 23:59,Y,예비창업자(preliminary) | 개인사업자(individual) | 법인(corporate),,,,7,,,,,,20,,,단발(once),"스타에셋파트너스(주)에서 2026년 스타 IR 데모데이를 통해 F&B 및 프랜차이즈 분야 창업 생태계 활성화 및 투자 유치 기회를 제공하고자 하오니, 관련 예비창업자 및 창업기업들의 적극적인 관심과 많은 참여 바랍니다.",F&B 및 프랜차이즈 분야 예비창업자 및 7년 이내 초기 창업자,,https://www.k-startup.go.kr/web/contents/bizpbanc-ongoing.do?schM=view&pbancSn=178740,kstartup,178740,2026-08-20 18:24,2026-08-21 20:53,b6ca5ef2-ccb2-4082-a173-9347e24e20f7,전국,행사ㆍ네트워크,"일반인,대학,일반기업,1인 창조기업","예비창업자,1년미만,2년미만,3년미만,5년미만,7년미만","만 20세 이상 ~ 만 39세 이하,만 40세 이상",AC 사업부,025560507,,N
2026 벤처확인 인증준비기업 맞춤형 무료 진단 지원사업,(주)엠비즈플래닛 산하 혁신기술경영인증지원센터,민간(private),사업화자금(funding),2026-08-03 00:00,2026-08-31 23:59,Y,개인사업자(individual) | 법인(corporate),,,,10,,,,,,,,,단발(once),"벤처기업확인인증은 기업의 자금조달, 정부지원사업 참여 시 가점 확보, 세제 혜택 등 다양한 제도적 지원을 받을 수 있는 핵심 인증입니다.
벤처기업확인 맞춤형 진단평가를 통해 기업 경쟁력을 강화하고자 참여를 희망하시는 분은 아래 신청링크로 신청해주시기 바랍니다.
사전진단 및 컨설팅은 무료로 진행되며，선발된 기업에게 개별 안내됩니다．","- 벤처기업확인 인증을 준비하는 스타트업 및 중소기업
- 벤처확인 신청을 준비하면서, 실질적인 서류 작성 방법과 현장 실사 대응 전략이 필요한 기업
- 정책자금 우대 및 정부 지원사업 참여 시 가점을 받기 위해 벤처 인증을 필요로 하는 기업
- 소득세·법인세 등의 세제 혜택을 고려하여 벤처기업 인증을 추진 중인 기업","- 벤처기업에 포함되지 않는 업종 ( 일반 유흥 주점업, 무도 유흥 주점업, 기타 주점업, 블록체인 기반 암호화 자산 매매 및 중개업, 기타 사행시설 관리 운영업, 무도장 운영업)
- 신청일 기준 회사 설립이 완료되지 않은 기업 (예비창업자)
- 국제 또는 지방세 체납으로 규제 중인 자
- 공고 마감일 기준 휴업 중인 기업, 금융기관 등으로부터 채무불이행으로 규제 중인 자 또는 기업",https://www.k-startup.go.kr/web/contents/bizpbanc-ongoing.do?schM=view&pbancSn=178745,kstartup,178745,2026-08-20 18:24,2026-08-21 20:53,7fa0df6e-8218-433a-995f-802bb60b7101,전국,사업화,"일반기업,1인 창조기업","1년미만,2년미만,3년미만,5년미만,7년미만,10년미만","만 20세 미만,만 20세 이상 ~ 만 39세 이하,만 40세 이상",혁신기술경영인증지원센터,0314225585,,N
해외진출 기업 대상 AI 통역 서비스 「아네스노트」 이용권 지원,주식회사 팀제로코드,민간(private),사업화자금(funding),2026-08-03 00:00,2026-08-31 23:59,Y,예비창업자(preliminary) | 개인사업자(individual) | 법인(corporate),,,,10,,,,,,,,,단발(once),"AI 실시간 통역·분석 서비스 「아네스노트(anessNote)」를 운영하는 (주)팀제로코드는 해외 진출 과정에서 언어 장벽을 겪고 있는 (예비)창업자 및 중소기업의 글로벌 비즈니스 활동을 지원하기 위하여, AI 통역 서비스 이용권 증정 프로그램 참여기업을 다음과 같이 모집합니다.","해외 바이어 상담, 수출 계약 협상, 해외 전시회 참가 등 해외 진출 과정에서 언어 장벽을 겪고 있는 국내 (예비)창업자 및 중소기업","- 본 프로그램을 통해 이용권을 이미 지급받은 기업 (기업당 1회 신청 가능)
- 신청 정보(기업명, 계정 이메일 등)가 사실과 다르거나 확인이 불가능한 경우",https://www.k-startup.go.kr/web/contents/bizpbanc-ongoing.do?schM=view&pbancSn=178765,kstartup,178765,2026-08-20 18:24,2026-08-21 20:53,1ab75f28-29e1-46c5-903a-31e66429da7d,전국,사업화,"대학,연구기관,일반기업,1인 창조기업","예비창업자,1년미만,2년미만,3년미만,5년미만,7년미만,10년미만","만 20세 미만,만 20세 이상 ~ 만 39세 이하,만 40세 이상",아네스노트팀,07080642943,,N
2026 협성대학교 창업보육센터 하반기 신규 입주기업 모집 공고,협성대학교 창업보육센터,공공기관(public),입주공간(space),2026-08-04 00:00,2026-08-31 23:59,Y,예비창업자(preliminary) | 개인사업자(individual) | 법인(corporate),경기,,,7,,,,,,,,,단발(once),협성대학교 창업보육센터에서는 창업자 및 예비창업자에게 안정적인 창업 활동을 위한 공간 제공 및 창업 초기 기업의 지속 성장 기여를 위해 다음과 같이 신규 입주기업 및 예비창업자를 모집하오니 많은 관심과 참여 바랍니다.,"- 창업 후 7년 이내 중소기업
1) 사업개시일 : 법인등기일(법인), 사업자등록일(개인)
2) 입주조건 : 사업자등록증 내 본점을 협성대학교 창업보육센터로 지정

- 예비 창업자
1) 입주조건 : 입주 후 6개월 이내 협성대학교 창업보육센터를 본점으로 사업자 등록","중소기업창업 지원법 시행령 제4조에 해당되는 경우
1. 일반유흥주점업
2. 무도유흥주점업
3. 기타 사행시설 관리 및 운영업
4. 제1호부터 제3호까지의 규정에 준하는 업종으로서 중소벤처기업부령으로 정하는 업종",https://www.k-startup.go.kr/web/contents/bizpbanc-ongoing.do?schM=view&pbancSn=178771,kstartup,178771,2026-08-20 18:24,2026-08-21 20:53,ba4007db-61d2-4f4f-8f9b-ea52e777f8a8,경기,시설ㆍ공간ㆍ보육,"청소년,대학생,일반인,대학,연구기관,일반기업,1인 창조기업","예비창업자,1년미만,2년미만,3년미만,5년미만,7년미만","만 20세 미만,만 20세 이상 ~ 만 39세 이하,만 40세 이상",창업보육센터,0312991376,,Y
충북대학교 『글로벌(G)테크벤처센터(BI) 』 입주기업 모집,충북대학교 글로벌(G)테크벤처센터,공공기관(public),입주공간(space),2026-08-03 00:00,2026-08-31 23:59,Y,예비창업자(preliminary) | 개인사업자(individual) | 법인(corporate),충북,,,7,,,,,,,,,단발(once),"국립거점대학 충북대학교와 충북중소벤처기업청에서는 지역 유망 중소․벤처기업의 발굴 육성을 통해 지역경제 활성화 기여 및 고용창출을 선도하기 위하여 글로벌테크벤처센터(POST-BI)에 입주 할, 우수한 기술력과 사업 역량을 가진 유망 벤처기업 및 신기술 창업자를 아래와 같이 모집 공고합니다","- 본사 or 연구소 or 지점사업자 or 창업보육센터 졸업기업 입주 가능
- (창업자) 창업 후 7년이 경과 되지 않은 기업(창업일자기준)
- 우대 가점기업 : 여성기업, 사회적기업, 협동조합, 장애인기업, 내일채움공제가입기업, 창조경제혁신센터 및 청년창업사관학교 학생창업기업 등 우대","1. 중소기업창업지원법 제43조 제4항 제4호에 의거 입주 제외대상 업종
2. 소음, 진동, 약품, 악취, 폐기물 발생 등 환경 침해 및 공해 유발 업체
3. 금융기관으로부터 신용불량으로 규제중인 자
4. 기타, 입주선정심의위원회에서 부적절하다고 판단되는 기업",https://www.k-startup.go.kr/web/contents/bizpbanc-ongoing.do?schM=view&pbancSn=178781,kstartup,178781,2026-08-20 18:24,2026-08-21 20:53,545cd959-af05-4c60-a28f-3d60a097de3b,충북,시설ㆍ공간ㆍ보육,"청소년,대학생,일반인,대학,연구기관,일반기업,1인 창조기업","예비창업자,1년미만,2년미만,3년미만,5년미만,7년미만","만 20세 미만,만 20세 이상 ~ 만 39세 이하,만 40세 이상",충북대 글로벌테크벤처센터,0439043607,,N
2026 Nexus Connect 오픈이노베이션 밋업 데이,(재)충남창조경제혁신센터,공공기관(public),사업화자금(funding),2026-08-06 00:00,2026-08-31 23:59,Y,예비창업자(preliminary) | 개인사업자(individual) | 법인(corporate),,,,7,,,,,,20,,,단발(once),"충남창조경제혁신센터는 대·중견기업의 기술 수요를 기반으로 AI·딥테크 스타트업을 발굴하고, 차년도 기술실증(PoC), 공동사업화 및 투자 연계 대상기업을 발굴하기 위한
 ⌜2026 Nexus Connect 오픈이노베이션 밋업 데이⌟를 개최합니다. 혁신적인 기술과 성장 잠재력을 보유한 유망 스타트업의 많은 관심과 참여를 바랍니다.",수요기업과 협업을 희망하는 7년 이내 전국 소재 스타트업,공고문 참조,https://www.k-startup.go.kr/web/contents/bizpbanc-ongoing.do?schM=view&pbancSn=178795,kstartup,178795,2026-08-20 18:24,2026-08-21 20:53,60bb1f52-d1e2-4f21-95d9-eaf8bc563d5c,전국,사업화,"대학생,일반인,일반기업,1인 창조기업",7년미만,"만 20세 이상 ~ 만 39세 이하,만 40세 이상",오픈이노베이션창업팀,0415897141,,N
제3회 K-ROBOTICS Startup CUP 참가팀 모집(~8/31 마감),KAIST,공공기관(public),사업화자금(funding),2026-08-07 00:00,2026-08-31 23:59,Y,예비창업자(preliminary) | 개인사업자(individual) | 법인(corporate),,,,3,,,,,,20,,,단발(once),"?피지컬 AI 산업의 등용문, KAIST와 함께 하세요! ?

단순한 경진대회를 넘어, KAIST 연구진과의 기술 교류 및 전문 멘토링을 통해 혁신기술을 고도화하고 시장에서 작동하는 비즈니스로 성장할 수 있는 기회를 제공합니다.
연구실의 기술을 시장으로, 혁신적인 아이디어를 미래 산업의 주역으로 만들어 갈 로봇 스타트업의 도전을 기다립니다.","로보틱스 전 분야 예비창업자(팀) 및 창업 3년 이내 초기 창업기업 총 10개팀

① Fresh Track : 예비창업자(팀) 및 창업 3년 이내 초기 창업기업
② Deep Track : '25년 하반기 및 '26년 상반기 경진대회 본선 진출 이력이 있는 기업",,https://www.k-startup.go.kr/web/contents/bizpbanc-ongoing.do?schM=view&pbancSn=178841,kstartup,178841,2026-08-20 18:24,2026-08-21 20:53,858bddde-42b6-4ffb-86b0-5aeff29febed,전국,사업화,"대학생,일반인,일반기업","예비창업자,1년미만,2년미만,3년미만","만 20세 이상 ~ 만 39세 이하,만 40세 이상",카이스트홀딩스,07077115650,,N
2026년  8월 KICXUP 서울 입주기업 모집공고,"한국산업단지공단,씨엔티테크",민간(private),입주공간(space),2026-08-11 00:00,2026-08-31 23:59,Y,개인사업자(individual) | 법인(corporate),,,,7,,,,,,20,,,단발(once),"한국산업단지공단에서 KICXUP 서울에 입주할 혁신 스타트업을 모집합니다. 입주기업을 대상으로 사무공간 오피스 인프라, 산업단지 입주 대중견기업 오픈이노베이션, 신용보증기금 금융 지원, 맞춤형 성장지원 서비스(오피스아워) 등을 제공할 계획이오니, 역량 있는 스타트업의 많은 관심 바랍니다.",설립 7년 미만 창업기업,"국세, 지방세, 4대 보험료를 체납 중인 기업
기타 한국산업단지공단이 부적당 하다고 판단한 입주 희망자",https://www.k-startup.go.kr/web/contents/bizpbanc-ongoing.do?schM=view&pbancSn=178867,kstartup,178867,2026-08-20 18:24,2026-08-21 20:53,35709bf5-5ae1-4640-b859-f0375db163fa,전국,시설ㆍ공간ㆍ보육,일반기업,"1년미만,2년미만,3년미만,5년미만,7년미만","만 20세 이상 ~ 만 39세 이하,만 40세 이상",AC12 TEAM,023765701,,N
2026년 특허출원·등록 비용 바우처 지원사업 11차(하반기 4차),(사)한국중소기업발전협회,민간(private),사업화자금(funding),2026-08-17 00:00,2026-08-31 23:59,Y,예비창업자(preliminary) | 개인사업자(individual) | 법인(corporate),,,,10,,,,,,,,,단발(once),"(사)한국중소기업발전협회의 2026년 특허출원·등록 비용 바우처 지원사업 시행계획을 다음과 같이 공고하오니, 동 사업에 참여하여 지원을 받고자 하는 기업은 안내에 따라 신청하시기 바랍니다.","스타트업, 중소기업, 1인기업, 예비창업자, 대학 및 기관 등",,https://www.k-startup.go.kr/web/contents/bizpbanc-ongoing.do?schM=view&pbancSn=178870,kstartup,178870,2026-08-20 18:24,2026-08-21 20:53,97b65c73-1dec-42d6-a7ea-bdba2dd08f16,전국,사업화,"대학,연구기관,일반기업,1인 창조기업","예비창업자,1년미만,2년미만,3년미만,5년미만,7년미만,10년미만","만 20세 미만,만 20세 이상 ~ 만 39세 이하,만 40세 이상",인증지원사업부,028583411,,N
「민관협력 오픈이노베이션 지원」'공공데이터 활용 지원' 공공기관 제안 협업 과제(Top-Down) 모집공고,중소벤처기업부장관,공공기관(public),경진대회·행사(contest),2026-08-11 00:00,2026-08-31 23:59,Y,개인사업자(individual) | 법인(corporate),,,,10,,,,,,20,,,단발(once),공공기관이 보유한 데이터를 기반으로 창업기업과 협업을 통해 공공서비스 혁신과 창업기업의 성장을 촉진하는 '공공데이터 활용 지원' 사업에 참여할 공공기관을 다음과 같이 모집합니다.,"공공데이터법 제2조 제1호에 해당하는 기관(국가기관, 지방자치단체 등)
* 상세 내용은 공고문 내 '모집대상' 확인",,https://www.k-startup.go.kr/web/contents/bizpbanc-ongoing.do?schM=view&pbancSn=178873,kstartup,178873,2026-08-20 18:24,2026-08-21 20:53,478584d3-e04a-43fb-a925-da0379c4c3d4,전국,행사ㆍ네트워크,일반기업,"1년미만,2년미만,3년미만,5년미만,7년미만,10년미만","만 20세 이상 ~ 만 39세 이하,만 40세 이상",민관협력실,1357,,Y
「민관협력 오픈이노베이션 지원」 '공공데이터 활용 지원' 창업기업 제안 협업 과제(Bottom-Up) 모집공고,중소벤처기업부장관,공공기관(public),경진대회·행사(contest),2026-08-11 00:00,2026-08-31 23:59,Y,예비창업자(preliminary) | 개인사업자(individual) | 법인(corporate),,,,7,,,,,,,,,단발(once),공공기관이 보유한 데이터를 기반으로 스타트업과 개방형 협업을 통해 공공서비스 혁신과 창업기업의 성장(Scale-up)을 촉진하는 '공공데이터 활용 지원' 사업에 참여할 창업기업을 다음과 같이 모집합니다.,"아래 ①, ②, ③요건을 모두 충족하는 창업기업
① 모집공고문 내 신청자격에 해당하는 7년이내 창업기업
② 공공데이터포털(www.data.go.kr)을 통해 공고 마감일 이전 공공데이터 제공 신청을 하였으나, 보유기관으로부터 '제공불가' 통보를 받은 경우
   * 개인정보, 영업비밀 등 관계 법령에 따라 공개 또는 제공이 금지‧제한되는 데이터는 지원 대상에서 제외
③ 필요한 데이터의 미개방 또는 확보 곤란으로 사업 추진에 어려움이 있으며, 해당 데이터 확보를 통한 활용을 통해 제품‧서비스 개발 또는 연구개발 계획 등 '구체적 활용계획'을 제시하여야함
   * 제품‧서비스 개발 또는 연구개발 등과 관련 없는 단순 정보 수집‧열람‧출판 등을 목적으로 하는 경우 제외",,https://www.k-startup.go.kr/web/contents/bizpbanc-ongoing.do?schM=view&pbancSn=178875,kstartup,178875,2026-08-20 18:24,2026-08-21 20:53,904d0593-fb15-463b-9eb5-4366a49e9eef,전국,행사ㆍ네트워크,"청소년,대학생,일반인,대학,연구기관,일반기업,1인 창조기업","1년미만,2년미만,3년미만,5년미만,7년미만","만 20세 미만,만 20세 이상 ~ 만 39세 이하,만 40세 이상",민관협력실,1357,,Y
2026 대전 팁스타운 팁스 링크 일본 파트너 초청 상담회,창업진흥원,공공기관(public),경진대회·행사(contest),2026-08-12 00:00,2026-08-31 23:59,Y,예비창업자(preliminary) | 개인사업자(individual) | 법인(corporate),,,,10,,,,,,,,,단발(once),"대전 팁스타운에서 창업기업 및 예비창업자를 위한 2026 대전 팁스타운 팁스 링크(TIPS LINK) 행사를 진행합니다.
창업기업의 일본 시장 진출을 지원하고자 일본무역진흥기구(JETRO) 기관 소개 및 현지 투자사 리버스 피칭 프로그램을 운영하오니 많은 관심과 참여 바랍니다.","일본 시장 진출에 관심있는 창업기업, 예비창업자",,https://www.k-startup.go.kr/web/contents/bizpbanc-ongoing.do?schM=view&pbancSn=178892,kstartup,178892,2026-08-20 18:24,2026-08-21 20:53,fb081d72-5c64-4f2c-a415-2b08d5b2f526,전국,행사ㆍ네트워크,"청소년,대학생,일반인,대학,연구기관,일반기업,1인 창조기업","예비창업자,1년미만,2년미만,3년미만,5년미만,7년미만,10년미만","만 20세 미만,만 20세 이상 ~ 만 39세 이하,만 40세 이상",대전팁스팀,0427204563,,N
2026년 여성CEO 비즈니스 아카데미 호남권역 시즌 2,한국여성경제인협회,민간(private),교육·멘토링(education),2026-08-11 00:00,2026-08-31 23:59,Y,예비창업자(preliminary) | 개인사업자(individual) | 법인(corporate),제주,,,10,,,,,,40,,,단발(once),"안녕하세요. 2026년, 기업의 변화와 성장을 준비하는 여성 CEO 여러분!
2026년은 정책, 경제, 트렌드, 기술 등 다양한 분야에서 큰 변화가 이루어지고 있으며, 이에 발맞춰 새로운 성장 전략을 준비해야 할 중요한 시기입니다.「2026 여성 CEO 비즈니스 아카데미 권역별 교육」은 기업의 다음 단계 성장을 고민하는 여성 CEO들에게 실질적이고 의미 있는 인사이트를 제공하기 위해 마련된 권역별 오픈특강입니다. 9월 7일(월) 메종 그래드호텔 제주에서 진행하는 호남권역 시즌 2를 진행합니다. 많은 관심 및 참여부탁드립니다.",기업의 성장을 고민하는 여성CEO(여성임원포함) 총 80명 / 선착순마감,,https://www.k-startup.go.kr/web/contents/bizpbanc-ongoing.do?schM=view&pbancSn=178894,kstartup,178894,2026-08-20 18:24,2026-08-21 20:53,f24c8852-c045-4e26-ad69-a72ce2e05020,제주,창업교육,"일반인,일반기업,1인 창조기업","1년미만,2년미만,3년미만,5년미만,7년미만,10년미만",만 40세 이상,교육기획,07086702282,,N
26년 8월 스타트업 언론 홍보 지원사업 참가사 모집 공고(2차),스타트업 데일리,민간(private),사업화자금(funding),2026-08-17 00:00,2026-08-31 23:59,Y,예비창업자(preliminary) | 개인사업자(individual) | 법인(corporate),,,,7,,,,,,,,,단발(once),스타트업 전문 매체 『스타트업데일리』에서 홍보에 어려움을 겪는 예비창업자/스타트업의 홍보 지원을 위해 다음과 같이 공고하오니 많은 참여 바랍니다.,"1. 예비창업자
2. 창업 7년 이내 초기 기업","1. 이미 배포된 보도자료(중복)·동일한 내용으로 재보도(반복) 배포 불가
2. 단순 제품 홍보(건강기능식품, 화장품 등), 프로모션 홍보 등 과도한 광고성 문안 게재 불가",https://www.k-startup.go.kr/web/contents/bizpbanc-ongoing.do?schM=view&pbancSn=178912,kstartup,178912,2026-08-20 18:24,2026-08-21 20:53,653b3d43-6799-4ef7-b26a-7e22418fb381,전국,사업화,"청소년,대학생,일반인,대학,연구기관,일반기업,1인 창조기업","예비창업자,1년미만,2년미만,3년미만,5년미만,7년미만","만 20세 미만,만 20세 이상 ~ 만 39세 이하,만 40세 이상",취재부,025640309,,N
이재용 회계사와 함께하는 ‘스타트업 재무 특강’ 참여자 모집 (『신한 스퀘어브릿지 대전』 X SIW BRIDGE TALK),신한금융희망재단,민간(private),경진대회·행사(contest),2026-08-18 00:00,2026-08-31 23:59,Y,예비창업자(preliminary) | 개인사업자(individual) | 법인(corporate),대전,,,10,,,,,,,,,단발(once),"2026 지역창업페스티벌 연계 스타트업 코리아 투자위크(SIW)를 맞이해 『신한 스퀘어브릿지 대전』이 준비한 BRIDGE TALK
“재무덕후 이재용 회계사에게 듣는 스타트업 재무 이야기” 
스타트업 재무와 현금흐름의 기본기를 탄탄하게 다지고 싶은 창업가와 창업 전 꼭 알아야 할 돈 흐름 읽는 법에 대해 듣고 싶은 예비창업가의 많은 관심과 참여 부탁 드립니다.","대전 지역 (예비)창업가, 스타트업 유관기관 관계자",,https://www.k-startup.go.kr/web/contents/bizpbanc-ongoing.do?schM=view&pbancSn=178932,kstartup,178932,2026-08-20 18:24,2026-08-21 20:53,7968d2b4-e6eb-4c8b-b2eb-cd896ba02418,대전,행사ㆍ네트워크,"청소년,대학생,일반인,대학,연구기관,일반기업,1인 창조기업","예비창업자,1년미만,2년미만,3년미만,5년미만,7년미만,10년미만","만 20세 미만,만 20세 이상 ~ 만 39세 이하,만 40세 이상",『신한 스퀘어브릿지 대전』 운영사무국,07040355228,,N
2026년 서초AICT 고성능 컴퓨팅 인프라 지원사업 모집 공고,서초AICT 운영센터,지자체(local),입주공간(space),2026-08-18 00:00,2026-08-31 23:59,Y,예비창업자(preliminary) | 개인사업자(individual) | 법인(corporate),서울,,,10,,,,,,,,,단발(once),"안녕하세요. 서초AICT 운영센터 입니다. 

서초AICT 운영센터에서는 「2026년 서초AICT 고성능 컴퓨팅 인프라 지원사업」에 참여할 AI·ICT 분야 중소·벤처기업 및 스타트업을 모집합니다.

고성능 컴퓨팅 자원을 활용하여 AI 연구·개발을 추진하고자 하는 기업의 많은 관심과 참여 바랍니다.",서울시 서초구 양재·우면동 소재 기업 중 AI 연구·개발을 추진하고자 하는 AI·ICT 산업 관련 중소·벤처기업 및 스타트업 기업,,https://www.k-startup.go.kr/web/contents/bizpbanc-ongoing.do?schM=view&pbancSn=178939,kstartup,178939,2026-08-20 18:24,2026-08-21 20:53,3370fe3c-216b-4779-99d7-e828bbc3e277,서울,시설ㆍ공간ㆍ보육,일반기업,"예비창업자,1년미만,2년미만,3년미만,5년미만,7년미만,10년미만","만 20세 미만,만 20세 이상 ~ 만 39세 이하,만 40세 이상",운영팀,07042723916,,N
해외바이어 초청 '글로벌 비즈니스 상담회 2026'  참가기업 모집,서울경제진흥원,공공기관(public),경진대회·행사(contest),2026-08-13 00:00,2026-08-31 23:59,Y,개인사업자(individual) | 법인(corporate),서울,,,10,,,,,,20,,,단발(once),서울경제진흥원(SBA)은 서울 우수 중소기업의 글로벌 시장 진출 및 해외 판로개척을 지원하기 위하여 해외 바이어를 초청하고 국내·외  투자사·파트너사와 함께하는「글로벌 비즈니스 상담회 2026」를 개최합니다. 해외 진출을 희망하는 서울 소재 중소기업의 많은 관심과 참여를 바랍니다.,"해외 판로개척을 희망하는 서울 소재 중소기업(본사, 지점, 연구소 등 1곳 이상 보유)",,https://www.k-startup.go.kr/web/contents/bizpbanc-ongoing.do?schM=view&pbancSn=178943,kstartup,178943,2026-08-20 18:24,2026-08-21 20:53,0bab0ba6-98d2-4140-8914-4cbaec638f6b,서울,행사ㆍ네트워크,일반기업,"1년미만,2년미만,3년미만,5년미만,7년미만,10년미만","만 20세 이상 ~ 만 39세 이하,만 40세 이상",지자체네트워크팀,0220882507,,N
2026년 한국광해광업공단  상생형 창업‧벤처기업 지원사업 참여기업 모집,한국광해광업공단,민간(private),사업화자금(funding),2026-08-14 00:00,2026-08-31 23:59,Y,예비창업자(preliminary) | 개인사업자(individual) | 법인(corporate),,,,7,,,,,,,,,단발(once),"우수한 창업·벤처기업의 발굴 및 사업화 자금지원 등을 통한 국내 중소기업의 육성과 발전을 위하여 다음과 같이 창업·벤처기업 지원 사업을 시행하오니, 많은 참여를 바랍니다.",창업 7년이내 중소기업 혹은 벤처기업(벤처인증서 보유시 업력 무관),,https://www.k-startup.go.kr/web/contents/bizpbanc-ongoing.do?schM=view&pbancSn=178946,kstartup,178946,2026-08-20 18:24,2026-08-21 20:53,6253e93a-b259-48b4-be9a-11cecf5c7112,전국,사업화,"청소년,대학생,일반인,대학,연구기관,일반기업,1인 창조기업",7년미만,"만 20세 미만,만 20세 이상 ~ 만 39세 이하,만 40세 이상",글로벌창업성장센터,0262404787,,N
"[2026 창업지원사업 통합공고 요약본, 챗봇 제공] 지원사업 준비를 AI와 함께 하는 방법",(주)위커밋,민간(private),사업화자금(funding),2026-02-08 00:00,2026-09-01 23:59,Y,예비창업자(preliminary) | 개인사업자(individual) | 법인(corporate),,,,10,,,,,,,,,단발(once),"본 지원은 정부·지자체 지원사업 참여 기업의 행정 부담 완화 및 문서 품질 향상을 목적으로,
AI 기반 문서 자동화 솔루션을 활용한 무상 지원 프로그램입니다.",지원사업 정보에 관심이 있는 모든 분에게 무상(무료)로 제공됩니다.,,https://www.k-startup.go.kr/web/contents/bizpbanc-ongoing.do?schM=view&pbancSn=175817,kstartup,175817,2026-08-20 18:25,2026-08-21 20:53,0607188f-cf47-4e88-837e-eec0d5029935,전국,사업화,"청소년,대학생,일반인,대학,연구기관,일반기업,1인 창조기업","예비창업자,1년미만,2년미만,3년미만,5년미만,7년미만,10년미만","만 20세 미만,만 20세 이상 ~ 만 39세 이하,만 40세 이상",사업팀,07045144115,,N
공공기술 기반 오픈이노베이션 밋업(with SK에코플랜트) 참여기업 모집 공고,씨엔티테크,민간(private),경진대회·행사(contest),2026-08-10 00:00,2026-09-01 23:59,Y,예비창업자(preliminary) | 개인사업자(individual) | 법인(corporate),,,,7,,,,,,20,,,단발(once),"씨엔티테크·단국대기술지주회사·충남산학융합원은 「2026 기술경영촉진 컴퍼니빌더 지원형」사업의 일환으로, 공공기술 기반 우수 (예비)창업기업과 SK에코플랜트 간의 오픈이노베이션을 추진합니다.
본 밋업을 통해 실질적인 사업화 및 협력 기회를 창출하고자 하오니, 혁신 역량을 갖춘 우수 기업의 많은 관심과 참여 바랍니다.","공공기술 기반 창업 예정자 및 7년 이내 창업기업
※ 공공기술 기반: 대학 및 출연연 기술이전, 교원창업, 실험실 창업 등","금융기관 등으로부터 채무불이행으로 규제 중인 대표자 및 기업
국세 또는 지방세 체납으로 규제 중인 대표자 및 기업
공고일 기준 휴업 중인 기업",https://www.k-startup.go.kr/web/contents/bizpbanc-ongoing.do?schM=view&pbancSn=178880,kstartup,178880,2026-08-20 18:24,2026-08-21 20:53,b0d63935-9758-48cc-bf6d-1e92f61ba08b,전국,행사ㆍ네트워크,"대학생,일반인,대학,연구기관,일반기업,1인 창조기업","예비창업자,1년미만,2년미만,3년미만,5년미만,7년미만","만 20세 이상 ~ 만 39세 이하,만 40세 이상",스타트업액셀러레이팅,0231520934,,N
2026 대구·경북 스타트업 페스티벌 연계 제10회 대구 스타트업 오픈이노베이션 밋업데이(Meet-up)  참여 스타트업 모집,"재단법인 대구창조경제혁신센터 대표이사,  경북대학교 창업지원단장",공공기관(public),경진대회·행사(contest),2026-07-29 00:00,2026-09-01 23:59,Y,예비창업자(preliminary) | 개인사업자(individual) | 법인(corporate),,,,10,,,,,,,,,단발(once),"대구창조경제혁신센터와 경북대학교 창업지원단은 대구광역시와 중소벤처기업부의 지원으로, 선도기업과 지역 스타트업 간 실증·협업 과제 발굴을 지원하기 위한 「제10회 대구 스타트업 오픈이노베이션 밋업데이」를 운영하고, 본 밋업에 참여할 스타트업을 모집하오니 많은 관심과 참여를 바랍니다.","참여 선도기업과의 미팅을 희망하는 전국 소재의 공고일 기준 만 7년 이내 창업기업 
*신산업 창업 분야의 경우, 만 10년 이내 참여 가능",,https://www.k-startup.go.kr/web/contents/bizpbanc-ongoing.do?schM=view&pbancSn=178934,kstartup,178934,2026-08-20 18:24,2026-08-21 20:53,45b65dfe-e595-47a6-afd4-402315227fee,전국,행사ㆍ네트워크,"청소년,대학생,일반인,대학,연구기관,일반기업,1인 창조기업","7년미만,10년미만","만 20세 미만,만 20세 이상 ~ 만 39세 이하,만 40세 이상",AX혁신팀,0537596397,,N
[창업] 창업가를 위한 온라인 판매 실전,마포청년창업취업지원센터 나루,공공기관(public),교육·멘토링(education),2026-08-18 00:00,2026-09-01 23:59,Y,예비창업자(preliminary) | 개인사업자(individual) | 법인(corporate),,,,3,,,,,,20,39,,단발(once),"[창업] 창업가를 위한 온라인 판매 실전 창업교육을 진행하오니, 많은 관심과 지원 부탁드립니다.",예비 및 초기 청년(만 19세~39세) 창업자,,https://www.k-startup.go.kr/web/contents/bizpbanc-ongoing.do?schM=view&pbancSn=178935,kstartup,178935,2026-08-20 18:24,2026-08-21 20:53,52ce14be-e9e0-4920-ba31-1fc4509f4439,전국,창업교육,"대학생,일반인,대학,연구기관,일반기업,1인 창조기업","예비창업자,1년미만,2년미만,3년미만",만 20세 이상 ~ 만 39세 이하,취창업지원,0262611939,,N
2026년 제3차 보건신기술(NET) 인증사업 신규인증 및 기간연장 신청,한국보건산업진흥원,공공기관(public),사업화자금(funding),2026-07-15 00:00,2026-09-02 23:59,Y,예비창업자(preliminary) | 개인사업자(individual) | 법인(corporate),,,,10,,,,,,,,,단발(once),「보건의료기술 진흥법」제8조 및 같은 법 시행규칙 제6조에 따라 2026년도 제3차 보건신기술(NET)인증 신청기술 및 인증기간 연장신청 접수를 다음과 같이 공고합니다.,"보건신기술을 보유한 우수 기업, 연구기관, 개인",,https://www.k-startup.go.kr/web/contents/bizpbanc-ongoing.do?schM=view&pbancSn=178571,kstartup,178571,2026-08-20 18:24,2026-08-21 20:53,e55116a7-d7fa-4936-a6f7-8174d6e43c27,전국,사업화,"청소년,대학생,일반인,대학,연구기관,일반기업,1인 창조기업","예비창업자,1년미만,2년미만,3년미만,5년미만,7년미만,10년미만","만 20세 미만,만 20세 이상 ~ 만 39세 이하,만 40세 이상",보건산업육성단,0431738592,,N
[LH한국토지주택공사] 판교 제2테크노밸리 기업성장센터(F2블록) 산업시설 입주기업 추가 모집 공고,한국토지주택공사 경기남부지역본부,공공기관(public),입주공간(space),2026-08-04 00:00,2026-09-02 23:59,Y,예비창업자(preliminary) | 개인사업자(individual) | 법인(corporate),경기,,,10,,,,,,,,,단발(once),판교 제2테크노밸리 LH 기업성장센터(F2블록)의 산업시설(임대) 잔여호실에 대한 입주기업 추가 모집공고를 붙임과 같이 게시합니다.,"- 산업집적법 제28조의5(지식산업센터에의 입주) 제1항제1호 및 제2호, 동법 시행령 제6조(산업단지의 입주자격),
             제36조의4(지식산업센터에의 입주) 제1항에 의한 입주자격을 갖춘 민간기업 또는 지원기관

․ 민간기업 : 「본사 또는 전체사업장」이 수도권에 소재한 기업으로서 창업(개인,법인) 후 사업개시일*로부터
                            「10년차 이하(신청접수일자 기준)」에 해당하고 입주시설에서 관리기본계획상 허용 업종을 영위할 기업

․ 지원기관 :  첨단제조업, 지식·문화·정보통신 업종의 지원·육성을 위한 관계 법령에 의해 설립된 법인으로서
                         『판교 제2테크노밸리 도시첨단산업단지 관리 기본계획』(이하 관리기본계획)에서 정한  산업시설구역 내의 
                               지식산업센터 입주자격을 갖춘 공기업 및 준정부기관

* 사업개시일 기준 : 개인은 사업자등록증상 사업개시일, 법인은 법인등기부등본상 법인설립등기일","①    산업집적법 제28조의5 및 동법 시행령 제36조의4의 규정에 의한 입주자격 및 대상이 아닌 업종

② 『대기환경보전법』에 의한 특정대기유해물질, 『물환경보전법』에 의한 특정수질유해물질의 배출업종, 『악취방지법』, 『폐기물관리법』, 『유해화학물질관리법』 등에 의한 환경오염물질을 배출하여 환경오염을 유발하는 업종

③    그 외 특정유해물질이 발생되는 업종(도금업 등), 폐수를 발생시키는 업종(피혁, 염색, 제지업 등), 대기오염 다량배출업종(석유화학공업, 타이어제조업, 철강업, 시멘트제조업 등)은 입주제외",https://www.k-startup.go.kr/web/contents/bizpbanc-ongoing.do?schM=view&pbancSn=178785,kstartup,178785,2026-08-20 18:24,2026-08-21 20:53,e472ecbf-5a8a-463c-8835-d93b1e96529f,경기,시설ㆍ공간ㆍ보육,"일반인,대학,연구기관,일반기업,1인 창조기업","예비창업자,1년미만,2년미만,3년미만,5년미만,7년미만,10년미만","만 20세 미만,만 20세 이상 ~ 만 39세 이하,만 40세 이상",임대공급운영1팀,0312508269,,N
『BOUNCE 2026』 '스타트업 오픈이노베이션 페스타' 참여 스타트업 모집,부산창조경제혁신센터,공공기관(public),교육·멘토링(education),2026-08-11 00:00,2026-09-02 23:59,Y,개인사업자(individual) | 법인(corporate),,,,7,,,,,,,,,단발(once),"( 재 ) 부산창조경제혁신센터에서는  대 · 중견기업과 스타트업 간 연계 및 협업을 도모하기 위해 
『 BOUNCE 2026 』 '스타트업 오픈이노베이션 페스타'를 개최하오니 참여를 희망하시는 스타트업의 많은 신청 바랍니다 .",(공고일 기준) 전국 소재 업력 7년 미만 스타트업,예비창업자,https://www.k-startup.go.kr/web/contents/bizpbanc-ongoing.do?schM=view&pbancSn=178883,kstartup,178883,2026-08-20 18:24,2026-08-21 20:53,b09ccdeb-01c8-4aca-8b5d-8a1063e6f18f,전국,멘토링ㆍ컨설팅ㆍ교육,일반기업,7년미만,"만 20세 미만,만 20세 이상 ~ 만 39세 이하,만 40세 이상",글로벌 오픈이노베이션팀,0517498931,,N
디캠프 9월 오피스아워 #벤처투자·#사업협력 모집,재단법인 은행권청년창업재단,민간(private),교육·멘토링(education),2026-08-18 00:00,2026-09-02 23:59,Y,예비창업자(preliminary) | 개인사업자(individual) | 법인(corporate),,,,10,,,,,,,,,단발(once),"스타트업의 ‘만남’이 다음 투자와 협업으로 이어질 수 있도록, 디캠프 9월 오피스아워 참가 스타트업을 모집합니다.
이번 9월 디캠프 오피스아워에는 국내외 주요 투자기관 12곳과 아모레퍼시픽, 에쓰오일, 쿠팡 등 사업협력 파트너가 함께합니다.

기업의 성장 단계와 산업 분야에 맞는 투자사를 1:1로 만나 투자 가능성을 논의하고, 각 산업 현장의 실제 수요를 바탕으로 PoC와 후속 사업협력 기회도 확인해 보세요.
투자사와 산업 파트너를 한자리에서 만나 #투자유치와 #사업협력의 다음 기회를 만들어 보세요.",투자유치 또는 사업협력 멘토링이 필요한 스타트업,,https://www.k-startup.go.kr/web/contents/bizpbanc-ongoing.do?schM=view&pbancSn=178938,kstartup,178938,2026-08-20 18:24,2026-08-21 20:53,f14179a5-279b-47b2-8b88-a356c775ee9d,전국,멘토링ㆍ컨설팅ㆍ교육,"일반기업,1인 창조기업","예비창업자,1년미만,2년미만,3년미만,5년미만,7년미만,10년미만","만 20세 미만,만 20세 이상 ~ 만 39세 이하,만 40세 이상",디캠프 리소스,0220301138,,N
2026년 성장플러스 창업사업화 지원사업 참여기업 모집,달구벌여성인력개발센터,민간(private),사업화자금(funding),2026-07-20 00:00,2026-09-03 23:59,Y,예비창업자(preliminary) | 개인사업자(individual) | 법인(corporate),대구,,,7,,,,,,20,,,단발(once),"달구벌여성인력개발센터는 대구 서구 소재 영업장(사업자등록증 기준)의 3년 초과 7년 이내 창업기업  대상으로 사업화자금을 지원하여 창업기업의 정착과 성장을 지원하고,
지역 경제 활성화 도모를 위해 다음과 같이 「2026년 성장플러스 창업사업화 지원사업」을 시행하오니 많은 참여 바랍니다.",공고일 기준 대구 서구 소재 영업장(사업자등록증 기준)의 3년 초과 7년 이내 창업기업,"▶ 「중소기업창업 지원법 시행령」 제4조(창업에서 제외되는 업종)의 업종을 영위하고 있거나 영위하고자 하는 자(기업)
▶ 신청일 기준 동 사업에 신청하는 사업자가 휴·폐업 중인 자(기업)
▶ 국세 또는 지방세 체납 중이거나 금융기관 등의 채무불이행 상태인 경우
▶ 「근로기준법」에 따라 고용노동부가 공개하는 체불사업주 명단에 포함된 자(기업)
▶ 사업주관기관이 지정한 은행 계좌(사업비 계좌) 개설 및 거래가 불가한 자(기업)
▶ 「보조금 관리에 관한 법률」 제 31조의2(보조사업 수행 배제 등)에 따라 수행대상에서 배제된 자(기업)
▶ 타 창업지원사업에 참여 제한으로 제재 중인 자(기업)
▶ 타 사업화지원사업 주관기관으로부터 발생한 환수금 등의 반환이 종결되지 않은 기업
▶ 동일한 사업화 과제로 타 기관 창업지원사업을 수행중인 자(기업)
▶ 기타 사업주관기관의 장이 참여를 제한할 정당한 사유가 있다고 인정하는 자(기업)",https://www.k-startup.go.kr/web/contents/bizpbanc-ongoing.do?schM=view&pbancSn=178622,kstartup,178622,2026-08-20 18:24,2026-08-21 20:53,602bcf77-0b81-47a0-af48-b607ea2a4a69,대구,사업화,"대학생,일반인,일반기업,1인 창조기업","5년미만,7년미만","만 20세 이상 ~ 만 39세 이하,만 40세 이상",살맛나는 서구팀,0532851331,,N
2026년 창업진흥원 정책 아이디어 공모전,창업진흥원,공공기관(public),경진대회·행사(contest),2026-08-03 00:00,2026-09-03 23:59,Y,예비창업자(preliminary) | 개인사업자(individual) | 법인(corporate),,,,10,,,,,,,,,단발(once),창업진흥원은 창업 환경을 개선할 수 있는 실현 가능성 높은 아이디어 발굴을 위해 '2026년 창업진흥원 정책 아이디어 공모전' 참여자를 아래와 같이 모집합니다.,"창업, 지역상생·동반성장 관련 정책 아이디어나 관심이 있는 자(개인)",창업진흥원 임직원,https://www.k-startup.go.kr/web/contents/bizpbanc-ongoing.do?schM=view&pbancSn=178709,kstartup,178709,2026-08-20 18:24,2026-08-21 20:53,3d931078-a489-4839-a2b5-c253c05ee54e,전국,행사ㆍ네트워크,"청소년,대학생,일반인,대학,연구기관,일반기업,1인 창조기업","예비창업자,1년미만,2년미만,3년미만,5년미만,7년미만,10년미만","만 20세 미만,만 20세 이상 ~ 만 39세 이하,만 40세 이상",성과윤리실,0444101636,,N
[한국투자액셀러레이터] 바른동행 3차 모집｜선발 시 최대 5억원 투자,한국투자액셀러레이터,민간(private),사업화자금(funding),2026-08-07 00:00,2026-09-03 23:59,Y,예비창업자(preliminary) | 개인사업자(individual) | 법인(corporate),,,,3,,,,,,,,,단발(once),"한국투자액셀러레이터의 바른동행은 스타트업을 위한 초기 투자 프로그램입니다.
더 커진 규모와 더 넓어진 기준으로 
최대 5억 원의 투자와 함께, 그룹의 폭넓은 인프라와 네트워크를 통해 스타트업의 성장으로 연결합니다.","창업 3년 이내, Pre-valuation
100억 원 이하 기업 (예비창업자 포함)",,https://www.k-startup.go.kr/web/contents/bizpbanc-ongoing.do?schM=view&pbancSn=178844,kstartup,178844,2026-08-20 18:24,2026-08-21 20:53,b6671384-8946-435b-8f1c-470b6461496d,전국,사업화,"청소년,대학생,일반인,대학,연구기관,일반기업,1인 창조기업","예비창업자,1년미만,2년미만,3년미만","만 20세 미만,만 20세 이상 ~ 만 39세 이하,만 40세 이상",사업운영실,0263561410,,N
충북 제37기(26년 4기) IP창업존 특화과정((예비)창업자 및 「모두의 창업」선정자 대상) 교육생 모집 공고,충북지식재산센터장,공공기관(public),교육·멘토링(education),2026-08-12 00:00,2026-09-03 23:59,Y,예비창업자(preliminary) | 개인사업자(individual) | 법인(corporate),충북,,,7,,,,,,,,,단발(once),"청주상공회의소 충북지식재산센터는 지식재산 기반 아이디어와 기술을 보유한 예비창업자, 대학생, 일반인을 대상으로 강력한 지식재산권 획득과 사업화 극대화를 위한 「2026년 IP창업ZONE 제37기」 교육생을 모집합니다.","충북도내 (예비)창업자,「모두의 창업」선정자 등",,https://www.k-startup.go.kr/web/contents/bizpbanc-ongoing.do?schM=view&pbancSn=178888,kstartup,178888,2026-08-20 18:24,2026-08-21 20:53,711839a3-1834-42df-896b-f7711991b944,충북,멘토링ㆍ컨설팅ㆍ교육,"청소년,대학생,일반인,대학,연구기관,일반기업,1인 창조기업","예비창업자,1년미만,2년미만,3년미만,5년미만,7년미만","만 20세 미만,만 20세 이상 ~ 만 39세 이하,만 40세 이상",충북지식재산센터,0432292735,,Y
2026년 지역 혁신 Start-up Demo Day,차세대융합기술연구원,공공기관(public),경진대회·행사(contest),2026-08-12 00:00,2026-09-03 23:59,Y,예비창업자(preliminary) | 개인사업자(individual) | 법인(corporate),경기,,,7,,,,,,20,,,단발(once),"제조 분야의 유망 창업기업 발굴 및 투자역량 강화를 기반으로, 실질적인 후속연계 기회 제공을 위한 투자연계형 IR 프로그램을 개최하오니 많은 관심과 참여 바랍니다.",경기도 사업장 소재지 제조분야 (예비)창업자 또는 소재지 창업기업(7년이내),"1. 중소기업창업 지원법에 따른 창업 제외 업종, 사행성 등 반사회적 성격의 아이템
2. “도전! K-스타트업 왕중왕전 2016~2025” 기 수상자 또는 수상 아이템
3. 동일·유사 아이템으로 과거 他 창업경진대회에서 누적 상금 3천만원 이상 받은 자",https://www.k-startup.go.kr/web/contents/bizpbanc-ongoing.do?schM=view&pbancSn=178900,kstartup,178900,2026-08-20 18:24,2026-08-21 20:53,21eb66f1-558e-499a-8240-b4d4129b8abb,경기,행사ㆍ네트워크,"대학생,일반인,일반기업,1인 창조기업","예비창업자,1년미만,2년미만,3년미만,5년미만,7년미만","만 20세 이상 ~ 만 39세 이하,만 40세 이상",연구기획실 메이커스페이스 전문랩,0318889552,,N
[도봉구 청년창업센터] 2026 도봉 청년창업 아이디어 경진대회 참가자 모집,도봉구 청년창업센터장,공공기관(public),경진대회·행사(contest),2026-08-12 00:00,2026-09-03 23:59,Y,예비창업자(preliminary) | 개인사업자(individual) | 법인(corporate),,,,3,,,,,,20,,,단발(once),도봉구 청년창업센터에서는 청년창업 문화를 활성화하고 우수한 창업 아이디어를 발굴·확산하고자 「2026 도봉 청년창업 아이디어 경진대회」를 개최합니다.  성장 가능성과 창의성을 갖춘 청년 (예비)창업가 여러분의 많은 관심과 참여 바랍니다.,"19세~45세 전국 청년 예비창업자 또는 3년 미만 창업기업 대표자
 - 연령기준 : 1980. 8. 13.～2007. 8. 12. 출생자(대표자)","1) 신청 아이템으로 주최·주관기관이 최근 3년간 개최한 창업경진대회에서 이미 수상한 자, 팀 또는 기업
2) 동일·유사한 아이템으로 다른 중앙행정기관, 지방자치단체 또는 공공기관이 개최한 창업경진대회에서 수상하여 중복수상 제한에 해당하는 자
3) 제출서류를 허위로 작성하거나 사실을 은폐한 자, 타인의 명의를 사용한 자 또는 대리 발표를   한 자
4) 신청 아이템과 관련하여 분쟁 또는 소송이 진행 중인 자
5) 타인의 특허권·실용신안권·상표권·저작권 등 지식재산권을 침해하거나 침해할 우려가 있는 아이템, 「중소기업창업 지원법 시행령」       
     제4조에 따른 창업에서 제외되는 업종에 해당하거나 사회통념상 지원이 부적절한 아이템을 제출한 자
6) 그 밖에 주최·주관기관이 대회의 목적 및 공정한 운영에 부적합하다고 판단되는 자",https://www.k-startup.go.kr/web/contents/bizpbanc-ongoing.do?schM=view&pbancSn=178914,kstartup,178914,2026-08-20 18:24,2026-08-21 20:53,456fe732-97fb-4e40-bc74-d99d7191e3b5,전국,행사ㆍ네트워크,"대학생,일반인,일반기업,1인 창조기업","예비창업자,1년미만,2년미만,3년미만","만 20세 이상 ~ 만 39세 이하,만 40세 이상",도봉구 청년창업센터 창업운영팀,0263159900,,N
2026년 라이브커머스 플랫폼을 활용한 쇼호스트 교육생 모집,경기도경제과학진흥원,공공기관(public),교육·멘토링(education),2026-08-03 00:00,2026-09-04 23:59,Y,예비창업자(preliminary) | 개인사업자(individual) | 법인(corporate),경기,,,10,,,,,,,,,단발(once),하남시 관내 우수인재를 발굴하여 라이브커머스를 진행할 수 있는 교육생을 양성하고자 하는 교육이오니 많은 관심과 참여 바랍니다,하남시 소재 거주자 및 사업장 임직원,,https://www.k-startup.go.kr/web/contents/bizpbanc-ongoing.do?schM=view&pbancSn=178766,kstartup,178766,2026-08-20 18:24,2026-08-21 20:53,6a843f69-a0af-4215-ad61-6c8cc295a6b5,경기,멘토링ㆍ컨설팅ㆍ교육,"청소년,대학생,일반인,대학,연구기관,일반기업,1인 창조기업","예비창업자,1년미만,2년미만,3년미만,5년미만,7년미만,10년미만","만 20세 미만,만 20세 이상 ~ 만 39세 이하,만 40세 이상",동부창업허브팀,0318308541,,N
[광운대학교] 『모두의 창업 프로젝트 2기』지역별 사업 설명회 통합 안내,광운대학교 NCI창업패키지사업단,공공기관(public),사업화자금(funding),2026-08-13 00:00,2026-09-04 23:59,Y,예비창업자(preliminary) | 개인사업자(individual) | 법인(corporate),,,,7,,,,,,,,,단발(once),"「모두의 창업 프로젝트 2기」 기술·일반분야 지원을 희망하는 예비창업자를 대상으로 사업 이해도 제고 및 원활한 참여 준비를 지원하기 위해 사업설명 및 Q&A, 신청서 작성 특강, 사전 지원 프로그램 안내 등을 포함한 「모두의 창업 프로젝트 2기 찾아가는 설명회」를 개최하오니 많은 관심과 참여 바랍니다.",'모두의 창업' 2기 기술/일반분야 지원 희망자 및 관심 있는 예비창업자 누구나,,https://www.k-startup.go.kr/web/contents/bizpbanc-ongoing.do?schM=view&pbancSn=178911,kstartup,178911,2026-08-20 18:24,2026-08-21 20:53,692819ae-e02e-46a4-b86e-c546870bb5ef,전국,사업화,"청소년,대학생,일반인,대학,연구기관,일반기업,1인 창조기업","예비창업자,1년미만,2년미만,3년미만,5년미만,7년미만","만 20세 미만,만 20세 이상 ~ 만 39세 이하,만 40세 이상",광운대학교 산학협력단 NCI창업패키지사업단,029408530,,Y
2026년 광주 IP(지식재산)디딤돌 IP창업존 62기(26년 4기) 모집 공고,한국발명진흥회 광주지부(광주지식재산센터),공공기관(public),교육·멘토링(education),2026-08-13 00:00,2026-09-04 23:59,Y,예비창업자(preliminary),전남광주,,,0,,,,,,,,,단발(once),"한국발명진흥회 광주지부(광주지식재산센터)는 광주광역시 내에서 아이디어를 발굴하고 이를 지식재산으로 발전시켜 사업화까지 연계함으로써, 지역 창업 생태계 활성화에 기여하고자 「IP창업존 62기(26년 4기)」과정을 운영합니다.
창업 및 지식재산에 관심 있는 분들의 많은 참여 바랍니다.","• 예비창업자: 광주광역시에 거주하며 사업화 가능한 아이디어를 보유하고 창업 의지가 명확한 자
• 재학생: 광주 소재 대학(원)에 재학 중인 학생으로 창업 또는 지식재산권에 관심이 있는 자
※ 기창업자(2026년 이전 창업)는 교육 수강 가능하나 권리화 지원 제외",,https://www.k-startup.go.kr/web/contents/bizpbanc-ongoing.do?schM=view&pbancSn=178913,kstartup,178913,2026-08-20 18:24,2026-08-21 20:53,b7c03da1-77e4-4f2e-ad81-0b4aeed18c8d,전남광주,멘토링ㆍ컨설팅ㆍ교육,"대학생,일반인",예비창업자,"만 20세 미만,만 20세 이상 ~ 만 39세 이하,만 40세 이상",광주지식재산센터,0626049248,,Y
2026년「BTS」(Blueprint To Success) - 마인드 마이너 송길영 작가,광운대학교 NCI창업패키지사업단,공공기관(public),사업화자금(funding),2026-07-23 00:00,2026-09-05 23:59,Y,예비창업자(preliminary) | 개인사업자(individual) | 법인(corporate),,,,10,,,,,,,,,단발(once),"시대와 시장의 변화 흐름을 바탕으로 예비창업자가 새로운 창업 기회를 발견하고, 선배 창업자의 실제 경험과 노하우를 통해 성공적인 창업 실행 전략을 구체화할 수 있도록 다음과 같이 
「2026 BTS(Blueprint To Success)」 창업 인사이트 프로그램을 개최하오니 많은 관심과 참여 바랍니다.",창업에 관심이 있는 누구나,,https://www.k-startup.go.kr/web/contents/bizpbanc-ongoing.do?schM=view&pbancSn=178575,kstartup,178575,2026-08-20 18:24,2026-08-21 20:53,2bd561dc-0656-4208-ba31-f7fae76169db,전국,사업화,"청소년,대학생,일반인,대학,연구기관,일반기업,1인 창조기업","예비창업자,1년미만,2년미만,3년미만,5년미만,7년미만,10년미만","만 20세 미만,만 20세 이상 ~ 만 39세 이하,만 40세 이상",광운대학교 산학협력단 NCI창업패키지사업단,029408530,,Y
'스타트업이 알아야 할 스테이블코인이 바꾸는 금융의 미래' 비대면 교육 모집,서울핀테크랩,공공기관(public),교육·멘토링(education),2026-07-28 00:00,2026-09-06 23:59,Y,예비창업자(preliminary) | 개인사업자(individual) | 법인(corporate),,,,10,,,,,,,,,단발(once),서울핀테크랩에서는 디지털 자산에 관심 있는 스타트업을 대상으로 제18회 FIN-아카데미 '스타트업을 위한 스테이블코인이 바꾸는 금융의 미래'  교육을 운영합니다.,디지털 자산 및 블록체인에 관심 있는 스타트업 등 누구나,,https://www.k-startup.go.kr/web/contents/bizpbanc-ongoing.do?schM=view&pbancSn=178722,kstartup,178722,2026-08-20 18:24,2026-08-21 20:53,8460ca04-fce0-496b-b46f-1fb4e417678e,전국,멘토링ㆍ컨설팅ㆍ교육,"청소년,대학생,일반인,대학,연구기관,일반기업,1인 창조기업","예비창업자,1년미만,2년미만,3년미만,5년미만,7년미만,10년미만","만 20세 미만,만 20세 이상 ~ 만 39세 이하,만 40세 이상",서울핀테크랩,027860664,,N
2026-10회 호남권 엔젤투자 피칭룸 in 제주,한국엔젤투자협회 호남권 엔젤투자허브,민간(private),교육·멘토링(education),2026-08-05 00:00,2026-09-06 23:59,Y,예비창업자(preliminary) | 개인사업자(individual) | 법인(corporate),제주,,,7,,,,,,,,,단발(once),⌜호남권 엔젤투자 피칭룸⌟ 은 한국엔젤투자협회에서 호남권 소재(광주·전남·전북·제주)의 스타트업의 투자유치 연계를 지원하는 투자 상담 프로그램입니다. 투자유치에 관심있으신 호남권 소재 스타트업 대표님과 예비창업자분들의 많은 관심과 참여 부탁드립니다.,"창업 7년 이내 제주 소재 스타트업 및 예비창업자
*전남광주, 전북 별도 운영",,https://www.k-startup.go.kr/web/contents/bizpbanc-ongoing.do?schM=view&pbancSn=178816,kstartup,178816,2026-08-20 18:24,2026-08-21 20:53,beb92abf-3bde-4c65-9138-1af89a55758c,제주,멘토링ㆍ컨설팅ㆍ교육,"청소년,대학생,일반인,대학,연구기관,일반기업,1인 창조기업","예비창업자,7년미만","만 20세 미만,만 20세 이상 ~ 만 39세 이하,만 40세 이상",호남권 엔젤투자허브,0623699324,,N
『2026년 제3회 창업지원센터 청년관 신규 1인창조기업 모집』공고,수원도시재단,공공기관(public),입주공간(space),2026-08-12 00:00,2026-09-06 23:59,Y,예비창업자(preliminary) | 개인사업자(individual) | 법인(corporate),,,,7,,,,,,20,39,,단발(once),수원도시재단에서는 혁신 역량을 갖춘 청년 (예비)창업기업을 발굴·육성하기 위해 「2026년 제3회 창업지원센터 청년관 신규 1인창조기업」을 다음과 같이 모집합니다. 관심 있는 청년창업자 여러분의 많은 신청 바랍니다.,"❍ 공고일 기준 대표자가 만 19세 이상 39세 이하인 자로서 다음 각 호 중 어느 하나에 해당하는 자 
     ⦁예비창업자: 「1인 창조기업 육성에 관한 법률」에 따른 1인 창조기업 대상 업종으로 청년관 입주 후 3개월 이내 창업이 가능한 자
     ⦁기창업자: 「1인 창조기업 육성에 관한 법률」 제2조에 따른 1인 창조기업으로서 공고일 기준 사업을 개시한 날부터 7년이 지나지 아니한 기업
　     ※ 같은 법 제3조에 따른 1인 창조기업 인정특례 적용 기업 포함","❍ 입주 후 본사 주소지를 창업지원센터 청년관으로 이전하지 않는 경우
      (연구소, 지사, 지점 등으로 입주를 희망하는 경우)
   ❍ 금융기관으로부터 채무불이행으로 규제 중인개인, 기업 또는 휴․폐업 중인 자
   ❍ 국세 및 지방세 체납 중인 개인 또는 기업
   ❍ 중소기업창업지원법 시행령 제4조(창업에서 제외되는 업종)의 업종을 영위하고자 하는 자(기업) 및 공해 유발 등 센터에 부적합하다고 인정되는 개인 또는 기업【별첨】(공고문 참고)
   ❍ 서류평가 시 기타사항으로 부적합하다고 인정되는 경우",https://www.k-startup.go.kr/web/contents/bizpbanc-ongoing.do?schM=view&pbancSn=178887,kstartup,178887,2026-08-20 18:24,2026-08-21 20:53,34913b52-45d2-46a5-afa0-dd82312470ad,전국,시설ㆍ공간ㆍ보육,1인 창조기업,"예비창업자,1년미만,2년미만,3년미만,5년미만,7년미만",만 20세 이상 ~ 만 39세 이하,창업지원센터,0312806364,,N
디캠프 x HAX Hardtech Pre-Program US Forged,재단법인 은행권청년창업재단,민간(private),교육·멘토링(education),2026-08-10 00:00,2026-09-06 23:59,Y,개인사업자(individual) | 법인(corporate),,,,10,,,,,,,,,단발(once),"디캠프는 글로벌 벤처캐피탈 SOSV의 하드테크 투자 프로그램인 HAX와 함께 딥테크·하드테크 스타트업의 미국 시장 진출 및 글로벌 투자 유치를 지원하는 US forged 프로그램을 운영합니다.

본 프로그램은 HAX와 함께 미국 시장의 첫 고객과 핵심 Use Case를 구체화하고, 시장 진입 전략부터 PoC·Pilot 사업화, 글로벌 투자 준비까지 단계적으로 고도화하는 프로그램입니다. Robotics, Advanced Manufacturing, Energy·Climate Tech, Semiconductor, Sensor·Edge Device, Physical AI 등 다양한 딥테크·하드테크 분야의 미국 시장 진출 가능성을 함께 검토합니다.","미국 시장 진출 및 글로벌 투자 유치를 준비하고 있는 딥테크·하드테크 스타트업이라면 지원 가능합니다.

● Pre-Seed ~ Seed 단계 기업
● Robotics, Advanced Manufacturing, Energy·Climate Tech, Semiconductor, Sensor·Edge Device, Physical AI 등 딥테크·하드테크 분야 기업
● 미국 시장 진출 및 현지 고객 발굴을 준비 중인 기업
● PoC·Pilot 등 미국 내 사업화 기회를 구체적으로 검토하고 있는 기업
● 글로벌 VC 투자 유치를 준비하고 있는 기업

※ 영문 IR Deck 제출이 필수입니다.",,https://www.k-startup.go.kr/web/contents/bizpbanc-ongoing.do?schM=view&pbancSn=178902,kstartup,178902,2026-08-20 18:24,2026-08-21 20:53,edb1cbd4-32f0-4dd9-bf25-38ba8cd57be2,전국,멘토링ㆍ컨설팅ㆍ교육,일반기업,"1년미만,2년미만,3년미만,5년미만,7년미만,10년미만","만 20세 미만,만 20세 이상 ~ 만 39세 이하,만 40세 이상",디캠프 글로벌사업팀,0220301125,,N
2026년「강남 취‧창업허브센터」7차 입주 기업 신규 모집,서울특별시 강남구청,민간(private),입주공간(space),2026-08-18 00:00,2026-09-06 23:59,Y,예비창업자(preliminary) | 개인사업자(individual) | 법인(corporate),서울,,,7,,,,,,20,,,단발(once),우수한 기술과 참신한 아이디어를 보유한 창업 초기 기업 및 (예비) 창업자를 대상으로 체계적인 인큐베이팅을 통하여 성장 가능성이 높은 혁신형 중소기업으로 육성하고자 신규 입주기업을 아래와 같이 공개 모집하오니 관심 있는 기업의 많은 신청 바랍니다.,예비창업자 및 7년이내 창업기업,"▣ 최종 선발 후 입주를 취소한 기록이 있는 기업
▣ 국세 또는 지방세 체납으로 규제 중인 기업
▣ 금융기관 등으로부터 채무불이행으로 규제 중인 기업
▣ 신청일 현재 휴업 중인 기업
▣ 국가 또는 지방자치단체로부터 시설지원을 받고있는 자
  ※ 단, 입주일 이전 퇴소 예정인 기업은 협약서 및 계약서 증빙을 제출하여 신청 가능
▣ 중소기업창업지원법 시행령 제4조(창업에서 제외되는 업종)의 업종
  ※ 일반유흥주점업, 무도유흥주점업, 기타 사행(射倖) 시설 관리 및 운영업 등 중소벤처기업부령으로 정하는 업종
▣ 국가, 지방자치단체, 공공기관의 창업공간 입주 지원사업을 수혜 중인 자
  ※ 다만, 협약일 이전에 사업수혜 기간이 종료되거나 사업을 중도 포기한 자는 신청 가능함",https://www.k-startup.go.kr/web/contents/bizpbanc-ongoing.do?schM=view&pbancSn=178941,kstartup,178941,2026-08-20 18:24,2026-08-21 20:53,a1de11a5-0d86-44db-bdb4-87b87d1da580,서울,시설ㆍ공간ㆍ보육,"대학생,일반인,대학,연구기관,일반기업,1인 창조기업","예비창업자,1년미만,2년미만,3년미만,5년미만,7년미만","만 20세 이상 ~ 만 39세 이하,만 40세 이상",투자사업부,07041122306,,N
[무료/선착순] 대구 피지컬AI & 공공데이터 활용 세미나,메타코드에이치,민간(private),교육·멘토링(education),2026-08-14 00:00,2026-09-07 23:59,Y,예비창업자(preliminary) | 개인사업자(individual) | 법인(corporate),대구,,,10,,,,,,,,,단발(once),대구디지털혁신진흥원과 메타코드가 피지컬AI와 공공데이터 활용 분야 취업 및 창업에 필요한 개념부터 컨설팅까지 준비했습니다. 관심 있는 분들은 신청 바랍니다.,"대학생,취업준비생,예비 창업자 및 현직 실무자",,https://www.k-startup.go.kr/web/contents/bizpbanc-ongoing.do?schM=view&pbancSn=178936,kstartup,178936,2026-08-20 18:24,2026-08-21 20:53,1ab36af4-a6ae-4014-a33c-51dadbb26db5,대구,멘토링ㆍ컨설팅ㆍ교육,"청소년,대학생,일반인,대학,연구기관,일반기업,1인 창조기업","예비창업자,1년미만,2년미만,3년미만,5년미만,7년미만,10년미만","만 20세 미만,만 20세 이상 ~ 만 39세 이하,만 40세 이상",교육팀,025158809,,N
[창업] AI 활용 상세페이지·상품 기획 실습,마포청년창업취업지원센터 나루,공공기관(public),교육·멘토링(education),2026-08-18 00:00,2026-09-07 23:59,Y,예비창업자(preliminary) | 개인사업자(individual) | 법인(corporate),,,,3,,,,,,20,39,,단발(once),"[창업] AI 활용 상세페이지·상품 기획 실습 창업교육을 진행하오니, 많은 관심과 지원 부탁드립니다.",예비 및 초기 청년(만 19세~39세) 창업자,,https://www.k-startup.go.kr/web/contents/bizpbanc-ongoing.do?schM=view&pbancSn=178937,kstartup,178937,2026-08-20 18:24,2026-08-21 20:53,5bd9ba46-f655-435a-bcd9-0bb02d7d2b65,전국,창업교육,"대학생,일반인,대학,연구기관,일반기업,1인 창조기업","예비창업자,1년미만,2년미만,3년미만",만 20세 이상 ~ 만 39세 이하,취창업지원,0262611939,,N
[Try Everything 2026] 서울시 글로벌 창업행사  사전등록 신청,재단법인 서울경제진흥원,공공기관(public),경진대회·행사(contest),2026-07-31 00:00,2026-09-08 23:59,Y,예비창업자(preliminary) | 개인사업자(individual) | 법인(corporate),,,,10,,,,,,,,,단발(once),"창업에 관심 있는 누구나 참여하는 글로벌 행사로, 컨퍼런스 세션 및 국내외 투자사·기업·기관·스타트업 간 1:1 현장 밋업을 통한 투자·협력 기회를 제공하고자 하니 많은 관심과 참여 바랍니다.","예비창업자, 국내외 대·중견기업, 스타트업, VC/AC, 유관기관, 학생 등 창업/투자 생태계에 관심있는 누구나",,https://www.k-startup.go.kr/web/contents/bizpbanc-ongoing.do?schM=view&pbancSn=178756,kstartup,178756,2026-08-20 18:24,2026-08-21 20:53,3eea189c-796d-4a16-92e7-c44c931dcf0f,전국,행사ㆍ네트워크,"청소년,대학생,일반인,대학,연구기관,일반기업,1인 창조기업","예비창업자,1년미만,2년미만,3년미만,5년미만,7년미만,10년미만","만 20세 미만,만 20세 이상 ~ 만 39세 이하,만 40세 이상",스케일업2팀,0221152047,,N
[SBS문화재단x한투AC] Media'X' challenge 2026 ｜ 총 5.2억원 상당 상금 및 크레딧 지급,한국투자액셀러레이터,민간(private),사업화자금(funding),2026-08-10 00:00,2026-09-08 23:59,Y,예비창업자(preliminary) | 개인사업자(individual) | 법인(corporate),,,,7,,,,,,,,,단발(once),"SBS문화재단과 한국투자액셀러레이터가 공동 주최하는 'MediA 'X' Challenge 2026'는 미디어를 넘어 모든 산업의 문제를 해결하는 AI 기술 스타트업을 찾습니다. 
선발팀에게는 총 5.2억 원 규모의 상금과 네이버 클라우드 크레딧을 제공할 예정입니다. 
기술이 실제 산업과 사업의 성장으로 이어질 수 있도록, 선발 이후의 기회까지 함께 만들어 드립니다.",창업 7년 이내 스타트업 (예비창업자 포함),,https://www.k-startup.go.kr/web/contents/bizpbanc-ongoing.do?schM=view&pbancSn=178863,kstartup,178863,2026-08-20 18:24,2026-08-21 20:53,ca4d0403-2762-4838-aac7-d59c1994c2d1,전국,사업화,"청소년,대학생,일반인,대학,연구기관,일반기업,1인 창조기업","예비창업자,1년미만,2년미만,3년미만,5년미만,7년미만","만 20세 미만,만 20세 이상 ~ 만 39세 이하,만 40세 이상",사업운영실,0263561410,,N
2026년 하반기 D-테스트베드 참여자 모집,한국핀테크지원센터,민간(private),기술개발(R&D)(rnd),2026-08-12 00:00,2026-09-08 23:59,Y,예비창업자(preliminary) | 개인사업자(individual) | 법인(corporate),,,,10,,,,,,20,,,단발(once),"금융위원회와 한국핀테크지원센터는 금융·비금융 결합데이터 및 분석 환경 등을 지원하여 초기 핀테크 아이디어를 테스트하고 그 효과성을 시험해볼 수 있도록 D-테스트베드 사업을 운영하고 있습니다.

 이에 따라, 「2026년 D-테스트베드」 사업의 하반기 참여자 모집을 아래와 같이 공모하오니 관심 있는 기업과 개인의 많은 참여 바랍니다.","제공되는 데이터를 활용하여 자신의 아이디어 검증을 희망하는 기업, 개인(팀 포함)",,https://www.k-startup.go.kr/web/contents/bizpbanc-ongoing.do?schM=view&pbancSn=178949,kstartup,178949,2026-08-20 18:24,2026-08-21 20:53,af2923b4-ab29-434d-b91d-69000a4c3cf0,전국,기술개발(R&amp;D),"대학생,일반인,대학,연구기관,일반기업,1인 창조기업","예비창업자,1년미만,2년미만,3년미만,5년미만,7년미만,10년미만","만 20세 이상 ~ 만 39세 이하,만 40세 이상",디지털전략부,0263751524,,N
2026년 CAU Tech-Connecting Day [중앙대학교 기술세미나 및 기술상담회],중앙대학교 창업보육센터(다빈치),공공기관(public),기술개발(R&D)(rnd),2026-08-14 00:00,2026-09-10 23:59,Y,예비창업자(preliminary) | 개인사업자(individual) | 법인(corporate),,,,10,,,,,,,,,단발(once),"중앙대학교 창업보육센터에서는 대학 보유 우수 기술을 발굴하고, 이를 필요로 하는 기업과 연결하여 기술사업화 및 비즈니스 고도화를 지원하고자 『2026년 CAU Tech-Connecting Day』를 개최합니다.

기술 도입 및 사업 확장을 희망하는 기업 대표님들의 많은 관심과 참여 바랍니다.",중앙대와 기술교류를 희망하는 (예비)창업기업,,https://www.k-startup.go.kr/web/contents/bizpbanc-ongoing.do?schM=view&pbancSn=178924,kstartup,178924,2026-08-20 18:24,2026-08-21 20:53,2919fb00-8a29-454a-997a-4712cc395d4a,전국,기술개발(R&amp;D),"청소년,대학생,일반인,대학,연구기관,일반기업,1인 창조기업","예비창업자,1년미만,2년미만,3년미만,5년미만,7년미만,10년미만","만 20세 미만,만 20세 이상 ~ 만 39세 이하,만 40세 이상",창업보육센터&#40;다빈치&#41;,03167047624763,,N
「2026 기업가정신 확산 및 진흥 유공」 포상 신청 공고,한국청년기업가정신재단,민간(private),교육·멘토링(education),2026-07-13 00:00,2026-09-11 23:59,Y,예비창업자(preliminary) | 개인사업자(individual) | 법인(corporate),,,,10,,,,,,,,,단발(once),기업가정신 생태계 구축과 문화조성에 기여한 공적이 있는 단체 또는 개인의 성과와 노고를 격려하기 위한 「2026  기업가정신 확산 및 진흥 유공」 포상 신청·접수를 아래와 같이 공고하오니 많은 참여 바랍니다.,"기업가정신 교육, 정책 개발, 연구 등 기업가정신 생태계 구축과 문화조성에 3년 이상 기여한 공적이 있는 개인 또는 단체
1) 개인
- 교사, 교수, 창업지원 기관 및 기업가정신 관련 기관 소속 임직원 
- 기업가정신을 발현하고 있는 기업·기관 소속 대표 및 임직원
2) 단체
- 교육, 창업지원, 정책개발, 연구 등 기업가정신 확산에 기여한 단체 
- 기업가정신을 발현하고 있는 기업·기관 및 단체",,https://www.k-startup.go.kr/web/contents/bizpbanc-ongoing.do?schM=view&pbancSn=178633,kstartup,178633,2026-08-20 18:24,2026-08-21 20:53,ad02e879-72c0-49b4-b672-c41790adf291,전국,창업교육,"청소년,대학생,일반인,대학,연구기관,일반기업,1인 창조기업","예비창업자,1년미만,2년미만,3년미만,5년미만,7년미만,10년미만","만 20세 미만,만 20세 이상 ~ 만 39세 이하,만 40세 이상",문화조성본부 기반구축팀,0269532696,,N
2026년 달구벌여성창업보육센터 4차 입주기업 모집,달구벌여성인력개발센터,민간(private),입주공간(space),2026-07-22 00:00,2026-09-11 23:59,Y,예비창업자(preliminary) | 개인사업자(individual) | 법인(corporate),대구,,,3,,,,,,20,,,단발(once),"달구벌여성인력개발센터는 『달구벌여성창업보육센터』 운영을 통해 창의적 아이디어 
및 우수 기술력을 보유한 여성(예비)창업가가 초기에서 성장으로 이어지는 기반을  
마련하는데 도움이 되고자 다음과 같이 입주기업을 모집합니다","- 대구지역 여성 중 우수한 창업아이템을 보유하고 창업의지가 강한 예비창업자 또는 대구지역 소재 3년 미만 창업자
- 공고일 기준 대구광역시에 주민등록(또는 사업자등록)이 되어 있는 자
※ 예비창업자의 경우 입주 계약 후 3개월 이내 달구벌여성창업보육센터로 사업자등록이 가능한 자
※ 기창업자의 경우 입주 계약 후 1개월 이내 주사업장(본사) 이전이 가능한 기업","-국세 또는 지방세를 체납 중인 자
- 정부지원사업 및 유관기관 사업에 참여제한으로 제재중인 자
- 공고일 현재 휴업 중인 기업
- 기타 운영위원회에서 부적합하다고 인정하는 자",https://www.k-startup.go.kr/web/contents/bizpbanc-ongoing.do?schM=view&pbancSn=178660,kstartup,178660,2026-08-20 18:24,2026-08-21 20:53,fe747a75-3af5-43fd-96bb-b3d6ad620961,대구,시설ㆍ공간ㆍ보육,"대학생,일반인,일반기업,1인 창조기업","예비창업자,1년미만,2년미만,3년미만","만 20세 이상 ~ 만 39세 이하,만 40세 이상",창업지원팀,0532851331,,N
2026년 경기도일자리재단 1인 창조기업 지원센터 하반기 신규 기업 모집,경기도일자리재단,공공기관(public),입주공간(space),2026-08-04 00:00,2026-09-11 23:59,Y,예비창업자(preliminary) | 개인사업자(individual) | 법인(corporate),경기,,,7,,,,,,20,,,단발(once),"중소벤처기업부와 경기도가 지원하고, 경기도일자리재단 남부사업본부가 운영하는 1인 창조기업지원센터에서는 창업을 촉진시키고, 유망한 기업인 양성을 위해 경기도 내 열정 있는 예비 창업가 및 1인 창조기업을 다음과 같이 모집합니다.","- 예비창업자 : 공고일 현재 경기도 내에 주소를 둔 예비창업자로, 타 직장에 재직 중이지 않은 1인 창조기업 창업예정자
- 기창업자 : 공고일 현재 경기도 내에 주된 사무소를 둔 창업 7년 이내 기업으로, 타 직장에 재직 중이지 않은 창업자
※ 예비창업자의 경우 최종 선정 후, 최대 6개월 이내 창업(사업자 등록) 하여야 함","- 국가 또는 지방자치단체가 운영하는 1인 창조기업 지원을 받고 있는 자
- 중소기업창업지원법 시행령 제4조(창업에서 제외되는 업종)에 해당하는 자
- 금융기관 등의 채무불이행 중 인자",https://www.k-startup.go.kr/web/contents/bizpbanc-ongoing.do?schM=view&pbancSn=178792,kstartup,178792,2026-08-20 18:24,2026-08-21 20:53,4466bfe3-75ca-4bcf-929b-a7dab5ec8ced,경기,시설ㆍ공간ㆍ보육,"일반인,일반기업,1인 창조기업","예비창업자,7년미만","만 20세 이상 ~ 만 39세 이하,만 40세 이상",남부사업본부 기업지원팀,0312709788,,Y
2026 북부 경기문화창조허브 스타트업 입주사 23기 모집 공고,경기콘텐츠진흥원,공공기관(public),입주공간(space),2026-08-11 00:00,2026-09-11 23:59,Y,예비창업자(preliminary) | 개인사업자(individual) | 법인(corporate),경기,,,7,,,,,,20,,,단발(once),북부 경기문화창조허브에서 23기 스타트업 입주기업을 모집합니다!,"모집대상
1) 입주협약 체결 후 1개월 이내 창업 가능한 유망 예비창업자
2) 공고일 기준, 창업일로부터 7년이 경과되지 아니한 신규기업 또는 신규기업으로 구성된 그룹

모집 분야 : 아래 중 한가지 이상에 해당하는 기업
1) 콘텐츠산업 특수분류 해당 사업수행 기업
※ 출판, 만화, 음악, 영화, 게임, 애니메이션, 방송, 광고, 캐릭터, 지식정보, 콘텐츠솔루션, 공연
※ 웹 개발, 콘텐츠 솔루션업, AI 기술 등을 활용한 융합 콘텐츠 제작 기업 가산점 부여
2) 콘텐츠와 융합 가능한 디자인 기업
3) 스타트업을 지원하는 기업(서비스기업, 법률관련기업, 콘텐츠 혹은 디자인 유통기업 등)",,https://www.k-startup.go.kr/web/contents/bizpbanc-ongoing.do?schM=view&pbancSn=178872,kstartup,178872,2026-08-20 18:24,2026-08-21 20:53,15001fd9-e060-4c07-a8cc-c7e35f09aa2b,경기,시설ㆍ공간ㆍ보육,"일반기업,1인 창조기업","예비창업자,7년미만","만 20세 이상 ~ 만 39세 이하,만 40세 이상",북부권역센터,0318772718,,N
2026년 서울창업허브M+ 글로벌 오픈 이노베이션,서울경제진흥원,공공기관(public),입주공간(space),2026-08-13 00:00,2026-09-11 23:59,Y,개인사업자(individual) | 법인(corporate),서울,,,7,,,,,,,,,단발(once),서울창업허브M+는 서울 소재 유망 스타트업의 해외 진출을 지원하기 위해 시장분석 보고서를 제공하고 수요기업 연계 오픈 이노베이션을 운영합니다. 현지 시장정보 획득 및 FTP 및 Sunwah Group과의 협업을 희망하는 스타트업의 많은 관심과 참여 바랍니다.,서울 소재 창업 7년 이내 스타트업(신산업 창업분야 10년 미만),,https://www.k-startup.go.kr/web/contents/bizpbanc-ongoing.do?schM=view&pbancSn=178915,kstartup,178915,2026-08-20 18:24,2026-08-21 20:53,6c1f59ec-7810-4c95-bb6d-adeb63ec72c5,서울,시설ㆍ공간ㆍ보육,일반기업,"1년미만,2년미만,3년미만,5년미만,7년미만","만 20세 미만,만 20세 이상 ~ 만 39세 이하,만 40세 이상",클러스터혁신팀,0269589107,,Y
[무료 AI 역량강화 교육] 생성형 AI 기반 무역 컴플라이언스 및 관세·ESG 리스크 최적화,(주)글로벌창업연구소,민간(private),교육·멘토링(education),2026-08-04 00:00,2026-09-14 23:59,Y,개인사업자(individual) | 법인(corporate),,,,10,,,,,,20,,,단발(once),글로벌 공공조달·수출 분야의 AI 활용 역량을 강화하고 디지털 전환을 지원하기 위한 「2026 산업전문인력 AI역량강화 지원사업」 교육과정에 참여할 기업및 재직자를 다음과 같이 모집합니다.,글로벌 공공조달 및 수출(예비) 기업 실무자 및 중간관리급 재직자,,https://www.k-startup.go.kr/web/contents/bizpbanc-ongoing.do?schM=view&pbancSn=178798,kstartup,178798,2026-08-20 18:24,2026-08-21 20:53,0707e3af-ddcd-48be-99be-c7a7dff92b02,전국,멘토링ㆍ컨설팅ㆍ교육,일반기업,"1년미만,2년미만,3년미만,5년미만,7년미만,10년미만","만 20세 이상 ~ 만 39세 이하,만 40세 이상",AI교육,15444781,,N
2026년 6회차 지식재산권 무료 초청교육 수요조사,한국특허정보원,공공기관(public),교육·멘토링(education),2026-08-14 00:00,2026-09-14 23:59,Y,예비창업자(preliminary) | 개인사업자(individual) | 법인(corporate),,,,10,,,,,,,,,단발(once),"한국특허정보원은 개인, 소기업등 지식재산 정보가 필요한 다양한 계층을 대상으로 지식재산권과 관련된 폭넓은 교육기회를 제공하고자 「지식재산권 무료초청 교육」을 개최하오니, 관심있는 분들의 많은 참여를 부탁드립니다.","지식재산교육이 필요한 개인 신청자
(5인 미만 기업의 경우 개인 자격으로만 신청이 가능합니다)",,https://www.k-startup.go.kr/web/contents/bizpbanc-ongoing.do?schM=view&pbancSn=178885,kstartup,178885,2026-08-20 18:24,2026-08-21 20:53,17397be9-504d-41fb-b651-23d6074204d0,전국,창업교육,"청소년,대학생,일반인,대학,연구기관,일반기업,1인 창조기업","예비창업자,1년미만,2년미만,3년미만,5년미만,7년미만,10년미만","만 20세 미만,만 20세 이상 ~ 만 39세 이하,만 40세 이상",지능정보데이터실,0269151551,,N
2026년 모두의 창업 글로벌 재외국민 프로그램 참여자 모집 공고,중소벤처기업부,공공기관(public),수출·해외진출(export),2026-08-12 00:00,2026-09-14 23:59,Y,예비창업자(preliminary) | 개인사업자(individual) | 법인(corporate),,,,7,,,,,,,,,단발(once),해외 AC 등과 연계하여 유학생 등 재외국민의 창업준비와 성장을 지원하는 모두의 창업 글로벌 재외국민 프로그램에 참여할 참여자를 다음과 같이 모집 공고 합니다.,한국 국적을 보유하고 해외에 거주 중인 유학생 등 예비창업자 또는 업력 7년 이내 해외 진출 창업기업 [공고문 참조],공고문 내 신청제외대상 참조,https://www.k-startup.go.kr/web/contents/bizpbanc-ongoing.do?schM=view&pbancSn=178896,kstartup,178896,2026-08-20 18:24,2026-08-21 20:53,08bc355d-dcdb-406b-8bfc-f71b219747ad,전국,글로벌,"청소년,대학생,일반인,대학,연구기관,일반기업,1인 창조기업","예비창업자,1년미만,2년미만,3년미만,5년미만,7년미만","만 20세 미만,만 20세 이상 ~ 만 39세 이하,만 40세 이상",글로벌전략실,0444101886,,N
광명업사이클아트센터 2026년 하반기 가상오피스 지원기업 모집,광명시,지자체(local),입주공간(space),2026-08-14 00:00,2026-09-14 23:59,Y,예비창업자(preliminary) | 개인사업자(individual) | 법인(corporate),,,,5,,,,,,,,,단발(once),"광명시 업사이클아트센터는 에코디자인, 콘텐츠 융·복합 분야 스타트업을 대상으로 가상오피스를 지원하고 있습니다. 다음과 같이 신규 가상오피스를 모집하오니 창의적인 아이디어와 우수한 역량을 보유한 (예비)창업자의 많은 관심과 참여를 바랍니다.","○ 업사이클 및 친환경 분야의 창업 5년 이내 (예비)창업자 중 개인사업자
○ 가상오피스 지원 계약 체결 후 1개월 이내에 광명업사이클아트센터로 사업자 주소지 등록(변경) 가능한 (예비)창업자",※ 법인사업자 가상오피스 지원 불가,https://www.k-startup.go.kr/web/contents/bizpbanc-ongoing.do?schM=view&pbancSn=178930,kstartup,178930,2026-08-20 18:24,2026-08-21 20:53,8caa59e5-af94-44ae-a584-66cc3e4bdb73,전국,시설ㆍ공간ㆍ보육,"청소년,대학생,일반기업,1인 창조기업","예비창업자,1년미만,2년미만,3년미만,5년미만","만 20세 미만,만 20세 이상 ~ 만 39세 이하,만 40세 이상",자원순환과 자원순환팀,0226806951,,N
2026 큐네스티 소셜임팩트 TIPS IR 데모데이 참가기업 모집 (@ 배민스타트업스퀘어),재단법인 큐네스티,민간(private),경진대회·행사(contest),2026-08-18 00:00,2026-09-15 23:59,Y,개인사업자(individual) | 법인(corporate),,,,7,,,,,,,,,단발(once),"'사회문제를 해결하는 기술, TIPS 도약의 무대에 서다'

재단법인 큐네스티에서 소셜임팩트 기술 스타트업의 투자 유치와 2027년도 TIPS 도전을 지원하기 위해 아래와 같이 「2026 큐네스티 소셜임팩트 TIPS IR 데모데이」 참가기업을 모집합니다.

큐네스티는 TIPS 운영사이자 임팩트 투자기관으로, 본 행사의 우수 기업에게는 직접 투자 검토와 2027년도 TIPS 추천 프로그램 연계를 지원합니다. 사회·환경 문제를 기술로 해결하는 유망 스타트업의 많은 관심과 지원 바랍니다.","○ 사회·환경 문제를 해결하는 소셜임팩트 기술 스타트업 (본선 10개사 내외 선발)

○ 모집 분야
  1. 소셜임팩트 일반: 일자리창출, 친환경·기후테크, 소상공인/지역활성화, 시니어·돌봄 등
  2. 생활·상거래 연계: 물류·유통 테크, 핀테크, 소상공인 디지털 솔루션, 푸드테크 등

○ 참가 요건 (TIPS 추천 자격 준용)
  - 창업 7년 이내 (신산업 10년 이내) 법인 스타트업
  - 대표자 포함 2인 이상 창업팀 구성
  - 직전 연도 전체 매출액 20억 원 미만 / 누적 투자유치금액 50억 원 미만","○ 과거 TIPS R&D(일반/딥테크/글로벌/스케일업) 수혜 이력이 있는 기업
○ 현재 타 TIPS 트랙에 신청하여 평가가 진행 중인 기업
○ 국가연구개발사업 및 중소기업 기술개발사업 참여제한 대상 기업
○ 기타 세무, 임금체불, 창업 제외 업종 등 법적 결격 사유가 있는 기업",https://www.k-startup.go.kr/web/contents/bizpbanc-ongoing.do?schM=view&pbancSn=178927,kstartup,178927,2026-08-20 18:24,2026-08-21 20:53,189d4e06-aec0-45b4-b97e-f6a5e8240b06,전국,행사ㆍ네트워크,일반기업,7년미만,"만 20세 미만,만 20세 이상 ~ 만 39세 이하,만 40세 이상",액셀러레이팅투자4팀,0222788399,,N
2026년 여성창업 사업화지원사업(2차) 참여자 모집,달구벌여성인력개발센터,민간(private),사업화자금(funding),2026-07-16 00:00,2026-09-17 23:59,Y,예비창업자(preliminary) | 개인사업자(individual) | 법인(corporate),대구,,,3,,,,,,,,,단발(once),달구벌여성인력개발센터(대구달서여성새로일하기센터)는 대구 지역의 여성 (예비)창업자를 대상으로 성공적인 창업지원을 위해 다음과 같이 「2026년 여성창업 사업화지원사업(2차)」을 시행하오니 많은 참여 바랍니다.,공고일 기준 대구지역 여성 중 예비 창업자 또는 3년 이내 창업자,,https://www.k-startup.go.kr/web/contents/bizpbanc-ongoing.do?schM=view&pbancSn=178589,kstartup,178589,2026-08-20 18:24,2026-08-21 20:53,79eb83ac-7783-4187-a8c2-1634d99c3ea1,대구,사업화,"대학생,일반인,일반기업,1인 창조기업","예비창업자,1년미만,2년미만,3년미만","만 20세 미만,만 20세 이상 ~ 만 39세 이하,만 40세 이상",창업지원팀,0532851331,,N
2026년 제대군인 창업 경진대회 참가자 모집,국가보훈부,공공기관(public),경진대회·행사(contest),2026-08-18 00:00,2026-09-17 23:59,Y,예비창업자(preliminary) | 개인사업자(individual) | 법인(corporate),,,,7,,,,,,20,,,단발(once),국가보훈부는 우수 사업 아이템을 보유한 예비 또는 창업기업 단계에 있는 제대군인을 발굴 및 홍보하여 제대군인의 잠재된 창업 의욕 고취를 위해 「2026년 제대군인 창업 경진대회」를 개최합니다. 창업에 관심이 있는 제대군인 분들의 많은 관심과 참여 바랍니다.,"ㅇ 지원 대상
- 공고일 기준 혁신적인 기술과 사업모델(BM) 또는 우수 창업 아이템*을 보유하고 있는 예비 창업자 또는 창업 7년 이내 창업기업**
* 「중소기업창업지원법 시행령 제4조」 에 따라 창업에서 제외되는 업종 관련 창업 아이템은 선정에서 제외
** 공고문 내 붙임 3 창업여부 기준표에 따라 신청자격 적합 여부 결정(신청 전 필수 확인)

ㅇ 참가 자격
- 공고일 기준 국가보훈부에 등록된 중·장기복무 제대군인(5년 이상) 또는 국가보훈부 지원 대상자로 선정된 의무복무제대군인*
* 공고일 기준 전역 후 3년이 지나지 아니한 등급미달 경상이자, 취업맞춤특기병, 저소득·모범장병",공고문 2페이지 참가 제외 요건 확인,https://www.k-startup.go.kr/web/contents/bizpbanc-ongoing.do?schM=view&pbancSn=178931,kstartup,178931,2026-08-20 18:24,2026-08-21 20:53,d6e5d59d-8055-4466-9534-6609a12a5eb0,전국,행사ㆍ네트워크,"일반인,일반기업,1인 창조기업","예비창업자,1년미만,2년미만,3년미만,5년미만,7년미만","만 20세 이상 ~ 만 39세 이하,만 40세 이상",제대군인일자리과,0442025732,,N
[숭실대학교 캠퍼스타운] 2026 숭실 스타트업 아카데미 9월 참여자 모집,숭실대학교 캠퍼스타운사업단,공공기관(public),교육·멘토링(education),2026-08-12 00:00,2026-09-18 23:59,Y,예비창업자(preliminary) | 개인사업자(individual) | 법인(corporate),서울,,,10,,,,,,20,,,단발(once),"숭실대학교 캠퍼스타운에서 창업자들이 직면한 애로사항과 관심도를 반영한 주제를 선정하여,  전문적이고 

실효성 있는 창업 정보를 제공하는 실무 중심의 교육을 진행합니다. 많은 관심과 참여 부탁드립니다.","스타트업 대표 및 임직원, 예비 창업자 및 창업에 관심이 있는 학생 등",,https://www.k-startup.go.kr/web/contents/bizpbanc-ongoing.do?schM=view&pbancSn=178890,kstartup,178890,2026-08-20 18:24,2026-08-21 20:53,d41b9f5b-cb7e-4c66-9eca-156d29a362ce,서울,창업교육,"대학생,일반인,대학,연구기관,일반기업,1인 창조기업","예비창업자,1년미만,2년미만,3년미만,5년미만,7년미만,10년미만","만 20세 이상 ~ 만 39세 이하,만 40세 이상",창업지원단,028287481,,N
2026년 하반기 벤처확인 도전기업 일대일 비대면 밋업 참여기업 모집,(주)엠비즈플래닛 산하 혁신기술경영인증지원센터,민간(private),사업화자금(funding),2026-08-22 00:00,2026-09-18 23:59,Y,개인사업자(individual) | 법인(corporate),,,,10,,,,,,,,,단발(once),"벤처기업확인 인증은 자금조달, 정부지원사업 가점, 세제 감면 등 기업 성장의 든든한 발판이 되는 핵심 인증제도 입니다. 혁신기술경영인증지원센터에서는 벤처기업확인(최초·재인증)을 준비하는 기업의 성공적인 인증 준비를 지원하기 위하여 『2026년 벤처확인 가능성 1:1 비대면 밋업』 참여기업을 다음과 같이 모집하오니 많은 관심과 참여 바랍니다.","① 벤처기업확인 최초 인증을 준비하는 기업
② 벤처기업 재인증을 준비하는 기업
③ 벤처확인 준비 방향이 필요한 기업
④ 기술성 및 사업성 진단을 희망하는 기업
⑤ 벤처인증 준비 상태 점검 및 전문가 자문이 필요한 기업","- 벤처기업에 포함되지 않는 업종 ( 일반 유흥 주점업, 무도 유흥 주점업, 기타 주점업, 블록체인 기반 암호화 자산 매매 및 중개업, 기타 사행시설 관리 운영업, 무도장 운영업)
- 신청일 기준 회사 설립이 완료되지 않은 기업 (예비창업자)
- 국제 또는 지방세 체납으로 규제 중인 자
- 공고 마감일 기준 휴업 중인 기업, 금융기관 등으로부터 채무불이행으로 규제 중인 자 또는 기업",https://www.k-startup.go.kr/web/contents/bizpbanc-ongoing.do?schM=view&pbancSn=178947,kstartup,178947,2026-08-20 18:24,2026-08-21 20:53,94415ab5-29a2-4cda-8127-1d5ca9018df6,전국,사업화,"일반기업,1인 창조기업","1년미만,2년미만,3년미만,5년미만,7년미만,10년미만","만 20세 미만,만 20세 이상 ~ 만 39세 이하,만 40세 이상",혁신기술경영인증지원센터,0314225585,,N
2026년 제5회 유니버설디자인 공모전,한남대학교 사회혁신성장지원센터,공공기관(public),경진대회·행사(contest),2026-07-15 00:00,2026-09-20 23:59,Y,예비창업자(preliminary) | 개인사업자(individual) | 법인(corporate),대전,,,10,,,,,,,,,단발(once),지속가능발전목표(SDGs)의 가치를 바탕으로 시민 누구나 차별 없이 이용 가능한 ‘모두를 위한 디자인’ 문화를 확산하고자 「2026년 제5회 유니버설디자인 공모전」을 아래와 같이 공고하오니 많은 관심과 참여 바랍니다.,자격 제한 없음(출품료 없음) ※1인 2작품 이내,,https://www.k-startup.go.kr/web/contents/bizpbanc-ongoing.do?schM=view&pbancSn=178547,kstartup,178547,2026-08-20 18:24,2026-08-21 20:53,d1f2b6f0-2c59-4cfa-b351-801a613ad9d3,대전,행사ㆍ네트워크,"청소년,대학생,일반인,대학,연구기관,일반기업,1인 창조기업","예비창업자,1년미만,2년미만,3년미만,5년미만,7년미만,10년미만","만 20세 미만,만 20세 이상 ~ 만 39세 이하,만 40세 이상",사회혁신성장지원센터,0426297169,,N
[국비지원] AI 기반 서비스 개발·사업화 1인 창업가 캠프 7기 모집,넥스트러너스 주식회사,공공기관(public),교육·멘토링(education),2026-08-01 00:00,2026-09-25 23:59,Y,예비창업자(preliminary) | 개인사업자(individual) | 법인(corporate),,,,5,,,,,,20,,,단발(once),예비·초기 창업가 대상 AI 기반 서비스 개발 및 사업화 역량 강화를 위한 「1인 창업가 국비지원 부트캠프」모집을 다음과 같이 공고합니다.,"1. 내일배움카드 소지자 또는 발급 가능한 자
2. 아이디어는 있지만 실행·개발이 어려웠던 예비창업자
3. 개발자 없이 AI로 직접 서비스 출시까지 해보고 싶은 분
4. AI 활용으로 1인 SaaS·자동화 서비스 제작에 관심 있는 분
5. MVP 제작 → 검증 → 수익화까지 실전 창업 프로세스를 경험하고 싶은 분
6. 외주 없이 직접 만들고 운영하는 ‘1인 창업’을 목표로 하는 분
7. 창업은 처음이지만 AI 툴로 빠르게 사업 역량을 키우고 싶은 분
8. 혼자 고민하기보다 실무 멘토링과 창업 지원을 함께 받고 싶은 분",,https://www.k-startup.go.kr/web/contents/bizpbanc-ongoing.do?schM=view&pbancSn=178831,kstartup,178831,2026-08-20 18:24,2026-08-21 20:53,8d7012c0-90b7-490c-b9de-fcb6613d2ceb,전국,멘토링ㆍ컨설팅ㆍ교육,"대학생,일반인,대학,연구기관,일반기업,1인 창조기업","예비창업자,1년미만,2년미만,3년미만,5년미만","만 20세 이상 ~ 만 39세 이하,만 40세 이상",마케팅팀,07040998219,,N
2026 위치정보(위치기반) 사업자를 위한 클라우드 지원사업 모집,디엔에이클라우드,민간(private),기술개발(R&D)(rnd),2025-12-29 00:00,2026-09-30 23:59,Y,예비창업자(preliminary) | 개인사업자(individual) | 법인(corporate),,,,3,,,,,,,,,단발(once),위치정보(위치기반)사업자를 위한 클라우드 지원사업을 공고하오니 안내에 따라 지원 하시기 바랍니다.,위치정보(위치기반)를 기반으로 서비스를 개발하고 상용화하고자 하는 의지가 있는 스타트업(3년 미만) 및 예비창업자,설립후 3년이상 사업자 및 공정거래법 에 따라 상호출자제한기업집단(대기업)으로 지정된 사업자는 참가 제한,https://www.k-startup.go.kr/web/contents/bizpbanc-ongoing.do?schM=view&pbancSn=175808,kstartup,175808,2026-08-20 18:25,2026-08-21 20:53,8f8dd836-30f5-4892-bdfa-73840c69ffba,전국,기술개발(R&amp;D),"청소년,대학생,일반인,대학,연구기관,일반기업,1인 창조기업","예비창업자,3년미만","만 20세 미만,만 20세 이상 ~ 만 39세 이하,만 40세 이상",경영지원팀,0264066100,,N
[신규설립] 2026년 DNA 융합 제품·서비스 해외진출 지원 사업 참여기업 모집선발 공고,(재)글로벌디지털혁신네트워크,민간(private),수출·해외진출(export),2026-03-10 00:00,2026-09-30 23:59,Y,개인사업자(individual) | 법인(corporate),,,,10,,,,,,,,,단발(once),정보통신산업진흥원 및 글로벌디지털혁신네트워크에서는 AI 등 미래 디지털 혁신기술 분야 융합 제품‧서비스 기업의 해외 조인트벤처 추진 및 운영 지원을 위한 ｢DNA 융합 제품·서비스 해외진출 지원｣ 참여기업을 아래와 같이 모집하오니 관심있는 기업의 많은 참여 바랍니다.,"해외 현지 조인트벤처(JV) 설립을 위한 현지 파트너사를 보유하고 JV 설립을 추진 중이거나, JV 완료 후 사업 운영 중인 미래 디지털 혁신기술 분야 융합 제품‧서비스 보유 중소기업","중복참여 제한
 - 당해 연도『글로벌 창업 활성화 기반조성(K-Global 해외진출 지원사업)』및『AI 디지털전환 혁신기업 해외실증지원 사업』과 중복참여 불가",https://www.k-startup.go.kr/web/contents/bizpbanc-ongoing.do?schM=view&pbancSn=176645,kstartup,176645,2026-08-20 18:25,2026-08-21 20:53,4e09a88c-5090-4cdf-a13e-ddbf8a2b5e35,전국,글로벌,일반기업,"1년미만,2년미만,3년미만,5년미만,7년미만,10년미만","만 20세 미만,만 20세 이상 ~ 만 39세 이하,만 40세 이상",사업 2팀,03180396492,,Y
2026년 체육인 직업안정 사업(창업지원) 창업교육과정(씨앗) 참가자 모집,국민체육진흥공단,민간(private),교육·멘토링(education),2026-03-12 00:00,2026-09-30 23:59,Y,예비창업자(preliminary) | 개인사업자(individual) | 법인(corporate),,,,10,,,,,,,,,단발(once),"체육인의 직업 전환을 지원하여 생활 불안정성을 완화하고, 역량별 맞춤 지원을 통해 창업 성공률을 높이며 진로 선택의 폭을 확대하고자
「2026년 체육인 직업안정 사업(창업지원) 창업교육과정(씨앗)」 참여자를 다음과 같이 모집하오니 많은 관심과 참여 바랍니다","ㅁ 은퇴(예정) 또는 경력 단절 체육인 중 전·현직 선수, 지도자, 심판으로 창업 의지가 있는 자
  * 체육인 복지법 제2조에 해당하는 체육인

ㅁ 체육인 기준
  - 선수 : ｢국민체육진흥법｣에 따른 경기단체에 선수로 등록된 기간이 총 5년 이상이면서 연속하여 3년 이상 등록된 적이 있는 사람 중 아래 대회 에 출전한 경력이 있는 사람
  - 지도자 : ｢국민체육진흥법｣에 따른 경기단체에 지도자로 등록된 기간이 총 5년 이상인 사람 중 아래 대회 에 출전한 선수를 지도한 경력이 있는 사람
  - 심판 : ｢국민체육진흥법｣에 따른 경기단체에 심판으로 등록된 기간이 총 5년 이상이면서 아래 대회 에서 매년 1회 이상 3년 동안 활동한 경력이 있는 사람
  *   대회 : 올림픽, 패럴림픽, 데플림픽, 아시아경기대회, 국제경기연맹 주관 세계선수권대회, 세계대학경기대회, 전국(장애인)체육대회
  ** 다만, 학생선수는 체육인에서 제외하되, 국가대표로 확정된 이력이 있는 경우에 한해 체육인으로 인정","ㅁ 지원불가 대상
ㅇ 정부지원사업 참여 제한 제재조치를 받고 있는 자
 * 선정 후 지원불가 대상에 해당되는 경우 선정 취소 가능",https://www.k-startup.go.kr/web/contents/bizpbanc-ongoing.do?schM=view&pbancSn=176858,kstartup,176858,2026-08-20 18:25,2026-08-21 20:53,16642181-09f5-4e42-81cd-611f2c699693,전국,멘토링ㆍ컨설팅ㆍ교육,"청소년,대학생,일반인,대학,연구기관,일반기업,1인 창조기업","예비창업자,1년미만,2년미만,3년미만,5년미만,7년미만,10년미만","만 20세 미만,만 20세 이상 ~ 만 39세 이하,만 40세 이상",이노베이션그룹,07044071785,,N
2026 여성발명진흥 사업 위한 전문가 평가위원 Pool 모집 공고,한국여성발명협회,민간(private),인력·고용(employment),2026-03-25 00:00,2026-09-30 23:59,Y,예비창업자(preliminary) | 개인사업자(individual) | 법인(corporate),,,,10,,,,,,20,,,단발(once),한국여성발명협회는 지식재산처의 여성발명진흥 사업 수행기관으로서 다양한 분야의 전문가 Pool을 구성하여 평가위원으로 위촉하고자 하오니 많은 관심과 참여를 바랍니다. 감사합니다.,"사업화, 제조 및 생산, 지식재산 및 교육, 지식재산 활용, 창업 및 경영 관련 전문가",,https://www.k-startup.go.kr/web/contents/bizpbanc-ongoing.do?schM=view&pbancSn=176937,kstartup,176937,2026-08-20 18:25,2026-08-21 20:53,fb6c63f3-05fb-4cd7-a583-cd4f6ed49b04,전국,인력,"일반인,대학,연구기관,일반기업,1인 창조기업","예비창업자,1년미만,2년미만,3년미만,5년미만,7년미만,10년미만","만 20세 이상 ~ 만 39세 이하,만 40세 이상",사업팀,025382710,,N
2026년 K-Global 해외진출 지원사업 참여기업 모집 공고,글로벌디지털혁신네트워크,민간(private),수출·해외진출(export),2026-04-01 00:00,2026-09-30 23:59,Y,개인사업자(individual) | 법인(corporate),,,,10,,,,,,,,,단발(once),정보통신산업진흥원 및 글로벌디지털혁신네트워크에서는 2026년도 글로벌 시장 진출 및 성장을 위한 해외진출 지원사업 대상 기업을 아래와 같이 모집하오니 관심 있는 기업의 많은 참여 바랍니다.,"ㅇ 기술 분야 : ICT, 디지털 분야 제품·서비스 보유 기업
ㅇ 제품 및 서비스가 국내외 시장에 출시 및 영업활동(홍보, 광고, 판매) 중인 기업
ㅇ 해외진출이 준비된 기업 (아래 1개 이상)
① 해외 IP 보유(특허, PCT, 상표 등)
② 해외 전시회·컨퍼런스 참여 경험 보유
③ 해외 현지 법인 설립증 보유
④ 수출 실적 보유
⑤ 해외 파트너사와 MOU, NDA 등 계약 체결 보유
ㅇ 기업공개(IPO) 전 단계의 비상장 및 국내 또는 국외 법인사업자","① 상기 ‘신청자격’ 기준미달 기업
② 사업 공고일 기준 주권상장기업
③ 금융기관 등으로부터 채무불이행으로 규제 중인 경우
④ 국세 및 지방세 체납 중인 경우
⑤ 접수 마감일 기준 정부지원사업 참여 제한 등 제재조치를 받고 있는 경우
⑥ 정부/지자체/유관기관으로부터 본 사업과 동일한 지원 내용으로 지원금을 받은 기업
⑦ 당해연도 ‘DNA 융합 제품·서비스 해외진출 지원사업’, ‘AI 디지털 전환 혁신기업 해외실증 지원사업’ 선정기업

※ 본 사업에 선정된 기업이 상기 사항을 위배하고 허위 사실을 기재한 경우, 그 즉시 선정취소 및 정부지원금 환수 등의 조치를 취할 수 있음
※ 지원기업으로 선정 된 후 타 사업과 중복 수혜여부가 확인되면, 재단 지원금은 전액 환수 될 수 있음",https://www.k-startup.go.kr/web/contents/bizpbanc-ongoing.do?schM=view&pbancSn=176968,kstartup,176968,2026-08-20 18:25,2026-08-21 20:53,a72ea9d8-a8be-4235-9894-c41929c5b1c3,전국,글로벌,일반기업,"1년미만,2년미만,3년미만,5년미만,7년미만,10년미만","만 20세 미만,만 20세 이상 ~ 만 39세 이하,만 40세 이상",사업1팀,03180396754,,Y
[성남 식품제조 소공인특화지원센터] 소공인 기술 컨설팅 참여기업 모집공고,성남산업진흥원,공공기관(public),교육·멘토링(education),2026-04-08 00:00,2026-09-30 23:59,Y,예비창업자(preliminary) | 개인사업자(individual) | 법인(corporate),경기,,,10,,,,,,,,,단발(once),"안녕하세요. 
성남산업진흥원(성남 식품제조 소공인특화지원센터)입니다.
성남시 식품제조 소공인을 대상으로, 2026년도 기술 컨설팅 참여기업을 다음과 같이 모집하오니 많은 관심과 참여 부탁드립니다.","성남시 소재 상시 근로자수 10인 미만 식품제조 소공인
(산업분류코드 C10, C11)","아래의 내용에 1개 이상 해당하는 경우는 신청 및 지원 불가
① (참여제한) 정부·지자체, 공공기관 등으로부터 참여 제한 중인 경우
② (중복참여) 유관기관 지원사업 기수혜 및 수혜중인 자는 참여제한
③ (세금체납) 4대보험, 국세·지방세 체납, 행정처분을 받은 경우
④ (부도/휴‧폐업) 기업의 부도, 휴·폐업 중인 경우
⑤ (서류 허위제출) 사업 참여를 위해 제출한 서류가 허위로 판명된 경우",https://www.k-startup.go.kr/web/contents/bizpbanc-ongoing.do?schM=view&pbancSn=177121,kstartup,177121,2026-08-20 18:25,2026-08-21 20:53,a9fc7e97-08d4-423c-aeb4-361971d960eb,경기,멘토링ㆍ컨설팅ㆍ교육,일반기업,"예비창업자,1년미만,2년미만,3년미만,5년미만,7년미만,10년미만","만 20세 미만,만 20세 이상 ~ 만 39세 이하,만 40세 이상",혁신성장부,0317502872,,N
2026 『부산국제신발섬유패션전시회(PFB패패부산)』 참가 기업 모집 공고,(사)부산섬유패션산업연합회,민간(private),경진대회·행사(contest),2026-06-11 00:00,2026-09-30 23:59,Y,예비창업자(preliminary) | 개인사업자(individual) | 법인(corporate),,,,10,,,,,,20,,,단발(once),"지역 및 전국 섬유패션·신발·AI 패션·스포츠·테크 융합 기업의 제품 홍보, 신규 판로 개척, 국내외 바이어 상담을 지원하기 위하여 2026년「부산국제신발섬유패션전시회(PFB패패부산)」참가기업을 모집하오니 많은 신청 바랍니다.","의류, 섬유, 소재, 신발, 디지털, AI콘텐츠, 친환경, 리빙, 액세서리 등 섬유패션 관련 기업  ※지역제한 없음",,https://www.k-startup.go.kr/web/contents/bizpbanc-ongoing.do?schM=view&pbancSn=178097,kstartup,178097,2026-08-20 18:24,2026-08-21 20:53,cb98033c-d9cc-4403-ae59-8cd55b264cf6,전국,행사ㆍ네트워크,"대학생,대학,연구기관,일반기업","예비창업자,1년미만,2년미만,3년미만,5년미만,7년미만,10년미만","만 20세 이상 ~ 만 39세 이하,만 40세 이상",섬유산업팀,07048201398,,N
[동국대BMC창업보육센터] 바이오ㆍ메디컬 패키지지원 프로그램 참여기업 모집(~9/30(금)까지),동국대학교 BMC창업보육센터,공공기관(public),사업화자금(funding),2026-06-19 00:00,2026-09-30 23:59,Y,개인사업자(individual) | 법인(corporate),,,,10,,,,,,20,,,단발(once),"동국대학교 BMC창업보육센터에서는 바이오·메디컬 분야 기업의 기술사업화 촉진을 위하여 「바이오·메디컬 맞춤형 패키지 지원」사업을 운영하오니, 관심 있는 기업의 많은 참여 바랍니다.",바이오·메디컬 분야 기업 / 기술이전 및 사업화를 희망하는 기업,"※  지원 제외 대상 
 - 본 사업에 신청한 내용과 동일한 내용으로 정부, 지자체 또는 유관기관의 지원을 받은 경우
 - 기업 또는 사업 책임자(대표자 포함)가 정부 지원 사업 참여 제한 대상인 경우
 - 신청일 기준 국세 또는 지방세를 미납한 경우
 - 신청일 기준 휴·폐업 중이거나 자본잠식 상태인 기업
 - 동국대학교 BMC창업보육센터장이 참여를 제한할 정당한 사유가 있다고 인정하는 자 또는 기업",https://www.k-startup.go.kr/web/contents/bizpbanc-ongoing.do?schM=view&pbancSn=178200,kstartup,178200,2026-08-20 18:24,2026-08-21 20:53,b11c483d-3417-4fc9-957f-02413a480b28,전국,사업화,"일반기업,1인 창조기업",10년미만,"만 20세 이상 ~ 만 39세 이하,만 40세 이상",BMC창업보육센터,0319615467,,N
"[방송미디어통신위원회, 한국인터넷진흥원] 국민안전 LBS 솔루션 대상 (~9.30, 16:00)",한국인터넷진흥원,민간(private),사업화자금(funding),2026-07-13 00:00,2026-09-30 23:59,Y,예비창업자(preliminary) | 개인사업자(individual) | 법인(corporate),,,,3,,,,,,,,,단발(once),국민안전 LBS 솔루션 대상과 관련하여 <다음>과 같이 우수한 위치정보 기반 안전 솔루션을 보유하고 있는 중소기업·스타트업을 발굴하여 시상 및 판로지원을 통해 국민안전 강화와 위치정보 산업 활성화에 기여하고자 하오니 많은 참여 바랍니다.,"-일상, 생활, 산업 현장 등에서 활용 가능한 위치정보 기반 안전 솔루션을 보유한 중소기업·스타트업
-위치기반 서비스·상품이 실제 사업 단계에 이른 비즈니스 모델 보유 기업(시제품 보유)
※ 2차 발표심사 시 시제품(prototype) 시연 또는 발표자료 내 제품·서비스 소개 영상(1분 내외) 포함 필요",「공정거래법」에 따라 상호출자제한기업집단(대기업)으로 지정된 사업자,https://www.k-startup.go.kr/web/contents/bizpbanc-ongoing.do?schM=view&pbancSn=178536,kstartup,178536,2026-08-20 18:24,2026-08-21 20:53,d02c95ba-7d67-439c-988a-53cd28371fa6,전국,사업화,"청소년,대학생,일반인,대학,연구기관,일반기업,1인 창조기업","예비창업자,1년미만,2년미만,3년미만","만 20세 미만,만 20세 이상 ~ 만 39세 이하,만 40세 이상",위치정보사업팀,0237860546,,N
2026년 체육인 직업안정(창업지원) 사업 창업교육과정(씨앗) 참여자 추가 모집(9.30.),국민체육진흥공단,민간(private),사업화자금(funding),2026-07-15 00:00,2026-09-30 23:59,Y,예비창업자(preliminary) | 개인사업자(individual) | 법인(corporate),,,,10,,,,,,,,,단발(once),"체육인의 직업 전환을 지원하여 생활 불안정성을 완화하고, 역량별 맞춤 지원을 통해 창업 성공률을 높이며 진로 선택의 폭을 확대하고자 
「2026년 체육인 직업안정 사업(창업지원) 창업점검과정(씨앗)」 참여자를 다음과 같이 모집하오니 많은 관심과 참여 바랍니다.
※ 체육인 복지 시행지침 개정으로 체육인 인정 대회 범위 확대(경기 단체 주관 전국대회 출전 경력도 포함)","- 체육인 복지법 제2조에 따른 체육인(선수·지도자·심판) 중, 은퇴(예정) 또는 경력단절 체육인으로 창업 의지가 있는 자
- 창업에 관심이 있으며, 창업의 기초지식을 배우고자 하는 창업희망자·예비창업자",,https://www.k-startup.go.kr/web/contents/bizpbanc-ongoing.do?schM=view&pbancSn=178561,kstartup,178561,2026-08-20 18:24,2026-08-21 20:53,bb7a9330-01e4-4e34-8d51-e26187a8d9dc,전국,사업화,"청소년,대학생,일반인,대학,연구기관,일반기업,1인 창조기업","예비창업자,1년미만,2년미만,3년미만,5년미만,7년미만,10년미만","만 20세 미만,만 20세 이상 ~ 만 39세 이하,만 40세 이상",이노베이션그룹,07044071785,,N
남서울대학교 창업보육센터 입주기업 모집 (천안소재),남서울대학교 창업보육센터,공공기관(public),입주공간(space),2026-07-29 00:00,2026-09-30 23:59,Y,예비창업자(preliminary) | 개인사업자(individual) | 법인(corporate),충남,,,7,,,,,,,,,단발(once),"남서울대학교 창업보육센터 입주기업을 다음과 같이 모집하오니, 입주를 희망하는 기업은 안내에 따라 신청하여 주시기 바랍니다.","신청대상	예비창업자 및 창업 7년미만 기업 (단, 업력 3년 초과 ~ 7년 이내의 경우 유선 문의 필요)","• 중소기업창업 지원법 시행령 제4조에 해당하는 경우
• 소음, 진동, 폐수 등 공해 유발업종이나 제한 업종
• 건축법 시행령 제3조의5 [별표1]의 제1종 근린생활시설이 아니므로 의료기기법 제17조 및 식품위생법 제37조에 따른 의료기기 판매업신고 및 식품 영업허가 불가
• 도소매, 금융 및 보험업, 부동산업, 교육 서비스업, 사회 서비스업 등 보육센터 입주 불가 업종",https://www.k-startup.go.kr/web/contents/bizpbanc-ongoing.do?schM=view&pbancSn=178706,kstartup,178706,2026-08-20 18:24,2026-08-21 20:53,21f705de-efde-4961-8d17-f95c902fb7ab,충남,시설ㆍ공간ㆍ보육,"대학생,일반인,일반기업,1인 창조기업","예비창업자,1년미만,2년미만,3년미만,5년미만,7년미만","만 20세 미만,만 20세 이상 ~ 만 39세 이하,만 40세 이상",창업보육센터,0415802421,,Y
「2026년 강소특구 이노테크 발굴 및 창업지원사업」예비 창업자 사업화 지원 모집 공고,"한국전력공사 강소특구 육성사업단장, 나주 강소특구 공동연구기관장",민간(private),사업화자금(funding),2026-08-03 00:00,2026-09-30 23:59,Y,예비창업자(preliminary),전남광주,,,0,,,,,,,,,단발(once),우수한 기술과 아이디어를 보유한 예비 창업자의 제품 경쟁력 강화와 사업화 촉진을 위한「2026년 강소특구 이노테크 발굴 및 창업지원사업」예비 창업자 사업화 지원 프로그램을 아래와 같이 공고하오니 많은 관심과 참여 바랍니다.,"나주시 내 에너지 관련 기술 창업을 준비하는 예비창업자
※ (예비창업) 2026. 1. 1. ~ 2026. 12. 31. 창업자 또는 창업예정자에 한함 / 2026. 12. 31. 이전 사업자등록이 가능한 자","□ 아래 항목 중 1개 이상에 해당되는 경우 신청 불가
✓ 2026년 전남 나주 강소연구개발특구 사업 시제품 제작 지원프로그램 지원기업 제외
✓ 동 사업의 사업화자금으로 사행산업 등 경제질서 및 미풍양속에 현저히 어긋나는 아이템* 및 에너지분야 창업과 무관된 사업을 영위하고자 하는 자
* 지원제외 대상 업종 : 일반유흥주점업, 무도유흥주점업, 기타 사행시설 관리 및 운영업(중소기업창업지원법 시행령 제4조)
✓ 타인의 아이디어, 기술 등을 모방하거나 도용하여 창업하려는 자
✓ 폐업 경험이 있는 자가 동일한 사업 내용의 제품이나 서비스로 재창업하고자 하는 경우",https://www.k-startup.go.kr/web/contents/bizpbanc-ongoing.do?schM=view&pbancSn=178786,kstartup,178786,2026-08-20 18:24,2026-08-21 20:53,34ede44b-c2e9-427b-956d-dabf479d9df0,전남광주,사업화,"청소년,대학생,일반인,대학",예비창업자,"만 20세 미만,만 20세 이상 ~ 만 39세 이하,만 40세 이상",창업보육팀,07048251173,,N
2026년 중소기업 동행교육,근로복지공단 인재개발원,공공기관(public),교육·멘토링(education),2026-08-06 00:00,2026-09-30 23:59,Y,예비창업자(preliminary) | 개인사업자(individual) | 법인(corporate),,,,10,,,,,,,,,단발(once),중소기업 임직원의 고용 산재보험 직무역량 향상을 통한 기업 경쟁력 강화 및 기술보호 교육을 통해 중소기업의 기술보호 역량 수준 향상을 지원합니다.,중소기업 임직원(50~100개소),,https://www.k-startup.go.kr/web/contents/bizpbanc-ongoing.do?schM=view&pbancSn=178817,kstartup,178817,2026-08-20 18:24,2026-08-21 20:53,3726e261-10e0-4163-89ba-b970e4391ff8,전국,멘토링ㆍ컨설팅ㆍ교육,"청소년,대학생,일반인,대학,연구기관,일반기업,1인 창조기업","예비창업자,1년미만,2년미만,3년미만,5년미만,7년미만,10년미만","만 20세 미만,만 20세 이상 ~ 만 39세 이하,만 40세 이상",교육연수부,0435395517,,N
취약분야 상시 컨설팅 9월 참가자 모집 공고,강동구 청년해냄센터,공공기관(public),교육·멘토링(education),2026-08-19 00:00,2026-09-30 23:59,Y,예비창업자(preliminary) | 개인사업자(individual) | 법인(corporate),,,,10,,,,,,,,,단발(once),강동구 청년해냄센터에서 9월 취약 분야 상시 컨설팅 계획을 다음과 같이 공고하니 참여 희망자는 안내에 따라 신청하시기 바랍니다.,"예비창업자, 기창업자",,https://www.k-startup.go.kr/web/contents/bizpbanc-ongoing.do?schM=view&pbancSn=178948,kstartup,178948,2026-08-20 18:24,2026-08-21 20:53,f93a0745-9e03-4e10-bc02-f3fa039b5a30,전국,멘토링ㆍ컨설팅ㆍ교육,"청소년,대학생,일반인,대학,연구기관,일반기업,1인 창조기업","예비창업자,1년미만,2년미만,3년미만,5년미만,7년미만,10년미만","만 20세 미만,만 20세 이상 ~ 만 39세 이하,만 40세 이상",운영사무실,024886880,,N
[무료 AI 역량강화 교육] 생성형 AI 기반 무역 금융 리스크 최적화 과정 (대전),(주)글로벌창업연구소,민간(private),교육·멘토링(education),2026-08-10 00:00,2026-10-13 23:59,Y,개인사업자(individual) | 법인(corporate),대전,,,10,,,,,,20,,,단발(once),글로벌 공공조달·수출 분야의 AI 활용 역량을 강화하고 디지털 전환을 지원하기 위한 「2026 산업전문인력 AI역량강화 지원사업」 교육과정에 참여할 기업및 재직자를 다음과 같이 모집합니다.,글로벌 공공조달 및 수출(예비) 기업 실무자 및 중간관리급 재직자,,https://www.k-startup.go.kr/web/contents/bizpbanc-ongoing.do?schM=view&pbancSn=178891,kstartup,178891,2026-08-20 18:24,2026-08-21 20:53,850e3896-a423-49f5-95fb-63d1b65b6466,대전,멘토링ㆍ컨설팅ㆍ교육,일반기업,"1년미만,2년미만,3년미만,5년미만,7년미만,10년미만","만 20세 이상 ~ 만 39세 이하,만 40세 이상",AI교육,15444781,,N
2026년 하반기 화성시 벤처인증 비용 지원사업,(재)화성산업진흥원,공공기관(public),융자(loan),2026-07-15 00:00,2026-10-15 23:59,Y,예비창업자(preliminary) | 개인사업자(individual) | 법인(corporate),경기,,,10,,,,,,,,,단발(once),화성산업진흥원에서는 화성동탄테크노폴 벤처기업육성촉진지구 지정에 따른 관내 벤처기업 육성사업을 시행하오니 많은 관심과 지원 바랍니다.,"(지원대상) 벤처기업 인증을 취득한* 화성시 소재** 중소기업    ※ 벤처기업 확인서 유효기간 시작일이 2026. 2. 23. 이후인 기업
   * 2026. 2. 23.로부터 공고마감일 이내 신규 및 재확인 인증 취득 
 ** 화성시 관내 본사를 두고 있는 기업(※ 공장 및 연구소 제외)",,https://www.k-startup.go.kr/web/contents/bizpbanc-ongoing.do?schM=view&pbancSn=178737,kstartup,178737,2026-08-20 18:24,2026-08-21 20:53,00289258-91f6-4068-a49a-fdb84baa4c3e,경기,정책자금,"청소년,대학생,일반인,대학,연구기관,일반기업,1인 창조기업","예비창업자,1년미만,2년미만,3년미만,5년미만,7년미만,10년미만","만 20세 미만,만 20세 이상 ~ 만 39세 이하,만 40세 이상",창업벤처팀,0313771536,,N
「2026년 하반기 화성특례시 사회적경제 창업아카데미」교육생 모집,화성시사회적경제지원센터,민간(private),교육·멘토링(education),2026-07-28 00:00,2026-10-19 23:59,Y,예비창업자(preliminary) | 개인사업자(individual) | 법인(corporate),,,,10,,,,,,20,,,단발(once),"사회적경제를 기반으로 창업을 꿈꾸는 화성시민에게 사회적 가치 및 사회적경제 인식확산과 예비 창업가를 발굴할 목적으로
「2026년 하반기 화성특례시 사회적경제 창업아카데미」를 실시합니다.
관심 있는 분들의 많은 참가 신청 바랍니다.",화성시민(또는 일반시민) 포함 사회적경제기업 예비창업자,,https://www.k-startup.go.kr/web/contents/bizpbanc-ongoing.do?schM=view&pbancSn=178698,kstartup,178698,2026-08-20 18:24,2026-08-21 20:53,ac8f0742-b457-4751-a887-d092e19a6219,전국,창업교육,"청소년,대학생,일반인,대학,연구기관,일반기업,1인 창조기업","예비창업자,1년미만,2년미만,3년미만,5년미만,7년미만,10년미만","만 20세 이상 ~ 만 39세 이하,만 40세 이상",인재양성팀,07077753737,,N
2026 의왕시 ESG 인식확산 교육,ESGi 이에스지아이,공공기관(public),교육·멘토링(education),2026-07-20 00:00,2026-10-27 23:59,Y,예비창업자(preliminary) | 개인사업자(individual) | 법인(corporate),경기,,,10,,,,,,,,,단발(once),"본 기업은 (재)경기도경제과학진흥원의 주관으로 「2026년 의왕시 ESG 인식확산 교육」을 추진합니다.
이에 의왕시 시민, 기업 재직자, 학생 등 ESG에 관심 있는 사람을 모집하오니 희망하는 사람들의 많은 신청을 바랍니다.","의왕시 시민, 기업 재직자, 학생 등 ESG에 관심 있는 누구나 참여 가능",,https://www.k-startup.go.kr/web/contents/bizpbanc-ongoing.do?schM=view&pbancSn=178597,kstartup,178597,2026-08-20 18:24,2026-08-21 20:53,b722c6b3-a1a1-4489-a6b3-9c443e5c750c,경기,멘토링ㆍ컨설팅ㆍ교육,"청소년,대학생,일반인,대학,연구기관,일반기업,1인 창조기업","예비창업자,1년미만,2년미만,3년미만,5년미만,7년미만,10년미만","만 20세 미만,만 20세 이상 ~ 만 39세 이하,만 40세 이상",ESG 지원팀,0312596286,,N
[인천지식재산센터] IP디딤돌 아이디어 권리화 지원사업 모집 공고,인천지식재산센터,민간(private),교육·멘토링(education),2026-02-11 00:00,2026-10-30 23:59,Y,예비창업자(preliminary) | 개인사업자(individual) | 법인(corporate),인천,,,0,,,,,,,,,단발(once),"인천지식재산센터는 인천시 관내 우수한 아이디어와 기술을 보유한 예비 창업자를 발굴하여 아이디어 창출에서 사업화까지 연계지원하고 있습니다.
 IP디딤돌 프로그램 중 국내 특허 출원 지원사업을 아래와 같이 운영하오니, 지식재산권 확보와 창업을 준비 중인 예비창업자들의 많은 참여 바랍니다.
 * IP: Intellectual Property, 지식재산","□ 지원대상 : 인천 거주 예비창업자
   * 사업신청자는 사업자등록이 없음을 증명하는 서류를 필수 제출해야 함
    - 국세청 홈택스(hometax.go.kr) → 민원증명 → 사실증명신청에서 구비 가능",,https://www.k-startup.go.kr/web/contents/bizpbanc-ongoing.do?schM=view&pbancSn=176296,kstartup,176296,2026-08-20 18:25,2026-08-21 20:53,952311cf-04d6-4f8b-a267-087593c7f20d,인천,멘토링ㆍ컨설팅ㆍ교육,"대학생,일반인,1인 창조기업",예비창업자,"만 20세 미만,만 20세 이상 ~ 만 39세 이하,만 40세 이상",인천지식재산센터,0328102884,,Y
2026 중소기업AI훈련 맞춤 컨설팅 100% 정부지원 프로그램 참여기업 모집모집,중소기업AI훈련확산센터대한상공회의소경기인력개발원,공공기관(public),기술개발(R&D)(rnd),2026-04-30 00:00,2026-10-30 23:59,Y,개인사업자(individual) | 법인(corporate),서울,,,10,,,,,,20,,,단발(once),"중소기업 AI 도입 및 활용 지원사업 참여기업 모집」을 다음과 같이 공고하오니, AI 기반 업무혁신 및 디지털 전환을 희망하는 기업의 많은 관심과 참여 바랍니다.


본 사업은 AI 도입 및 활용에 어려움을 겪고 있는 중소기업을 대상으로, 기업별 상황과 수요에 맞춘 맞춤형 AI 훈련과 컨설팅을 지원하는 프로그램입니다. 
단순한 이론 교육이 아닌 실제 업무에 적용할 수 있는 실무 중심의 교육과 프로젝트(PBL) 방식으로 운영되며, 기업진단부터 현황분석, 과제도출, 역량강화 교육, 실무 적용까지 전 과정을 체계적으로 지원합니다. 또한 기업 맞춤형 AI 도입 전략과 훈련 로드맵 수립을 통해 기업의 디지털 전환과 업무 효율 향상을 돕고, 현업에 바로 적용 가능한 AI 활용 역량 강화를 목표로 합니다. 
참여 기업에는 컨설팅 비용 100% 전액 지원과 함께 AI 직무훈련 비용도 기업당 최대 738만원까지 지원되어 비용 부담 없이 AI 역량을 강화할 수 있습니다.","서울/경기/인천/강원 소재 AI 활용,도입 수요가 있는 상시근로자 20인 이상 기업 우선 지원 기업 대상",예비 창업자 제외,https://www.k-startup.go.kr/web/contents/bizpbanc-ongoing.do?schM=view&pbancSn=177466,kstartup,177466,2026-08-20 18:25,2026-08-21 20:53,01c59965-e14f-4d30-917b-e52b84f14d0c,서울,기술개발(R&amp;D),일반기업,"1년미만,2년미만,3년미만,5년미만,7년미만,10년미만","만 20세 이상 ~ 만 39세 이하,만 40세 이상",기업교육팀,0319406896,,N
2026년 Ready To Scale 프로그램 참여기업 모집 공고,조슈아파트너스(주),민간(private),사업화자금(funding),2026-06-23 00:00,2026-10-30 23:59,Y,예비창업자(preliminary) | 개인사업자(individual) | 법인(corporate),대전,,,10,,,,,,,,,단발(once),대전 지역 내 유망 스타트업의 역량 강화를 위해 2026년 Ready To Scale 프로그램을 운영합니다.  많은 스타트업의 관심과 신청 부탁드립니다.,대전 소재 예비창업자 및 창업기업 20개사 내외,대전시 소재가 아닌 기업,https://www.k-startup.go.kr/web/contents/bizpbanc-ongoing.do?schM=view&pbancSn=178247,kstartup,178247,2026-08-20 18:24,2026-08-21 20:53,6a1ea5c4-6ae5-498d-80af-fca9d2e10297,대전,사업화,"청소년,대학생,일반인,대학,연구기관,일반기업,1인 창조기업","예비창업자,7년미만,10년미만","만 20세 미만,만 20세 이상 ~ 만 39세 이하,만 40세 이상",엑셀러레이팅팀,0423641002,,N
2026 경기도 ESG 인식확산 교육,ESGi 이에스지아이,공공기관(public),교육·멘토링(education),2026-07-03 00:00,2026-10-30 23:59,Y,예비창업자(preliminary) | 개인사업자(individual) | 법인(corporate),경기,,,10,,,,,,,,,단발(once),"본 기업은 (재)경기도경제과학진흥원의 주관으로 「2026년 경기도 ESG 인식확산 교육」을 추진합니다.
이에 경기도 도민, 도내 기업 재직자, 학생 등 ESG에 관심 있는 사람을 모집하오니 희망하는 사람들의 많은 신청을 바랍니다.","경기도 도민, 도내 기업 재직자, 학생 등 ESG에 관심 있는 누구나 참여 가능",,https://www.k-startup.go.kr/web/contents/bizpbanc-ongoing.do?schM=view&pbancSn=178408,kstartup,178408,2026-08-20 18:24,2026-08-21 20:53,cec36299-fa1d-4ec9-8f48-609946376cd1,경기,멘토링ㆍ컨설팅ㆍ교육,"청소년,대학생,일반인,대학,연구기관,일반기업,1인 창조기업","예비창업자,1년미만,2년미만,3년미만,5년미만,7년미만,10년미만","만 20세 미만,만 20세 이상 ~ 만 39세 이하,만 40세 이상",ESG 지원팀,0312596286,,N
[성남산업진흥원] 2026년 창업기업 상시 멘토링 참여자(멘티)  모집,성남산업진흥원,공공기관(public),교육·멘토링(education),2026-02-04 00:00,2026-10-31 23:59,Y,예비창업자(preliminary) | 개인사업자(individual) | 법인(corporate),경기,,,7,,,,,,,,,단발(once),"성남시 예비창업자/창업기업의 애로사항 해결을 지원하고자 ｢상시 멘토링｣ 프로그램을 운영하오니 많은 신청과 참여 바랍니다.
본 사업은 선착순 신청접수로, 멘토링 예산 소진 시 사업이 종료될 수 있습니다.",성남시 관내 예비창업자 및 7년 미만 창업기업,"○ 멘티(기업) : 성남 비거주 예비창업자 또는 관외 소재 기업
○ 다음에 해당하는 멘토는 향후 1년 간 매칭 대상에서 제외
   - 멘티(기업)의 멘토 만족도 평가 평균 점수 80점 미만인 경우",https://www.k-startup.go.kr/web/contents/bizpbanc-ongoing.do?schM=view&pbancSn=176190,kstartup,176190,2026-08-20 18:25,2026-08-21 20:53,01f8ee68-2fb7-4a57-9025-88c0559baa7c,경기,멘토링ㆍ컨설팅ㆍ교육,"청소년,대학생,일반인,대학,연구기관,일반기업,1인 창조기업","예비창업자,1년미만,2년미만,3년미만,5년미만,7년미만","만 20세 미만,만 20세 이상 ~ 만 39세 이하,만 40세 이상",스타트업지원부,0317823043,,N
「2026 딥테크 스튜디오」 공공기술 활용 딥테크 스타트업 상시 모집 공고,(재)대전창조경제혁신센터,공공기관(public),사업화자금(funding),2026-04-14 00:00,2026-10-31 23:59,Y,예비창업자(preliminary) | 개인사업자(individual) | 법인(corporate),대전,,,7,,,,,,20,,,단발(once),"대전창조경제혁신센터는 「2026 딥테크 스튜디오 」사업을 통해  대전 지역 대학·출연연이 보유한 유망 기술의 사업화를 촉진하고, 이를 기반으로 기술경쟁력 확보 및 투자유치를 희망하는 딥테크 스타트업을 모집합니다. 세부 시행 계획을 다음과 같이 상시 공고하오니 많은 관심과 참여 바랍니다.","대전 소재 예비창업자 또는 7년 이내 창업기업(2026.4.13.기준)
*(2026년 4월 ~ 10월(상시 접수, 예산 소진 시 조기 마감)",공고문 신청자격 제외대상 참조,https://www.k-startup.go.kr/web/contents/bizpbanc-ongoing.do?schM=view&pbancSn=177210,kstartup,177210,2026-08-20 18:25,2026-08-21 20:53,774cc19a-4fb0-4750-8028-715210b8eaa4,대전,사업화,"청소년,대학생,일반인,대학,연구기관,일반기업,1인 창조기업","예비창업자,1년미만,2년미만,3년미만,5년미만,7년미만","만 20세 이상 ~ 만 39세 이하,만 40세 이상",딥테크창업전략실,0423850564,,N
2026년 김해소재 스타트업 국내특허 출원비용 지원사업,(주)라코(RAKO),민간(private),사업화자금(funding),2026-06-01 00:00,2026-10-31 23:59,Y,개인사업자(individual) | 법인(corporate),경남,,,7,,,,,,,,,단발(once),"김해소재의 스타트업이 혁신역량을 향상시키고, 경쟁력 향상을 도모할 수 있도록 『2026년 김해소재 스타트업 국내특허 출원비용 지원사업』을 공고하오니 김해소재 스타트업의 많은 참여를 바랍니다.","❍ 공고일 기준 창업 7년 이내로 연구개발 활동을 통해 기술을 보유한 김해소재(본사)의 스타트업
   - 개인 사업자인 경우 사업자등록증의 개업연월일 기준
   - 법인 사업자인 경우 법인등기부 등본의 회사 성립연월일 기준",,https://www.k-startup.go.kr/web/contents/bizpbanc-ongoing.do?schM=view&pbancSn=177899,kstartup,177899,2026-08-20 18:24,2026-08-21 20:53,40901591-2a18-4d19-8d2e-57be389f0083,경남,사업화,"일반기업,1인 창조기업","1년미만,2년미만,3년미만,5년미만,7년미만","만 20세 미만,만 20세 이상 ~ 만 39세 이하,만 40세 이상",기술사업화,07087701538,,N
[충남]  2026년 IP디딤돌프로그램   아이디어 권리화 지원사업 모집 공고,충남북부상공회의소  충남지식재산센터,공공기관(public),교육·멘토링(education),2026-02-11 00:00,2026-11-06 23:59,Y,예비창업자(preliminary),충남,,,0,,,,,,,,,단발(once),"충남북부상공회의소 산하  충남지식재산센터에서는 도내 예비창업자의 창의적 아이디어를 발굴하여 사업아이템으로 구체화하고 권리화 등을 통해, 지식재산(IP)기반의 혁신형 창업을 지원하기 위한 「2026년 IP디딤돌 프로그램 아이디어 권리화 지원사업」지원대상자를 모집하오니, 관심 있는 분들의 많은 참여를 부탁드립니다.","사업자 등록을 하지 않은 충남소재 예비창업자 또는 '26년 창업자 
 ※  아래의 경우 타 지역민도 예외적으로 지원 가능 (이외 조건 별도 문의 요망) 
        ① 충남지식재산센터 IP 창업교육 수료생  
        ② 충남지역 소재 학교 재학생","'26년 이전 사업자 등록증 보유자는 지원 불가 (단, 폐업 시 사실여부 확인 후 지원 검토)",https://www.k-startup.go.kr/web/contents/bizpbanc-ongoing.do?schM=view&pbancSn=176218,kstartup,176218,2026-08-20 18:25,2026-08-21 20:53,8fd3aaf9-6461-46bf-8b4f-4b798532aa8b,충남,멘토링ㆍ컨설팅ㆍ교육,"청소년,대학생,일반인",예비창업자,"만 20세 미만,만 20세 이상 ~ 만 39세 이하,만 40세 이상",충남지식재산센터,0415595751,,Y
2026 대경권 엔젤투자 포럼 참여기업 모집 상시 공고,(사)한국엔젤투자협회 대경권엔젤투자허브,민간(private),교육·멘토링(education),2026-02-23 00:00,2026-11-07 23:59,Y,예비창업자(preliminary) | 개인사업자(individual) | 법인(corporate),경북,,,7,,,,,,,,,단발(once),"투자유치를 희망하는 대구·경북 소재 기업에게 투자자와의 실질적인 만남 기회를 제공하고자, 『2026 대경권 엔젤투자 포럼』투자 IR에 참여할 우수기업을 다음과 같이 모집합니다.","대구·경북 소재 엔젤투자를 희망하는 7년이내 창업기업
 * 대구경북 내 본사 또는 지사/연구소/공장 소재지 기업",,https://www.k-startup.go.kr/web/contents/bizpbanc-ongoing.do?schM=view&pbancSn=176378,kstartup,176378,2026-08-20 18:25,2026-08-21 20:53,021178d2-b244-45c7-972c-265ff130e0e5,경북,멘토링ㆍ컨설팅ㆍ교육,"청소년,대학생,일반인,대학,연구기관,일반기업,1인 창조기업",7년미만,"만 20세 미만,만 20세 이상 ~ 만 39세 이하,만 40세 이상",대경권 엔젤투자허브,0538181014,,N
2026 대경권 엔젤투자 피칭룸 참여기업 모집 공고,(사)한국엔젤투자협회 대경권엔젤투자허브,민간(private),교육·멘토링(education),2026-02-24 00:00,2026-11-20 23:59,Y,예비창업자(preliminary) | 개인사업자(individual) | 법인(corporate),경북,,,7,,,,,,,,,단발(once),대구·경북 소재 스타트업의 엔젤투자 유치를 지원하는 『2026 대경권 엔젤투자 피칭룸』에 참여할 기업을 다음과 같이 모집합니다.,"대구·경북 소재*  7년 미만 창업·벤처기업으로서 투자유치를 희망하는 기업
  *  대구경북 내 본사 또는 지사/연구소/공장 소재지 기업",,https://www.k-startup.go.kr/web/contents/bizpbanc-ongoing.do?schM=view&pbancSn=176406,kstartup,176406,2026-08-20 18:25,2026-08-21 20:53,111b5a6c-fca5-4ad0-bde4-6d27437c86fa,경북,멘토링ㆍ컨설팅ㆍ교육,"청소년,대학생,일반인,대학,연구기관,일반기업,1인 창조기업","예비창업자,1년미만,2년미만,3년미만,5년미만,7년미만","만 20세 미만,만 20세 이상 ~ 만 39세 이하,만 40세 이상",대경권 엔젤투자허브,0538181014,,N
2026년 사회적기업 시설·운영비 지원사업,열매나눔재단,민간(private),융자(loan),2026-06-24 00:00,2026-11-22 23:59,Y,개인사업자(individual) | 법인(corporate),,,,10,,,,,,20,,,단발(once),"사회복지법인 열매나눔재단에서는 2026년 사회적기업 시설 ·운영비 지원사업 참여기업을 모집합니다.
자세한 내용은 첨부된 공고문을 참조하여 주시기 바라며, 성장과 도약을 준비하는 사회적기업의 많은 관심과 참여 바랍니다.","인증 사회적기업,  예비사회적기업,  사회적협동조합","- 신청일 기준 법인 설립 1년 미만인 기업
- 전기 재무제표 기준으로 완전자본잠식 상태인 기업",https://www.k-startup.go.kr/web/contents/bizpbanc-ongoing.do?schM=view&pbancSn=178234,kstartup,178234,2026-08-20 18:24,2026-08-21 20:53,0219c98a-b6c3-4f54-81e1-28d152def48f,전국,융자ㆍ보증,일반기업,"2년미만,3년미만,5년미만,10년미만","만 20세 이상 ~ 만 39세 이하,만 40세 이상",임팩트사업2팀,02266507129,,N
「2026년 경남창조경제혁신센터 창업-BuS 프로그램」참여 스타트업 모집 공고,(재)경남창조경제혁신센터,공공기관(public),경진대회·행사(contest),2026-03-16 00:00,2026-11-23 23:59,Y,예비창업자(preliminary) | 개인사업자(individual) | 법인(corporate),,,,7,,,,,,,,,단발(once),"“경남창조경제혁신센터 창업-BuS”는 연중 상시·정례적으로 스타트업을 발굴하고, 기업 단계별 IR 데모데이 매칭 및 액셀러레이팅을 통해 직접투자, TIPS 추천 검토 및 투자유치 연계를 지원하여 유니콘 기업으로의 성장지원을 돕기 위한 프로그램으로 다음과 같이 참여 스타트업을 모집하고자 합니다.","❍ (사업대상) 예비창업자(팀) 또는 7년 이내 스타트업
      ① 창업기업 지역 제한 없음
      ② (예비창업자) 사업 공고일 기준 사업자등록 및 법인등록을 하지 않은 자 (팀)
      ③ (창업기업) 「중소기업창업 지원법」 제2조 3에 따른 “창업기업”으로 공고일 기준 창업 7년 이내 기업","▶ 신청일 기준 휴‧폐업 중인 자(기업)
▶ 금융기관 등으로부터 채무불이행 중인 자(기업)
* 단, 신청·접수 마감일까지 채무변제 완료 후 증빙이 가능한 자(기업), 신용회복위원회의 프리워크아웃, 개인워크 아웃 제도에서 채무조정합의서를 체결한 경우, 법원의 개인회생제도에서 변제계획 인가를 받거나 파산면책 선고자, 회생인가를 받은 기업, 중소벤처기업진흥공단, 중소기업기술정보진흥원, 신용보증기금, 기술보증기금, 창업진흥원 등으로부터 재창업자금을 지원 받은 자(기업) 등 정부‧공공기관으로부터 재기지원 필요성을 인정 받은 자(기업)는 신청(지원) 가능
▶ 국세 또는 지방세 체납 중인 자(기업)
* 단, 세금분납계획에 따른 성실납부기업(체납처분유예신청), 신청·접수 마감일까지 국세, 지방세 등의 특수채무 변제 후 증빙이 가능한 자(기업)는 신청 가능
▶ 고용노동부가 공개하는 임금 체불사업주 명단에 포함된 자(기업)
▶ 중소기업창업지원법 시행령 제4조에 따른 창업에서 제외되는 업종(붙임2) 및 기타 중소벤처기업부 장관이 참여제한의 사유가 있다고 인정하는 자(기업)",https://www.k-startup.go.kr/web/contents/bizpbanc-ongoing.do?schM=view&pbancSn=176755,kstartup,176755,2026-08-20 18:25,2026-08-21 20:53,ca130228-6327-48e0-8fe6-af61d3aa4468,전국,행사ㆍ네트워크,"청소년,대학생,일반인,대학,연구기관,일반기업,1인 창조기업","예비창업자,1년미만,2년미만,3년미만,5년미만,7년미만","만 20세 미만,만 20세 이상 ~ 만 39세 이하,만 40세 이상",투자펀드팀,0552919355,,N
경기 스타트업 지원센터 일반상담 모집,경기도경제과학진흥원,공공기관(public),교육·멘토링(education),2026-03-03 00:00,2026-11-25 23:59,Y,예비창업자(preliminary) | 개인사업자(individual) | 법인(corporate),경기,,,3,,,,,,,,,단발(once),경기도 스타트업 지원센터에서는 경기도 내 예비·초기 (재)창업자 및 기술창업기업을 위한 전문위원 온/오프라인 상담을 운영하고 있습니다.,경기도 내 예비·초기 (재)창업자 및 기술창업기업,,https://www.k-startup.go.kr/web/contents/bizpbanc-ongoing.do?schM=view&pbancSn=176494,kstartup,176494,2026-08-20 18:25,2026-08-21 20:53,cb5566c3-bfe4-4b92-92f6-db2a95137e1e,경기,멘토링ㆍ컨설팅ㆍ교육,"청소년,대학생,일반인,대학,연구기관,일반기업,1인 창조기업","예비창업자,1년미만,2년미만,3년미만","만 20세 미만,만 20세 이상 ~ 만 39세 이하,만 40세 이상",스타트업지원팀,03180397113,,N
2026년 구미시 스타트업 제작센터 참여기업 모집,구미전자정보기술원,공공기관(public),입주공간(space),2026-04-13 00:00,2026-11-27 23:59,Y,예비창업자(preliminary) | 개인사업자(individual) | 법인(corporate),,,,7,,,,,,,,,단발(once),구미전자정보기술원에서는 지역 창업기업의 제품 경쟁력 강화와 사업화 촉진을 위하여 참여기업을 다음과 같이 모집하오니 많은 관심과 참여 바랍니다.,"- 업력 7년 이내 창업기업(신청일 기준)
- 구미소재 기업 및 구미(본사)로 이전 계획 기업
 ※ 타 지역 창업기업의 경우 선정 후 60일 이내 구미 본사 이전 必",공고문 참조,https://www.k-startup.go.kr/web/contents/bizpbanc-ongoing.do?schM=view&pbancSn=177152,kstartup,177152,2026-08-20 18:25,2026-08-21 20:53,dca3424f-7928-49b2-81df-d1b94d5b6f6c,전국,시설ㆍ공간ㆍ보육,"청소년,대학생,일반인,대학,연구기관,일반기업,1인 창조기업","예비창업자,1년미만,2년미만,3년미만,5년미만,7년미만","만 20세 미만,만 20세 이상 ~ 만 39세 이하,만 40세 이상",창업성장지원센터,0544792054,,N
2026년 용산구 청년기업 융자지원사업,용산구청,공공기관(public),융자(loan),2026-01-27 00:00,2026-11-30 23:59,Y,예비창업자(preliminary) | 개인사업자(individual) | 법인(corporate),서울,,,10,,,,,,20,39,,단발(once),"용산구에 6개월 이상 거주 중이며, 용산구에 사업자등록을 한 39세 이하 청년 기업인 대상으로 저금리 융자지원사업을 실시합니다. 자세한 사항은 공고문으로 확인하시기 바랍니다.","용산구에서 6개월 이상 거주 중이며, 용산구에 사업자등록을 한 39세 이하 청년(신청일 기준)","최근 5년 이내 용산구에 설치된 다른 자금 융자실적이 있는 업체
일반유흥음식점, 무도유흥음식점, 기타 사행시설 관리 및 운영업 등 제외",https://www.k-startup.go.kr/web/contents/bizpbanc-ongoing.do?schM=view&pbancSn=176090,kstartup,176090,2026-08-20 18:25,2026-08-21 20:53,7765743d-200e-43f9-a3fb-d2cc85824451,서울,융자ㆍ보증,"대학생,일반인,일반기업,1인 창조기업","예비창업자,1년미만,2년미만,3년미만,5년미만,7년미만,10년미만",만 20세 이상 ~ 만 39세 이하,일자리정책담당관,0221994512,,N
2026 신개념 세대융합 청년창업 지원 멘티 상시 모집,인천창조경제혁신센터,공공기관(public),교육·멘토링(education),2026-02-04 00:00,2026-11-30 23:59,Y,예비창업자(preliminary) | 개인사업자(individual) | 법인(corporate),인천,,,3,,,,,,,39,,단발(once),"중장년 전문가들의 경험과 노하우를 활용하여, 인천광역시 청년 창업가들이 기.술.창.업 과정에서 마주하는 어려움을 해결할 수 있도록 지원하는 이번 모집에 많은 참여바랍니다.","- 연령: 만39세 이하 (1987년 1월 1일 이후 출생)
- 기업업력: 예비창업자 또는 3년 이내 (2023년 2월 이후 창업) 창업자
(예비창업자) 신청자 명의의 사업자 등록이 없는 자로 주민등록상 거주지가 인천인 자
(기창업자) 사업자등록증 기준, 사업장 소재지가 인천에 위치한 3년 이내 창업자","? 지원 제외 업종
소상공인 분야 (예: 도소매업, 유통업, 요식업, 미용업 프랜차이즈 등)",https://www.k-startup.go.kr/web/contents/bizpbanc-ongoing.do?schM=view&pbancSn=176208,kstartup,176208,2026-08-20 18:25,2026-08-21 20:53,4c5b82c7-1a08-4a1e-ac50-0bd55ea10a9a,인천,멘토링ㆍ컨설팅ㆍ교육,"청소년,대학생,일반인,대학,연구기관,일반기업,1인 창조기업","예비창업자,1년미만,2년미만,3년미만","만 20세 미만,만 20세 이상 ~ 만 39세 이하",창업생태계팀,0324585036,,Y
2026년 IP디딤돌 프로그램 지원대상 모집 공고,강원특별자치도경제진흥원,공공기관(public),교육·멘토링(education),2026-02-09 00:00,2026-11-30 23:59,Y,예비창업자(preliminary) | 개인사업자(individual) | 법인(corporate),강원,,,1,,,,,,,,,단발(once),"강원특별자치도경제진흥원(강원지식재산센터)에서는 예비창업자의 창의적 아이디어를 발굴하여 사업 아이템으로 구체화하고 권리화를 지원함으로써, 지식재산(IP) 기반의 창업을 촉진하기 위한 「2026년 IP디딤돌프로그램」 지원대상을 모집하오니 관심 있는 분들의 많은 참여 바랍니다.","사업자등록을 하지 않은 강원지역 거주 예비창업자 및 2026년 신규창업자
※ 아래의 경우 타 지역민도 예외적으로 지원 가능
- 강원지식재산센터 IP기반 창업교육 수료생
- 강원지역 소재 학교의 재학생(재학증명서 제출)
- 사업자등록증 주소지가 강원지역인 26년 신규창업자(사업자등록증 제출)
- 폐업 후 업종을 추가·변경하여 재창업 예정인 자(사업자등록 사실여부 제출)
- 부동산임대업 영위기업 대표(직원을 고용하지 않고 부동산임대업만을 영위하는 개인사업자는 신청 가능, 타 업종을 복수로 영위하고 있는 경우 신청 불가)",,https://www.k-startup.go.kr/web/contents/bizpbanc-ongoing.do?schM=view&pbancSn=176248,kstartup,176248,2026-08-20 18:25,2026-08-21 20:53,0075b499-d6a7-43c0-b944-2c447e205af7,강원,멘토링ㆍ컨설팅ㆍ교육,"대학생,일반인,1인 창조기업","예비창업자,1년미만","만 20세 미만,만 20세 이상 ~ 만 39세 이하,만 40세 이상",강원지식재산센터,0337493326,,Y
2026년 창업·벤처 녹색융합클러스터 그린아이디어랩 비상주오피스 이용자 모집,한국환경산업기술원,공공기관(public),입주공간(space),2026-02-13 00:00,2026-11-30 23:59,Y,예비창업자(preliminary) | 개인사업자(individual) | 법인(corporate),,,,0,,,,,,,,,단발(once),창업·벤처 녹색융합클러스터에서는 「녹색융합클러스터의 육성 및 조성에 관한 법률」 제2조제2호에 따른 녹색산업 및 제2조제3호에 따른 녹색 연관 산업 분야의 창업에 도전하는 자가 아이디어를 바탕으로 창업 준비를 본격화 할 수 있도록 지원하기 위하여 예비창업자를 다음과 같이 모집합니다.,(그린아이디어랩 비상주오피스) 녹색산업 및 녹색연관사업을 연구·개발하거나 사업을 영위할 계획인 예비창업자,"1. ｢창업·벤처 녹색융합클러스터 운영규정｣제9조제1항에 따른 입주대상에 해당하지 않는 경우
2. ｢창업·벤처 녹색융합클러스터 운영규정｣제9조제3항에 따른 입주제외대상에 해당하는 경우
3. 사업자등록을 한 창업기업",https://www.k-startup.go.kr/web/contents/bizpbanc-ongoing.do?schM=view&pbancSn=176316,kstartup,176316,2026-08-20 18:25,2026-08-21 20:53,a9aa4633-8546-4992-829f-ca0eb8765fd3,전국,시설ㆍ공간ㆍ보육,"청소년,대학생,일반인,대학,연구기관,일반기업,1인 창조기업",예비창업자,"만 20세 미만,만 20세 이상 ~ 만 39세 이하,만 40세 이상",기획운영실,0325402112,,N
창업지원사업 예비위원단 재모집 (신산업분야),창업진흥원,공공기관(public),교육·멘토링(education),2026-02-23 00:00,2026-11-30 23:59,Y,예비창업자(preliminary) | 개인사업자(individual) | 법인(corporate),,,,10,,,,,,,,,단발(once),"창업진흥원에서는 딥테크 창업기업 육성 정책에 따라 신산업 분야 사업 평가 등에 참여할 '예비위원단'을  재모집하고 있으니, 관심 있는 분들의 많은 신청 바랍니다.","신산업 분야에서 일정 경력이상을 보유하였거나 전문성을 지니고 있는자로, 아래 자격기준 중 한가지 이상 충족하는자
- 학계 : 해당 분야에 관한 전문지식이 있는 조교수 이상의 대학교수 등
- 산업계ㆍ연구계 : 박사학위 소지자, 석사학위 소지자로 전문분야 5년이상 경력자, 학사학위 소지자로 전문분야 7년이상 경력자 등
- 공무원 경력자 : 5급 또는 이에 상당하는 직급 이상의 공무원 등
- 기술사, 변리사, 기술지도사, 경영지도사, 공인회계사, 세무사, 변호사, 노무사 등 기술 및 경영 분야 전문가
- 전문분야에서 10년 이상의 실무 경험이 있거나 5년 이상 연구개발 경력이 있는 자 등
* 자세한 신청 자격기준은 '[붙임1] 신산업 분야 예비위원 공개모집 안내문' 참고","- 법 제63조제1항 각 호 중 어느 하나에 해당하는 사유로 지원사업의 참여제한을 받았거나 받고 있는 경우
- 현직 중소벤처기업부(소속기관을 포함한다) 및 전문기관 소속 임직원",https://www.k-startup.go.kr/web/contents/bizpbanc-ongoing.do?schM=view&pbancSn=176391,kstartup,176391,2026-08-20 18:25,2026-08-21 20:53,b3225f6e-d314-4fa5-b056-75bc5f970bbc,전국,멘토링ㆍ컨설팅ㆍ교육,"청소년,대학생,일반인,대학,연구기관,일반기업,1인 창조기업","예비창업자,1년미만,2년미만,3년미만,5년미만,7년미만,10년미만","만 20세 미만,만 20세 이상 ~ 만 39세 이하,만 40세 이상",사업관리실,1357,,N
「2026년 창업-BuS at 경북」참여기업 모집공고(상시모집),경북창조경제혁신센터,공공기관(public),경진대회·행사(contest),2026-02-20 00:00,2026-11-30 23:59,Y,예비창업자(preliminary) | 개인사업자(individual) | 법인(corporate),,,,7,,,,,,,,,단발(once),경북창조경제혁신센터에서는 유망 혁신 스타트업의 연중 상시 발굴과 맞춤형 성장 지원을 위한「창업-BuS at 경북」참여기업을 다음과 같이 모집하오니 관심있는 기업의 많은 참여를 바랍니다.,창업 후 7년 이내 기업,,https://www.k-startup.go.kr/web/contents/bizpbanc-ongoing.do?schM=view&pbancSn=176782,kstartup,176782,2026-08-20 18:25,2026-08-21 20:53,3c8ef92d-f972-45f1-85ea-ac7505bdedb0,전국,행사ㆍ네트워크,"청소년,대학생,일반인,대학,연구기관,일반기업,1인 창조기업",7년미만,"만 20세 미만,만 20세 이상 ~ 만 39세 이하,만 40세 이상",벤처투자팀,0544702627,,N
2026년 수출 중소·중견기업을 위한 ESG 공급망 컨설팅 지원사업,ESGi 이에스지아이,민간(private),교육·멘토링(education),2026-05-11 00:00,2026-11-30 23:59,Y,개인사업자(individual) | 법인(corporate),,,,10,,,,,,20,,,단발(once),"본 기업은 산업통상부와 한국생산성본부의 지원으로 「2026년 수출 중소·중견기업을 위한 ESG 공급망 컨설팅 지원사업」을 추진합니다.
이에 전국에 해당하는 참여 기업들을 모집하오니 희망하는 기업들의 많은 신청을 바랍니다.","- 원청사로부터 ESG경영을 요구받는 중소‧중견기업
 - ESG 규제 대응이 필요한 해외 수출 중소‧중견기업
 - ESG 경영에 관심있는 국내 모든 대‧중‧소 기업",-,https://www.k-startup.go.kr/web/contents/bizpbanc-ongoing.do?schM=view&pbancSn=177563,kstartup,177563,2026-08-20 18:25,2026-08-21 20:53,0f8128d7-1e73-47d3-812e-eca9e156b497,전국,멘토링ㆍ컨설팅ㆍ교육,"일반기업,1인 창조기업","1년미만,2년미만,3년미만,5년미만,7년미만,10년미만","만 20세 이상 ~ 만 39세 이하,만 40세 이상",ESG 공급망 지원팀,0263340061,,N
충남 벤처투자포럼 및 IR 컨설팅 지원 사업 참여기업 모집,(주)티인베스트먼트,민간(private),사업화자금(funding),2026-05-15 00:00,2026-11-30 23:59,Y,예비창업자(preliminary) | 개인사업자(individual) | 법인(corporate),충남,,,10,,,,,,,,,단발(once),유망 혁신기술을 보유한 충남 내 우수기업을 발굴 및 지원하고자 「2026년 충남 벤처투자포럼 및 IR 컨설팅 운영」사업을 다음과 같이 공고하오니 지역 주력 산업의 혁신 성장을 주도하고 실질적인 투자 유치 성과를 창출할 창업가분들의 많은 관심과 참여 바랍니다.,"◼ 충남 도내 유망 스타트업(또는 26년 내 충남 이전 예정 기업)
       ① 디스플레이
       ② 모빌리티
       ③ 에너지
       ④ 바이오
       ⑤ 기타 충남 주력산업 및 딥테크 분야",,https://www.k-startup.go.kr/web/contents/bizpbanc-ongoing.do?schM=view&pbancSn=177681,kstartup,177681,2026-08-20 18:25,2026-08-21 20:53,6eb5f7bd-aa75-4fd7-88df-d0adaf726be4,충남,사업화,일반기업,"예비창업자,1년미만,2년미만,3년미만,5년미만,7년미만,10년미만","만 20세 미만,만 20세 이상 ~ 만 39세 이하,만 40세 이상",투자3본부,025688581,,N
"[방송미디어통신위원회, 한국인터넷진흥원]2026 위치정보 맞춤형 컨설팅 참여기업 모집(상시)",한국능률협회컨설팅,민간(private),교육·멘토링(education),2026-05-11 00:00,2026-11-30 23:59,Y,예비창업자(preliminary) | 개인사업자(individual) | 법인(corporate),,,,7,,,,,,,,,단발(once),"안녕하십니까.
방송미디어통신위원회와 한국인터넷진흥원(KISA)에서 위치정보 산업의 (예비)창업자 및 스타트업, 중소 위치정보사업자 등을 대상으로 「2026 위치정보 맞춤형 컨설팅」을 운영하고 있습니다.
맞춤형 컨설팅 계획을 다음과 같이 안내하오니 참여를 희망하시는 분께서는 안내에 따라 신청하시기 바랍니다.","- 위치정보 산업에 진출하려는 (예비)창업자 또는 스타트업
- 중소 위치정보사업자, 위치기반서비스 사업자
※ 대기업 제외",,https://www.k-startup.go.kr/web/contents/bizpbanc-ongoing.do?schM=view&pbancSn=177864,kstartup,177864,2026-08-20 18:24,2026-08-21 20:53,2609c058-fa45-4508-ae69-40b37e152b84,전국,멘토링ㆍ컨설팅ㆍ교육,"청소년,대학생,일반인,대학,연구기관,일반기업,1인 창조기업","예비창업자,1년미만,2년미만,3년미만,5년미만,7년미만","만 20세 미만,만 20세 이상 ~ 만 39세 이하,만 40세 이상",위치정보팀,0237860546,,N
2026 SVC Seoul 멤버십(확장형) 모집공고,창업진흥원장,공공기관(public),입주공간(space),2026-08-06 00:00,2026-12-11 23:59,Y,예비창업자(preliminary) | 개인사업자(individual) | 법인(corporate),,,,10,,,,,,,,,단발(once),"글로벌 진출을 희망하는 창업기업을 대상으로 공유오피스 및 회의공간 이용, 전문 자문 등을 제공하는「SVC Seoul 확장형 멤버십」에 참여할 창업기업을 다음과 같이 공고합니다.","예비창업자* 및 업력 7년 이내의 창업기업*
* 예비창업자의 경우, 중소벤처기업부(창업진흥원)에서 지원하는 ①2026년 예비창업패키지(사내벤처 포함), ②2026년 재도전성공패키지에 협약체결 한 자에 한하여 신청 가능
** 단, 중소기업창업 지원법 제25조(유망 신산업 기술 창업기업 집중 육성)에 따라 중소벤처기업부 장관이 고시하는 신산업창업 분야의 중소기업은 업력 10년까지 신청가능
※ 세부내용은 공고문 참고","지원 제외 대상 업종 운영 기업 등
※ 세부내용은 공고문 참고",https://www.k-startup.go.kr/web/contents/bizpbanc-ongoing.do?schM=view&pbancSn=178802,kstartup,178802,2026-08-20 18:24,2026-08-21 20:53,82d96f74-dad7-437a-9e7b-bd415a002708,전국,시설ㆍ공간ㆍ보육,"청소년,대학생,일반인,대학,연구기관,일반기업,1인 창조기업","예비창업자,7년미만,10년미만","만 20세 미만,만 20세 이상 ~ 만 39세 이하,만 40세 이상",글로벌허브실,0220391623,,N
2026 SVC Seoul Membership(Global) Recruitment Announcement,President of KISED,공공기관(public),입주공간(space),2026-08-06 00:00,2026-12-11 23:59,Y,예비창업자(preliminary) | 개인사업자(individual) | 법인(corporate),,,,10,,,,,,,,,단발(once),"We hereby announce the recruitment of startup companies to participate in the ""SVC Seoul Global Membership"" designed to support foreign startup companies wishing to enter the Korean market in settling down within the domestic startup ecosystem and establishing a foundation for commercialization.","Prospective entrepreneurs or startup companies with less than 7 years of business operation history who wish to establish a business in Korea or enter the Korean market.
* Reference to the Announcement",* Reference to the Announcement,https://www.k-startup.go.kr/web/contents/bizpbanc-ongoing.do?schM=view&pbancSn=178803,kstartup,178803,2026-08-20 18:24,2026-08-21 20:53,e74b251f-028c-474c-a50f-a71f9aba9e7b,전국,시설ㆍ공간ㆍ보육,"청소년,대학생,일반인,대학,연구기관,일반기업,1인 창조기업","예비창업자,7년미만,10년미만","만 20세 미만,만 20세 이상 ~ 만 39세 이하,만 40세 이상",글로벌허브실,0220391623,,N
2026년 벤처나라 벤처창업기업제품 등록 지원제도 기관 추천 희망 기업 모집,서울창업허브 창동,민간(private),입주공간(space),2026-03-03 00:00,2026-12-15 23:59,Y,개인사업자(individual) | 법인(corporate),서울,,,7,,,,,,,,,단발(once),"조달청에서 추진하고 있는 벤처나라 ‘벤처창업기업제품’ 등록 지원제도와 관련하여
공공조달시장  진출을  희망하는  스타트업과  벤처기업을  모집하고  있사오니  많은 관심과 참여 바랍니다.",서울시 소재 벤처기업 또는 창업 7년 이내 스타트업,,https://www.k-startup.go.kr/web/contents/bizpbanc-ongoing.do?schM=view&pbancSn=177278,kstartup,177278,2026-08-20 18:25,2026-08-21 20:53,759e338a-167d-438e-9487-f7b522288942,서울,시설ㆍ공간ㆍ보육,일반기업,7년미만,"만 20세 미만,만 20세 이상 ~ 만 39세 이하,만 40세 이상",창업사업부,0237782725,,N
[영산대학교 창업보육센터] 2026년 신규입주기업 모집 공고,영산대학교 그린창업보육센터,민간(private),입주공간(space),2026-07-07 00:00,2026-12-30 23:59,Y,예비창업자(preliminary) | 개인사업자(individual) | 법인(corporate),경남,,,7,,,,,,20,,,단발(once),영산대학교 그린창업보육센터는 기술력과 사업역량을 겸비한 창업자 및 예비창업자를 대상으로 모집하여 여러 지원 혜택을 통하여 유망한 기업으로 성장할 수 있도록 육성하고자 아래와 같이 입주업체를 모집하오니 많은 신청 바랍니다.,"⁃ 예비창업자 또는 창업일로부터 7년 이내 기업
    * 예비창업자의 경우 입주 후 6개월 이내 사업자 등록이 가능한 자
    * 창업자의 경우 사업장 소재지를 센터 입주 후 센터 주소지로 본점 등록이 가능한 자","⁃ 숙박업, 임대업, 유흥업, 컨설팅업, 자영업 등 사행성 업종 및 단순 서비스 업종
 ⁃ 국세 또는 지방세를 체납 중인 자
 ⁃ 정부지원사업 및 유관기관 사업에 참여제한으로 제재 중인 자
 ⁃ 기타 위원회에서 부적합하다고 인정하는 자",https://www.k-startup.go.kr/web/contents/bizpbanc-ongoing.do?schM=view&pbancSn=178453,kstartup,178453,2026-08-20 18:24,2026-08-21 20:53,521b9d8b-df8d-43ee-97ee-7dc36dc980e6,경남,시설ㆍ공간ㆍ보육,"대학생,일반인,일반기업,1인 창조기업","예비창업자,1년미만,2년미만,3년미만,5년미만,7년미만","만 20세 이상 ~ 만 39세 이하,만 40세 이상",그린창업보육센터,0553809104,,Y
[Startup Korea Special Visa] Announcement on Application for Recommendations for the “Startup Korea Special Visa”,Minister of SMEs and Startups,공공기관(public),인력·고용(employment),2024-12-03 00:00,2026-12-31 23:59,Y,예비창업자(preliminary) | 개인사업자(individual) | 법인(corporate),,,,10,,,,,,,,,단발(once),"We are pleased to announce that applications for recommendations for the ""Startup Korea Special Visa"" will be accepted on a rolling basis, and this visa will be issued upon the recommendation of the Ministry of SMEs and Startups (“MSS”), following an evaluation of the startup’s feasibility and innovativeness.","Representative of a (prospective) startup who is not a Korean national and The (prospective) startup must meet the eligibility criteria outlined in the Support for Small and Medium Enterprise Establishment Act.

* Reference to the Announcement",* Reference to the Announcement,https://www.k-startup.go.kr/web/contents/bizpbanc-ongoing.do?schM=view&pbancSn=171419,kstartup,171419,2026-08-20 18:28,2026-08-21 20:53,913000ee-c0a3-4ab8-ac71-650e31cb71f3,전국,인력,"청소년,대학생,일반인,대학,연구기관,일반기업,1인 창조기업","예비창업자,1년미만,2년미만,3년미만,5년미만,7년미만,10년미만","만 20세 미만,만 20세 이상 ~ 만 39세 이하,만 40세 이상",글로벌진출팀 ,0234407348,,N
"바이오 협력, 지금 시작하세요 – 'BioLink Starup Hub'에서 필요한 기술을 찾고, 가진 기술을 연결하세요!",(재)충북창조경제혁신센터,공공기관(public),기술개발(R&D)(rnd),2025-05-23 00:00,2026-12-31 23:59,Y,예비창업자(preliminary) | 개인사업자(individual) | 법인(corporate),,,,10,,,,,,,,,단발(once),"바이오 스타트업 간 기술 공유와 공동개발을 위한 연결 플랫폼
'바이오링크 스타트업 허브'를 운영합니다.

특정 기술을 찾는 기업과 그 기술을 가진 기업이 서로를 쉽게 발견하고, 연결되고,
실제 협업으로 이루어질 수 있도록 도움을 드리고자 합니다!","이런 기업이라면 꼭 참여해주세요!
- 협업 가능한 기술을 보유하고 있는 기업
- 해결하고 싶은 기술적 과제를 가진 기업
- 새로운 파트너와의 공동 개발을 고민 중인 기업","바이오 및 제약 분야 외의 기술은 작성이 어렵습니다. (단, 수요 기술에 해당되는 경우 매칭은 가능)",https://www.k-startup.go.kr/web/contents/bizpbanc-ongoing.do?schM=view&pbancSn=173424,kstartup,173424,2026-08-20 18:27,2026-08-21 20:53,df0f7da7-201f-4d71-aded-48e379f89175,전국,기술개발(R&amp;D),"청소년,대학생,일반인,대학,연구기관,일반기업,1인 창조기업","예비창업자,1년미만,2년미만,3년미만,5년미만,7년미만,10년미만","만 20세 미만,만 20세 이상 ~ 만 39세 이하,만 40세 이상",액셀러레이팅실,0437105933,,N
SK하이닉스청년창업파크 입주기업 모집(상시모집),서원대학교 산학협력단,공공기관(public),입주공간(space),2025-10-27 00:00,2026-12-31 23:59,Y,예비창업자(preliminary) | 개인사업자(individual) | 법인(corporate),,,,7,,,,,,,,,단발(once),"SK하이닉스청년창업파크는 지역창업 생산기지 조성으로 창업 교육,  투자 마케팅,  기술지원,  창업보육 프로그램 지원 등  소상공인 창업부터 기술창업까지 필요한 서비스를 One-Stop으로 활용할 수 있도록 창의적인 아이디어와 기술을 가진 예비창업자 및 창업기업을 모집하오니 많은 참여 부탁드립니다.","만 45세 이하의 예비창업자 또는 창업기업
- 예비창업자의 경우 스파크 주소로 사업자등록을 1개월 이내로 가능한 기업 
- 창업기업의 경우 스파크 주소로 사업장  주소지를 1개월 이내로 이전 가능한 기업(본사가 아니여도 가능)","각종 법적 제재 대상자
스파크 입주경력이 있는 기업",https://www.k-startup.go.kr/web/contents/bizpbanc-ongoing.do?schM=view&pbancSn=175366,kstartup,175366,2026-08-20 18:26,2026-08-21 20:53,25b75fd9-84c4-4d4c-ba0c-ba6e9d32eab9,전국,시설ㆍ공간ㆍ보육,"대학생,일반인,일반기업","예비창업자,1년미만,2년미만,3년미만,5년미만,7년미만","만 20세 미만,만 20세 이상 ~ 만 39세 이하,만 40세 이상",SK하이닉스청년창업파크,0437162975,,N
2026년 중앙부처 및 지자체 창업지원사업 통합공고,중소벤처기업부장관,공공기관(public),사업화자금(funding),2025-12-19 00:00,2026-12-31 23:59,Y,예비창업자(preliminary) | 개인사업자(individual) | 법인(corporate),,,,10,,,,,,,,,단발(once),"「중소기업창업 지원법」 제14조(창업정책정보의 수집 및 제공)에 따라 2026년 창업지원사업을 공고하오니, 창업기업 및 예비창업자의 적극적인 참여를 바랍니다.",각 지원사업 모집 공고문 참고,각 지원사업 모집 공고문 참고,https://www.k-startup.go.kr/web/contents/bizpbanc-ongoing.do?schM=view&pbancSn=175783,kstartup,175783,2026-08-20 18:25,2026-08-21 20:53,43699a3a-7dac-4f03-be6a-0453303cdfa2,전국,사업화,"청소년,대학생,일반인,대학,연구기관,일반기업,1인 창조기업","예비창업자,1년미만,2년미만,3년미만,5년미만,7년미만,10년미만","만 20세 미만,만 20세 이상 ~ 만 39세 이하,만 40세 이상",사업관리실,1357,,N
대구 동성로 1인 창조기업 지원센터 입주기업 모집,주식회사 디지스타트업인큐베이터,민간(private),입주공간(space),2026-01-05 00:00,2026-12-31 23:59,Y,예비창업자(preliminary) | 개인사업자(individual) | 법인(corporate),대구,,,10,,,,,,,,,단발(once),대구 동성로 1인 창조기업 지원센터에서는 참신한 기술과 아이디어를 가진 예비창업자 또는 1인 창조기업을 다음과 같이 모집합니다.,"◦ 지원자격
- 예비창업자 또는 1인 창조기업으로 직장의료보험 가입자가 아닌 자
- K스타트업 회원가입 후 정회원 신청 후 승인 받은 자","◦ 지원제한
※ 입주이후 해당 결격사유가 발견된 경우, 강제 퇴거 및 사업비지원분 회수

【입주제한 대상자】
○ 금융기관으로부터 채무불이행으로 규제중인 자
○ 사법기관으로부터 기소중지 중인 자
○ 폐수, 소음, 진동, 악취 등의 공해를 유발하는 자(업종)
○ 중소기업창업지원법 시행령 제4조 각호에 해당하는 자",https://www.k-startup.go.kr/web/contents/bizpbanc-ongoing.do?schM=view&pbancSn=175849,kstartup,175849,2026-08-20 18:25,2026-08-21 20:53,84a51fe4-48e6-4381-9252-ee9d8555c165,대구,시설ㆍ공간ㆍ보육,1인 창조기업,"예비창업자,1년미만,2년미만,3년미만,5년미만,7년미만,10년미만","만 20세 미만,만 20세 이상 ~ 만 39세 이하,만 40세 이상",1인 창조기업 지원센터,0534289909,,Y
2026년 팁스(TIPS) 창업기업 지원계획 수정 공고,중소벤처기업부 장관,공공기관(public),사업화자금(funding),2026-03-19 00:00,2026-12-31 23:59,Y,예비창업자(preliminary) | 개인사업자(individual) | 법인(corporate),,,,10,,,,,,,,,단발(once),"2026년 팁스(TIPS) 창업기업 지원계획을 다음과 같이 수정 공고하오니, 프로그램에 참여를 희망하는 창업기업과 운영사는 참고하시기 바랍니다.","* 팁스(R&D) : 팁스 운영사로부터 투자 및 추천을 받은 (예비)창업기업
* 딥테크팁스(R&D) : 팁스 일반트랙 최종평가 결과 '완료' 판정을 받은 '12대 신산업분야' 창업기업
* 연계사업(비R&D)-창업사업화, 해외마케팅 : '25년까지 팁스(TIPS) R&D(일반,딥테크, 글로벌)에 협약(완료)한 창업기업",공고문 및 첨부파일 확인,https://www.k-startup.go.kr/web/contents/bizpbanc-ongoing.do?schM=view&pbancSn=176076,kstartup,176076,2026-08-20 18:25,2026-08-21 20:53,0a96af74-1f09-4d7e-894d-4fa6677905bd,전국,사업화,"청소년,대학생,일반인,대학,연구기관,일반기업,1인 창조기업","예비창업자,1년미만,2년미만,3년미만,5년미만,7년미만,10년미만","만 20세 미만,만 20세 이상 ~ 만 39세 이하,만 40세 이상",민관협력실,1357,,N
2026년 기업인력애로센터 활용 취업지원 사업 구인기업 및 구직자 모집 공고,중소벤처기업진흥공단,공공기관(public),인력·고용(employment),2026-01-01 00:00,2026-12-31 23:59,Y,예비창업자(preliminary) | 개인사업자(individual) | 법인(corporate),,,,10,,,,,,,,,단발(once),구인애로 중소기업과 취업에 어려움이 있는 구직자를 대상으로 일자리매칭을 지원하기 위해 '기업인력애로센터 활용 취업 지원 사업'에 참여할 구인기업 및 구직자 모집을 다음과 같이 공고합니다.,인력 채용에 애로가 있는 중소기업 및 중소기업에 취업할 의사가 있는 구직자,,https://www.k-startup.go.kr/web/contents/bizpbanc-ongoing.do?schM=view&pbancSn=176129,kstartup,176129,2026-08-20 18:25,2026-08-21 20:53,14670e1a-e941-4d87-8d7a-784f5fb39feb,전국,인력,"대학생,일반인,일반기업,1인 창조기업","예비창업자,1년미만,2년미만,3년미만,5년미만,7년미만,10년미만","만 20세 미만,만 20세 이상 ~ 만 39세 이하,만 40세 이상",인력지원처,0557519792,,N
[경기경영자총협회] 26년 청년일자리도약장려금 사업 참여 기업 모집 안내,(사)경기경영자총협회,민간(private),사업화자금(funding),2026-02-06 00:00,2026-12-31 23:59,Y,예비창업자(preliminary) | 개인사업자(individual) | 법인(corporate),경기,,,10,,,,,,,39,,단발(once),"안녕하세요. 경기경영자총협회 고용지원팀입니다.
본 회는 사용자측 권익을 대변하는 노동부 허가 법인인 경제단체로서 '청년일자리도약장려금 사업'을 운영하고 있습니다.
고용노동부 주관 사업인 2026년 청년일자리도약장려금 사업을 안내드리오니 청년 채용 기업에서는 많은 참여 바랍니다.","■ 지원대상 (아래 요건을 모두 충족해야 하며, 세부 자격은 담당자에 문의)

1. 수원, 용인, 화성 소재 기업

2. 기준 피보험자 수 5인 이상 우선지원 대상기업
  *기준 피보험자 수 : 참여 신청 직전 월부터 이전 1년간 매 월말 고용보험 피보험자 수 평균
  *지식서비스‧문화콘텐츠‧신재생에너지 산업, 미래유망기업, 청년창업기업, 경기도 주력 육성산업 등 해당 기업은 1인 이상도 가능

3. 연 매출액이 기준 피보험자 수 × 1,900만원 이상인 기업","■ 지원제외 (세부 자격은 담당자에 문의)

1. 참여 신청 이전 채용 청년 ( 신청일 이전 3개월 이내 채용 청년까지만 허용)
2. (채용일 기준) 일반 대학 재학생 (단, 졸업예정자는 지원대상 포함)
3. (채용일 기준) 사업자 등록증 소지한 자",https://www.k-startup.go.kr/web/contents/bizpbanc-ongoing.do?schM=view&pbancSn=176224,kstartup,176224,2026-08-20 18:25,2026-08-21 20:53,74c18a69-c1f0-4428-848e-d82f9f17a198,경기,사업화,"청소년,대학생,일반인,대학,연구기관,일반기업,1인 창조기업","예비창업자,1년미만,2년미만,3년미만,5년미만,7년미만,10년미만","만 20세 미만,만 20세 이상 ~ 만 39세 이하",고용지원 2팀,03180145482,,N
2026년 3D프린팅 전문기술 활용지원 사업,3D프린팅혁신성장센터,민간(private),기술개발(R&D)(rnd),2026-01-01 00:00,2026-12-31 23:59,Y,예비창업자(preliminary) | 개인사업자(individual) | 법인(corporate),,,,10,,,,,,20,,,단발(once),"3D-FAB은 과학기술정보통신부 소관의 정보통신산업진흥원에서 예비창업자, 스타트업, 중소기업을 위해 준비한 3D프린팅 기술 복합지원 공간입니다.

마포 3D-FAB에서는 예비창업자, 스타트업, 중소기업을 대상으로 3D프린팅 전문기술을 통하여 시제품 제작의 전 주기(3D모델링-3D프린팅-후가공)를 지원해 드립니다.

시제품 제작 기술지원을 다음과 같이 공고하오니 참여를 희망하는 분들은 안내에 따라 신청하여 주시기 바랍니다.","예비창업자, 스타트업, 중소기업","기업의 제품‧부품의 개발, 생산 및 양산에 직‧간접적으로 관련이 없거나, 제 3자에게 납품 및 개인적인 용도(취미 생활, 캐릭터 등)를 위한 신청 건은 서비스 제공이 제한됩니다.

※ 홈페이지 내 이용약관 < 제 2장 서비스 지원 대상 및 범위 > 참고",https://www.k-startup.go.kr/web/contents/bizpbanc-ongoing.do?schM=view&pbancSn=176442,kstartup,176442,2026-08-20 18:25,2026-08-21 20:53,6cc27558-8968-4e61-9a79-dfacdc69dbb7,전국,기술개발(R&amp;D),"대학생,일반인,대학,연구기관,일반기업,1인 창조기업","예비창업자,1년미만,2년미만,3년미만,5년미만,7년미만,10년미만","만 20세 이상 ~ 만 39세 이하,만 40세 이상",마포3D-FAB,0269253363,,N
『글로벌 교류·투자유치 지원사업』2026년 자율형 프로그램 참가 기업 모집 정정 공고,(재)부산기술창업투자원,공공기관(public),수출·해외진출(export),2026-07-15 00:00,2026-12-31 23:59,Y,예비창업자(preliminary) | 개인사업자(individual) | 법인(corporate),부산,,,10,,,,,,,,,단발(once),지역 창업기업의 해외 진출 지원 및 네트워크 확장을 위한 『글로벌 교류·투자유치 지원사업』 “자율형 프로그램” 참가기업을 모집하오니 많은 관심과 참여 바랍니다.,"- 부산시 소재(본사 기준), 공고일 기준 업력 7년 이내(신산업분야는 10년 이내) 기술창업기업
- 해외 프로그램(전시회, 상담회, 컨퍼런스 등) 참가 예정인 기업",,https://www.k-startup.go.kr/web/contents/bizpbanc-ongoing.do?schM=view&pbancSn=176497,kstartup,176497,2026-08-20 18:25,2026-08-21 20:53,198cc36b-0b3a-4d77-9881-16439a46de7f,부산,글로벌,"청소년,대학생,일반인,대학,연구기관,일반기업,1인 창조기업","1년미만,2년미만,3년미만,5년미만,7년미만,10년미만","만 20세 미만,만 20세 이상 ~ 만 39세 이하,만 40세 이상",글로벌투자실,0517151764,,Y
2026년 부산AI실증지원센터 고성능  컴퓨터 이용 지원사업 모집 공고,(재)부산정보산업진흥원,공공기관(public),입주공간(space),2026-03-06 00:00,2026-12-31 23:59,Y,예비창업자(preliminary) | 개인사업자(individual) | 법인(corporate),부산,,,10,,,,,,,,,단발(once),부산AI실증지원센터는 AI 기술 실증 인프라 지원을 위해 고성능 컴퓨터 확보가 어려운 부산 AI 기업·개발자 등을 대상으로 본 지원사업을 추진하오니 많은 관심과 참여 바랍니다.,"부산 소재 AI솔루션 보유 기업, 스타트업, AI개발사(자), 대학원생 등",,https://www.k-startup.go.kr/web/contents/bizpbanc-ongoing.do?schM=view&pbancSn=176563,kstartup,176563,2026-08-20 18:25,2026-08-21 20:53,112cb3ce-a040-45aa-a235-6c3e641b25be,부산,시설ㆍ공간ㆍ보육,"대학,연구기관,일반기업,1인 창조기업","예비창업자,1년미만,2년미만,3년미만,5년미만,7년미만,10년미만","만 20세 미만,만 20세 이상 ~ 만 39세 이하,만 40세 이상",AI·AX단,0517499304,,N
한남대학교 캠퍼스혁신파크 산학연혁신허브 입점기업 모집 공고(A동 교차지원 허용),한국토지주택공사,공공기관(public),입주공간(space),2026-06-26 00:00,2026-12-31 23:59,Y,개인사업자(individual) | 법인(corporate),대전,,,10,,,,,,,,,단발(once),"지역 혁신성장의 거점, 한남대학교 캠퍼스혁신파크의 입점자를 상시모집하오니 열정적인 창업기업, 성장기업의 많은 관심과 참여를 바랍니다.",입점자 모집 공고일 현재 입점자격을 충족하는 창업(BI) 또는 성장(POST BI)기업,,https://www.k-startup.go.kr/web/contents/bizpbanc-ongoing.do?schM=view&pbancSn=176566,kstartup,176566,2026-08-20 18:25,2026-08-21 20:53,9027aca9-7778-448c-8aa6-1c0b4fd85e56,대전,시설ㆍ공간ㆍ보육,"일반기업,1인 창조기업","1년미만,2년미만,3년미만,5년미만,7년미만,10년미만","만 20세 미만,만 20세 이상 ~ 만 39세 이하,만 40세 이상",산업단지처,0559224808,,N
2026년 전북글로벌게임센터 입주기업 모집 공고,(재)전북특별자치도 콘텐츠융합진흥원장,공공기관(public),입주공간(space),2026-06-25 00:00,2026-12-31 23:59,Y,개인사업자(individual) | 법인(corporate),전북,,,7,,,,,,,,,단발(once),(재)전북특별자치도 콘텐츠융합진흥원에서는 전북특별자치도 게임콘텐츠 산업을 함께 이끌어갈 비전 있는 입주기업을 모집하고자 합니다. 게임콘텐츠 산업 종합지원 인프라를 통해 선발 기업을 적극적으로 지원하고자 하오니 희망하는 분들의 많은 지원 바랍니다.,예비창업가 및 도내‧외 사업장 보유 게임콘텐츠 관련 기업,"∘ 전북글로벌게임센터 졸업기업 및 퇴거기업
 ∘ 기 졸업 및 퇴거한 기업의 대표가 신규 창업한 기업
 ∘ 국세 및 지방세 체납사실 있는 경우(신청일 현재부터 입주 종료일 까지)
 ∘ 보조사업 수행 등의 배제 결정을 받은 주관기관과 참여기관, 대표자 및 책임자, 또는 보조금 수급의 제한을 받은 보조금수령자
 ∘ 금융기관으로부터 채무불이행, 불량거래자 등으로 규제 중인 기업
 ∘ 단순 제조업, 부동산 임대업, 유흥 관련 업종 등 게임기업과 관련 없는 업종 보유 기업
 ∘ 폐수·소음·진동 등 공해 다발업종 영위기업 또는 업종
 ∘ 우리원 참여제한 조치 중인 기업 및 기술료 미납 기업
 ∘ 기타 입주대상에 부적합하거나 기업의 사업 목적이 센터 운영목적과 상이한 경우
  ※ 입주 후에도 상기 자격제한사항에 해당함이 밝혀질 경우, 즉시 입주 취소 및 퇴거 조치",https://www.k-startup.go.kr/web/contents/bizpbanc-ongoing.do?schM=view&pbancSn=176685,kstartup,176685,2026-08-20 18:25,2026-08-21 20:53,a73d2fb0-84a1-4bd0-bbe7-0d05da4f4f92,전북,시설ㆍ공간ㆍ보육,"일반기업,1인 창조기업",7년미만,"만 20세 미만,만 20세 이상 ~ 만 39세 이하,만 40세 이상",문화콘텐츠사업팀,0632823776,,N
2026년 기술이전 지원사업 (서울 Tech trade-on 프로그램) 참여기업 모집,키스트이노베이션,민간(private),사업화자금(funding),2026-03-16 00:00,2026-12-31 23:59,Y,예비창업자(preliminary) | 개인사업자(individual) | 법인(corporate),서울,,,7,,,,,,,,,단발(once),공공기술 이전을 희망하는 기업의 많은 참여를 바랍니다.,"서울시 소재 7년 미만 (공고일 기준)의 창업기업
(본사 소재지가 서울이어야 함)",,https://www.k-startup.go.kr/web/contents/bizpbanc-ongoing.do?schM=view&pbancSn=176739,kstartup,176739,2026-08-20 18:25,2026-08-21 20:53,bc877148-319a-4928-8c00-2f1332efe3d9,서울,사업화,"청소년,대학생,일반인,대학,연구기관,일반기업,1인 창조기업",7년미만,"만 20세 미만,만 20세 이상 ~ 만 39세 이하,만 40세 이상",가치실현본부,029586606,,N
2026년 기술컨설팅 지원사업(서울 스타트업 Tech trade-on 프로그램) 참여기업 모집,키스트이노베이션,민간(private),교육·멘토링(education),2026-03-16 00:00,2026-12-31 23:59,Y,예비창업자(preliminary) | 개인사업자(individual) | 법인(corporate),서울,,,7,,,,,,,,,단발(once),기술경쟁력 향상을 위하여 기술컨설팅 지원을 희망하는 기업의 많은 참여를 바랍니다.,"서울시 소재 7년 미만(공고일 기준)의 창업기업
(본사, 지사, 연구소, 공장 중 1곳만 서울 소재면 족함)",,https://www.k-startup.go.kr/web/contents/bizpbanc-ongoing.do?schM=view&pbancSn=176741,kstartup,176741,2026-08-20 18:25,2026-08-21 20:53,cb090527-935c-4d6f-ac0b-1e73702a1fb7,서울,멘토링ㆍ컨설팅ㆍ교육,"청소년,대학생,일반인,대학,연구기관,일반기업,1인 창조기업",7년미만,"만 20세 미만,만 20세 이상 ~ 만 39세 이하,만 40세 이상",가치실현본부,029586606,,N
창원시 벤처투자 『매칭&피칭데이』참여기업 모집 공고,(재)창원산업진흥원장,공공기관(public),경진대회·행사(contest),2026-03-20 00:00,2026-12-31 23:59,Y,예비창업자(preliminary) | 개인사업자(individual) | 법인(corporate),경남,,,7,,,,,,,,,단발(once),(재)창원산업진흥원에서는 관내 유망 창업기업의 투자유치 역량 강화 및 자금  확보 기회 제공을 위해 「창원시 벤처투자 매칭&피칭데이」의 참여기업을 다음과 같이 모집하오니 많은 신청 바랍니다.,펀드 투자유치를 희망하는 기술창업기업 또는 벤처기업(창원시 관내 기업 또는 창원시로 본사 이전 계획이 있는 관외기업 참여 가능),,https://www.k-startup.go.kr/web/contents/bizpbanc-ongoing.do?schM=view&pbancSn=176810,kstartup,176810,2026-08-20 18:25,2026-08-21 20:53,d49b5b29-48d7-448b-a1a2-e1766fc3130e,경남,행사ㆍ네트워크,일반기업,"예비창업자,1년미만,2년미만,3년미만,5년미만,7년미만","만 20세 미만,만 20세 이상 ~ 만 39세 이하,만 40세 이상",창업인재양성팀,0557167742,,N
2026년 판교테크노밸리 입주기업 임대보증금 지원사업,(재)경기도경제과학진흥원,공공기관(public),융자(loan),2026-03-18 00:00,2026-12-31 23:59,Y,예비창업자(preliminary) | 개인사업자(individual) | 법인(corporate),경기,,,10,,,,,,20,39,,단발(once),판교테크노밸리 입주기업 임직원의 주거 안정 및 주거비 부담 완화를 위한 「판교테크노밸리 입주기업 임대보증금 지원사업」을 다음과 같이 공고하오니 참여를 희망하는 기업은 안내에 따라 신청하시기 바랍니다.,"제1,2판교테크노밸리 내 중소,중견기업 임직원(만 39세 이하)",,https://www.k-startup.go.kr/web/contents/bizpbanc-ongoing.do?schM=view&pbancSn=176855,kstartup,176855,2026-08-20 18:25,2026-08-21 20:53,e70c36e4-5255-4a9b-9c1e-42bf82b70972,경기,융자ㆍ보증,"대학생,일반인,대학,연구기관,일반기업","예비창업자,1년미만,2년미만,3년미만,5년미만,7년미만,10년미만",만 20세 이상 ~ 만 39세 이하,판교테크노밸리팀,0317764834,,N
[종로여성인력개발센터] 2026년 청년일자리도약장려금 참여기업 모집 공고,(사)여성중앙회 종로여성인력개발센터,민간(private),인력·고용(employment),2026-03-24 00:00,2026-12-31 23:59,Y,예비창업자(preliminary) | 개인사업자(individual) | 법인(corporate),서울,,,10,,,,,,20,39,,단발(once),"안녕하세요. 종로여성인력개발센터 일자리사업팀입니다.
본 기관은 서울고용센터(관할: 서울시 중구, 종로구, 동대문구) 소속 민간위탁기관으로 다양한 고용서비스 사업을 운영하고 있습니다.
기업과 청년의 동반 도약을 위해 정부가 지원하는「2026년 청년일자리도약장려금」사업을 안내드리오니, 많은 참여 부탁드립니다.","□ 서울시 중구, 종로구, 동대문구 소재 기업

□ 기업:  5인 이상 우선지원대상 기업 
   - 참여 신청 직전 월부터 이전 1년간 평균 고용보험 피보험자 수가 5인 이상
   - 지식서비스산업·문화콘텐츠산업·청년창업기업 등 1인 이상~5인 미만 가능
   - 연매출액 '기준 피보험자 수×1,900만원' 이상 (업력 1년 미만, 면세법인사업자 심사 제외)

□ 청년: 만 34세 이하 취업애로유형 청년 (*아래 유형 중 1가지 해당)
     * 4개월 이상 실업, 고졸 이하 학력, 국민취업지원제도 참여, 최종학교 졸업 후 고용보험 가입기간 12개월 미만 등
    - 근로조건: 정규직, 주 28시간 이상 근무, 최저임금 이상, 월평균 급여 450만원 이하","□ 기업:  청년 채용일로부터 3개월 이내 인위적감원 발생 기업
                 
□ 청년: 사업자등록한 자, 재학생(휴학 포함), 동일(관련) 기업 1년 내 재입사자",https://www.k-startup.go.kr/web/contents/bizpbanc-ongoing.do?schM=view&pbancSn=176856,kstartup,176856,2026-08-20 18:25,2026-08-21 20:53,cb09c1ef-c735-4a4b-aef1-8d6865be5af2,서울,인력,일반기업,"예비창업자,1년미만,2년미만,3년미만,5년미만,7년미만,10년미만",만 20세 이상 ~ 만 39세 이하,고용서비스사업부 일자리사업팀 ,07040486709,,N
2026년 스타트업 법률지원사업 참여기업 모집공고(수정),중소벤처기업부,공공기관(public),교육·멘토링(education),2026-03-27 00:00,2026-12-31 23:59,Y,예비창업자(preliminary) | 개인사업자(individual) | 법인(corporate),,,,10,,,,,,,,,단발(once),"창업기업의 법률·규제 애로해소 지원을 위한 「2026년 스타트업 법률 지원」 계획을 다음과 같이 수정 공고합니다.

※이전 공고(중소벤처기업부 공고 제2026-233호)를 본 공고로 수정 및 게시하오니 사업신청 시 유의하여주시기 바랍니다.","「중소기업창업지원법」제2조에 따른 창업기업 또는 예비창업자
 * 본 사업은 기술기반 창업기업과 예비창업자를 지원합니다.",공고문 참조,https://www.k-startup.go.kr/web/contents/bizpbanc-ongoing.do?schM=view&pbancSn=176938,kstartup,176938,2026-08-20 18:25,2026-08-21 20:53,de290e13-c658-4fa5-8e9b-594ba87cde10,전국,멘토링ㆍ컨설팅ㆍ교육,"청소년,대학생,일반인,대학,연구기관,일반기업,1인 창조기업","예비창업자,1년미만,2년미만,3년미만,5년미만,7년미만,10년미만","만 20세 미만,만 20세 이상 ~ 만 39세 이하,만 40세 이상",원스톱지원실,0444101753,,Y
2026년 소상공인 투자연계 지원사업 립스 프로그램 참여 소상공인 모집 공고,소상공인시장진흥공단,공공기관(public),사업화자금(funding),2026-03-27 00:00,2026-12-31 23:59,Y,예비창업자(preliminary) | 개인사업자(individual) | 법인(corporate),,,,10,,,,,,,,,단발(once),민간투자와 연계하여 생활기반(비기술)의 창의적 아이템을 보유한 소상공인을 기업가로 성장 및 도약을 지원하는「'26년 립스(LIPS)프로그램」사업 참여 소상공인을 다음과 같이 모집합니다.,소상공인,"업력 1년미만 및 업력 7년이상 소상공인 제외
*공고문 참고",https://www.k-startup.go.kr/web/contents/bizpbanc-ongoing.do?schM=view&pbancSn=176940,kstartup,176940,2026-08-20 18:25,2026-08-21 20:53,6850af13-238d-40dc-8a20-85a172fedab5,전국,사업화,"청소년,대학생,일반인,대학,연구기관,일반기업,1인 창조기업","2년미만,3년미만,5년미만,7년미만,10년미만","만 20세 미만,만 20세 이상 ~ 만 39세 이하,만 40세 이상",기업가형소상공인육성팀,1357,,N
2026년도 찾아가는 노무서비스 지원(방문) 공고,대구노동권익센터,민간(private),교육·멘토링(education),2026-03-30 00:00,2026-12-31 23:59,Y,개인사업자(individual) | 법인(corporate),대구,,,10,,,,,,,,,단발(once),"대구노동권익센터는 시간적·인적 여건이 부족한 영세·소규모 사업장을 대상으로 노동법 위반을 예방하고, 현장 중심의 맞춤형 컨설팅을 지원하기 위해 찾아가는 노무서비스 지원 사업을 다음과 같이 공고합니다.",대구시 소재 50인 미만 사업장,유흥·향략·도박 등 사업목적 및 공공성에 부합하지 않는 일부 업종은 지원 대상에서 제외,https://www.k-startup.go.kr/web/contents/bizpbanc-ongoing.do?schM=view&pbancSn=176952,kstartup,176952,2026-08-20 18:25,2026-08-21 20:53,adf53451-cda3-4fe8-8af7-3c965034a79d,대구,멘토링ㆍ컨설팅ㆍ교육,일반기업,"1년미만,2년미만,3년미만,5년미만,7년미만,10년미만","만 20세 미만,만 20세 이상 ~ 만 39세 이하,만 40세 이상",정책지원부,07088308149,,N
부산 관광ㆍ마이스 그로우업(Grow-up) 지원사업,(사)부산경영자총협회,민간(private),사업화자금(funding),2026-03-17 00:00,2026-12-31 23:59,Y,개인사업자(individual) | 법인(corporate),부산,,,10,,,,,,20,39,,단발(once),"부산 관광·마이스 산업 분야 지원사업을 다음과 같이 공고하오니, 참여를 희망하는 기업은 안내에 따라 신청하시기 바랍니다.",사업자등록증상 부산 소재 관광ㆍ마이스 유관 기업,모집 공고문 참조,https://www.k-startup.go.kr/web/contents/bizpbanc-ongoing.do?schM=view&pbancSn=176953,kstartup,176953,2026-08-20 18:25,2026-08-21 20:53,45d94001-7c7e-4d80-a76b-6ad3a6e36f6b,부산,사업화,일반기업,"1년미만,2년미만,3년미만,5년미만,7년미만,10년미만",만 20세 이상 ~ 만 39세 이하,지역일자리팀,0513289381,,N
2026년 『창창 창업 멘토단 운영사업』 참여 창업가 모집(상시멘토링 모집)  공고,(재)창원산업진흥원,공공기관(public),교육·멘토링(education),2026-03-18 00:00,2026-12-31 23:59,Y,예비창업자(preliminary) | 개인사업자(individual) | 법인(corporate),경남,,,7,,,,,,,,,단발(once),"혁신적인 기술창업 아이디어를 보유한 (예비)창업가를 대상으로 창업 전문 분야별 실시간 멘토-멘티 매칭을 통해 애로사항을 신속히 해결하고자 「2026년 창창 창업 멘토단 운영사업」 참여 창업가를 다음과 같이 모집 공고하오니, (예비)창업자 또는 창업기업의 많은 참여 바랍니다.",창원 관내 예비 또는 7년 이내 일반·기술 창업자,,https://www.k-startup.go.kr/web/contents/bizpbanc-ongoing.do?schM=view&pbancSn=176978,kstartup,176978,2026-08-20 18:25,2026-08-21 20:53,2a386594-e709-40a5-a31b-b7e5c5fed728,경남,멘토링ㆍ컨설팅ㆍ교육,"청소년,대학생,일반인,대학,연구기관,일반기업,1인 창조기업","예비창업자,1년미만,2년미만,3년미만,5년미만,7년미만","만 20세 미만,만 20세 이상 ~ 만 39세 이하,만 40세 이상",창업인재양성팀,0557167743,,N
2026년 노동아카데미(무료교육) 모집,대구노동권익센터,민간(private),교육·멘토링(education),2026-04-03 00:00,2026-12-31 23:59,Y,예비창업자(preliminary) | 개인사업자(individual) | 법인(corporate),대구,,,10,,,,,,,,,단발(once),노동자 권익 증진 및 역량강화를 위한 노동아카데미(무료교육) 신청 기업을 모집하오니 많은 관심과 신청 바랍니다.,"1. 대구시 단일 사업장 소속 노동자 및 사업주(4인 이상)
2. 대구시 여러 사업장 노동자, 예비노동자,  대구시민 등(10인 이상)",,https://www.k-startup.go.kr/web/contents/bizpbanc-ongoing.do?schM=view&pbancSn=177060,kstartup,177060,2026-08-20 18:25,2026-08-21 20:53,a199439a-5344-4d8e-a5bb-8c85f692be09,대구,멘토링ㆍ컨설팅ㆍ교육,"청소년,대학생,일반인,대학,연구기관,일반기업,1인 창조기업","예비창업자,1년미만,2년미만,3년미만,5년미만,7년미만,10년미만","만 20세 미만,만 20세 이상 ~ 만 39세 이하,만 40세 이상",노동권익부,0534756816,,N
2026년 보건의료빅데이터 창업 인큐베이팅 랩 모집 공고,건강보험심사평가원,공공기관(public),교육·멘토링(education),2026-04-06 00:00,2026-12-31 23:59,Y,예비창업자(preliminary) | 개인사업자(individual) | 법인(corporate),,,,10,,,,,,,,,단발(once),"건강보험심사평가원은 보건의료빅데이터를 기반으로 한 디지털헬스케어 산업 예비창업자 및 스타트업 등의 사업기반 확립 지원을 위한 교육 프로그램 및 1:1 분야별 전문가 컨설팅을 무료로 제공하고 있습니다. 이에 올해에도 예비창업자, 스타트업 및 대학(원)생 등을 모집하오니 많은 관심과 참여 부탁드립니다.","예비창업자, 기창업자, 대학(원)생, 스타트업",,https://www.k-startup.go.kr/web/contents/bizpbanc-ongoing.do?schM=view&pbancSn=177072,kstartup,177072,2026-08-20 18:25,2026-08-21 20:53,3aefbb3a-b368-4082-b13d-1432272a7660,전국,멘토링ㆍ컨설팅ㆍ교육,"대학생,일반인,대학,연구기관,일반기업,1인 창조기업","예비창업자,1년미만,2년미만,3년미만,5년미만,7년미만,10년미만","만 20세 미만,만 20세 이상 ~ 만 39세 이하,만 40세 이상",빅데이터전략부,0337391061,,N
충주 바이오헬스산업 협의체  회원 모집 공고,(재)충북과학기술혁신원장,공공기관(public),경진대회·행사(contest),2026-04-17 00:00,2026-12-31 23:59,Y,예비창업자(preliminary) | 개인사업자(individual) | 법인(corporate),,,,10,,,,,,,,,단발(once),충주 바이오헬스산업의 지속적 발전과 협력 기반 강화를 위해 산·학·연·관 전문가가 참여하는 협의체를 구성하고자 회원을 다음과 같이 모집하오니 많은 관심과 참여 바랍니다.,"기업, 기관, 대학 등 충주 바이오헬스산업 유관기관 관계자
※ 협의체 운영에 기여 가능한 관외 유관기관 관계자 포함",,https://www.k-startup.go.kr/web/contents/bizpbanc-ongoing.do?schM=view&pbancSn=177275,kstartup,177275,2026-08-20 18:25,2026-08-21 20:53,7396ab5b-6508-4fc2-adf5-9cbf4d365d47,전국,행사ㆍ네트워크,"청소년,대학생,일반인,대학,연구기관,일반기업,1인 창조기업","예비창업자,1년미만,2년미만,3년미만,5년미만,7년미만,10년미만","만 20세 미만,만 20세 이상 ~ 만 39세 이하,만 40세 이상",북부권혁신지원센터 ,0438522908,,N
2026년 스타트업  원스톱 지원센터 참여기업 모집공고,중소벤처기업부장관,공공기관(public),교육·멘토링(education),2026-04-22 00:00,2026-12-31 23:59,Y,예비창업자(preliminary) | 개인사업자(individual) | 법인(corporate),,,,10,,,,,,,,,단발(once),예비창업자 및 창업기업의 애로해소 지원을 위한 「2026년 스타트업 원스톱 지원센터 」지원 계획을 다음과 같이 공고합니다.,기술창업기반 예비창업자 및 창업기업,공고문 참고,https://www.k-startup.go.kr/web/contents/bizpbanc-ongoing.do?schM=view&pbancSn=177328,kstartup,177328,2026-08-20 18:25,2026-08-21 20:53,c9d46832-951b-4387-a208-c4216cd8cfeb,전국,멘토링ㆍ컨설팅ㆍ교육,"청소년,대학생,일반인,대학,연구기관,일반기업,1인 창조기업","예비창업자,1년미만,2년미만,3년미만,5년미만,7년미만,10년미만","만 20세 미만,만 20세 이상 ~ 만 39세 이하,만 40세 이상",창업진흥원 원스톱지원실,0444101744,,N
2026년 중동상황 대응 물류지원금 지원사업 모집 공고,서울경제진흥원,공공기관(public),수출·해외진출(export),2026-04-21 00:00,2026-12-31 23:59,Y,예비창업자(preliminary) | 개인사업자(individual) | 법인(corporate),서울,,,10,,,,,,,,,단발(once),중동 상황으로 인한 물류비 상승 등으로 어려움을 겪고 있는 서울 소재 중소기업의 수출 부담 완화 및 수출 경쟁력 유지를 위하여 「2026년 중동사태 대응 물류지원금 지원사업」을 다음과같이 공고하오니 참여를 희망하는 기업은 관련 규정 및 절차에 따라 신청하여 주시기 바랍니다.,서울 소재 중소기업 중 중동 수출 피해 기업,"2026년 동일·유사 사업(SBA, 정부부처, 지자체 등)에 선정된 기업 중 동일 물류비 건으로 중복 신청한 기업은 제외",https://www.k-startup.go.kr/web/contents/bizpbanc-ongoing.do?schM=view&pbancSn=177350,kstartup,177350,2026-08-20 18:25,2026-08-21 20:53,a02b77aa-8ab9-463e-9cef-f4964ca5086c,서울,판로ㆍ해외진출,일반기업,"예비창업자,1년미만,2년미만,3년미만,5년미만,7년미만,10년미만","만 20세 미만,만 20세 이상 ~ 만 39세 이하,만 40세 이상",글로벌마케팅팀,0226575725,,N
남서울대학교 창업보육센터 입주기업 모집(천안소재),남서울대학교 창업보육센터,공공기관(public),입주공간(space),2026-04-27 00:00,2026-12-31 23:59,Y,예비창업자(preliminary) | 개인사업자(individual) | 법인(corporate),충남,,,7,,,,,,,,,단발(once),"남서울대학교 창업보육센터 입주기업을 다음과 같이 모집하오니, 입주를 희망하는 기업은 안내에 따라 신청하여 주시기 바랍니다.","예비창업자 및 창업 7년미만 기업 (단, 업력 3년 초과 ~ 7년 이내의 경우 유선 문의 필요)","• 중소기업창업 지원법 시행령 제4조에 해당하는 경우
• 소음, 진동, 폐수 등 공해 유발업종이나 제한 업종
• 건축법 시행령 제3조의5 [별표1]의 제1종 근린생활시설이 아니므로 의료기기법 제17조 및 식품위생법 제37조에   따른 의료기기 판매업신고 및 식품 영업허가 불가
• 도소매, 금융 및 보험업, 부동산업, 교육 서비스업, 사회 서비스업 등 보육센터 입주 불가 업종",https://www.k-startup.go.kr/web/contents/bizpbanc-ongoing.do?schM=view&pbancSn=177357,kstartup,177357,2026-08-20 18:25,2026-08-21 20:53,d347eee0-4acd-4ed4-af9c-dd9d51b4f0c0,충남,시설ㆍ공간ㆍ보육,"대학생,일반인,일반기업,1인 창조기업","예비창업자,1년미만,2년미만,3년미만,5년미만,7년미만","만 20세 미만,만 20세 이상 ~ 만 39세 이하,만 40세 이상",창업보육센터,04158024212,,Y
2026년 스타트업-중견/대기업 비즈니스 매칭 및 홍보 지원 공고,룩픽,민간(private),수출·해외진출(export),2026-07-19 00:00,2026-12-31 23:59,Y,개인사업자(individual) | 법인(corporate),,,,10,,,,,,20,,,단발(once),기창업자에게 다음과 같이 공고하오니 참여를 희망하는 창업팀은 안내 따라 신청하기 바랍니다.,"초기창업자, 재창업자, 창업자",없음,https://www.k-startup.go.kr/web/contents/bizpbanc-ongoing.do?schM=view&pbancSn=177432,kstartup,177432,2026-08-20 18:25,2026-08-21 20:53,da69966b-1630-4822-b3fb-8b29e0cecfdb,전국,판로ㆍ해외진출,"연구기관,일반기업,1인 창조기업","1년미만,2년미만,3년미만,5년미만,7년미만,10년미만","만 20세 이상 ~ 만 39세 이하,만 40세 이상",경영기획팀,0315181197,,N
「한동대학교 제네시스랩」 스타트업 모집 공고,한동대학교 총장,공공기관(public),입주공간(space),2026-05-26 00:00,2026-12-31 23:59,Y,예비창업자(preliminary) | 개인사업자(individual) | 법인(corporate),,,,7,,,,,,,,,단발(once),"한동대학교 제네시스랩에서 아래와 같이 스타트업 입주기업을 모집하오니, 역량 있는 창업기업의 많은 관심과 지원 바랍니다.","1. 예비창업자: AI 기술 또는 활용 비즈니스 모델을 보유한 창업 전 팀/개인
2. 초기스타트업: 창업 3년 이내, 시제품 및 Poc 단계 기업
3. 성장스타트업: 창업 3~7년, 투자 유치 또는 매출 기반 성장 기업","1. 염색, 피혁, 도금, 도장, 주물, 주조, 악취, 소음, 분진, 재생, 혐오시설, 대기오염 다량 배출 등의 업종에 속한 경우
2. 대표자가 금융 신용도 불량자 또는 관련 법규나 사회 통념상 문제가 있는 경우
3. 회사가 휴·폐업 중에 있는 경우
4. 기타 본 센터의 운영 목적 및 취지에 부적합한 경우 등",https://www.k-startup.go.kr/web/contents/bizpbanc-ongoing.do?schM=view&pbancSn=177837,kstartup,177837,2026-08-20 18:24,2026-08-21 20:53,aca2c7f1-0c4b-41e6-9d04-4b080f07ed37,전국,시설ㆍ공간ㆍ보육,"대학생,일반인,대학,연구기관,일반기업,1인 창조기업","예비창업자,1년미만,2년미만,3년미만,5년미만,7년미만","만 20세 미만,만 20세 이상 ~ 만 39세 이하,만 40세 이상",창업교육팀,0542601289,,N
[LH한국토지주택공사]화성동탄2 인큐베이팅센터 업무시설 입점기업 임대공급 선착순 수의계약 공고,한국토지주택공사 경기남부지역본부,공공기관(public),입주공간(space),2026-04-21 00:00,2026-12-31 23:59,Y,예비창업자(preliminary) | 개인사업자(individual) | 법인(corporate),,,,7,,,,,,,,,단발(once),화성동탄2 첨단산업단지에 위치한  인큐베이팅센터 업무시설  입점기업을 모집하오니 많은 관심과 참여 부탁드립니다.,"금회 공급하는 업무시설은 입주자모집공고일 현재 아래 업종 및 기관에 한하여 공급합니다.

-창업기업 : 창업 후 사업개시일로부터 7년차 이하(모집공고일 기준)에 해당하는 중소기업 (중소기업기본법에 따른 중소기업)
-기업부설연구소 등  :「기초연구진흥 및 기술개발지원에 관한 법률」제 14조의2 제1항에 따라 사단법인 한국산업기술진흥협회의 인정을 받은 기업부설연구소 또는 연구개발전담부서(창업기업여부 무관)

※입점 대상 업종 : 동탄도시첨단산업단지 관리기본계획상 허용 업종(첨단산업, 지식문화산업), 표준산업분류코드 상의 중분류 공고문 참고",,https://www.k-startup.go.kr/web/contents/bizpbanc-ongoing.do?schM=view&pbancSn=177844,kstartup,177844,2026-08-20 18:24,2026-08-21 20:53,8b2422d8-8e55-44c8-b369-a6a98f4babaf,전국,시설ㆍ공간ㆍ보육,"일반인,대학,연구기관,일반기업,1인 창조기업",7년미만,"만 20세 미만,만 20세 이상 ~ 만 39세 이하,만 40세 이상",임대공급운영1팀,0312508269,,N
[경기도 중장년 최초 창업 지원] 2026년 생애 최초 경영안정화 교육지원 사업,경기도시장상권진흥원,공공기관(public),교육·멘토링(education),2026-05-22 00:00,2026-12-31 23:59,Y,예비창업자(preliminary) | 개인사업자(individual) | 법인(corporate),,,,10,,,,,,,,,단발(once),[경기도 중장년 최초 창업 지원] 경기도와 경기도시장상권진흥원에서는 실습중심 창업 교육·컨설팅·창업자금·이자비 지원 등을 지원하는「2026년 생애 최초 경영안정화 교육지원」 사업 모집공고를 아래와 같이 진행하오니 만40세 이상 중장년층 예비창업자의 많은 관심과 참여 바랍니다.,"◆ 공고일('26. 5. 22.) 기준 경기도 거주하며, 도내 창업을 희망하는 만 40세 이상 중장년인 자
◆ (예비창업자*) 국세청(세무서) 사업자등록 (법인·일반·간이 등) 등록 이력이 없는 자
※예외: ①무매출 사업자 ②임대사업자 ③공고일 기준 최초 사업개시일 이전 사업자 ④비영리단체 대표
※창업업종 : 음식업, 도소매업, 전자상거래업(포함), 서비스업, 제조업","○ 국세·지방세 체납 중 또는 금융기관으로부터 여신거래가 불가능하거나 채무 불이행 규제 중인 자
  ○ 도박, 유흥 등 불건전 업종 또는 금융, 부동산업 등 사업 취지에 맞지 않거나 「경기도 소상공인정책자금」 보증 제한 업종으로 창업하려는 자
  ○ 기타 허위 또는 부정한 방법으로 신청한 자",https://www.k-startup.go.kr/web/contents/bizpbanc-ongoing.do?schM=view&pbancSn=177922,kstartup,177922,2026-08-20 18:24,2026-08-21 20:53,328a332f-3100-42a7-8624-910b435715b2,전국,창업교육,"청소년,대학생,일반인,대학,연구기관,일반기업,1인 창조기업","예비창업자,1년미만,2년미만,3년미만,5년미만,7년미만,10년미만","만 20세 미만,만 20세 이상 ~ 만 39세 이하,만 40세 이상",소상공인팀,16008001,,N
화성동탄2 인큐베이팅센터 및 스마트주차장 상가 임대공급 선착순 수의계약 공고(일반형),한국토지주택공사,공공기관(public),입주공간(space),2026-06-05 00:00,2026-12-31 23:59,Y,예비창업자(preliminary) | 개인사업자(individual) | 법인(corporate),경기,,,10,,,,,,20,,,단발(once),본 수의계약 공고는 LH청약플러스(http://apply.lh.or.kr)에 2024년 12월 5일 게시한 [화성동탄2 인큐베이팅센터 및 스마트주차장 상가 임대공급 공고(일반형)] 결과 잔여호실에 대한 수의계약 공고의 정정공고입니다.,"-건축물을 실제 사용하고자 하는 개인 또는 법인
-금회 공급되는 상가의 경우 「건축법」에 규정된 제1종 또는 제2종 근린생활시설에 해당하는 업종만 입점할 수 있음.
-업종 중 슈퍼,편의점은 인큐베이팅센터 1호에만 입점 가능하며 다른 호실에는 입점 불가","대한민국 국민이 아닌 자,「민법」상 미성년자, 피성년후견인 또는 피한정후견인은 신청불가하며 공동명의 또한 불허함
오염물 배출 및 소음발생 업종 등 입점부적합 업종은 입점할 수 없음",https://www.k-startup.go.kr/web/contents/bizpbanc-ongoing.do?schM=view&pbancSn=177957,kstartup,177957,2026-08-20 18:24,2026-08-21 20:53,d6a18126-f2ba-4bcc-836a-ffc408b2d631,경기,시설ㆍ공간ㆍ보육,"대학생,일반인,대학,연구기관,일반기업,1인 창조기업","예비창업자,1년미만,2년미만,3년미만,5년미만,7년미만,10년미만","만 20세 이상 ~ 만 39세 이하,만 40세 이상",임대공급운영1팀,0312508269,,N
"화성동탄2 인큐베이팅센터 및 스마트주차장 상가 임대공급 선착순 수의계약 공고(정착,창업형)",한국토지주택공사,공공기관(public),입주공간(space),2026-06-05 00:00,2026-12-31 23:59,Y,예비창업자(preliminary) | 개인사업자(individual) | 법인(corporate),경기,,,10,,,,,,20,,,단발(once),"본 수의계약 공고는 LH청약플러스(http://apply.lh.or.kr)에 2025년 12월 3일 게시한 [화성동탄2 인큐베이팅센터 및 스마트주차장 상가 임대공급 공고(정착,창업형)] 결과 잔여호실에 대한 수의계약 공고의 정정공고입니다.","-건축물을 실제 사용하고자 하는 개인 또는 법인
● 창업형[예비창업자, 초기창업자, 초기재창업자(임대조건의 50% )] : 「중소기업창업지원법」에 따라 중소기업을  (재)창업하는 자와 중소기업을 (재)창업한 날부터 7년이 지나지 아니한 자

● 정착형1 [소상공인(임대조건의 90%)]  : 「소상공인기본법」에 따른 소상공인

● 정착형2 [영세소상공인(임대조건의 80%)] : 「소상공인기본법」에 따른 소상공인으로 소득이 전년도 가구당 기준중위소득의 160%이하인 자
※영세소상공인 소득(도시근로자 가구당 기준중위소득 160% 이하) 자격충족여부는 '건강보험료 납부액'을 기준으로 '가구 규모별 기준 중위소득 기준표'에 따라 판정함 
※법인의 경우 소득기준은 대표자(가구)를 기준으로 함.","대한민국 국민이 아닌 자,「민법」상 미성년자, 피성년후견인 또는 피한정후견인은 신청불가하며 공동명의 또한 불허함
오염물 배출 및 소음발생 업종 등 입점부적합 업종은 입점할 수 없음",https://www.k-startup.go.kr/web/contents/bizpbanc-ongoing.do?schM=view&pbancSn=177970,kstartup,177970,2026-08-20 18:24,2026-08-21 20:53,d453c98a-0abf-49e6-942e-c000fccd05dd,경기,시설ㆍ공간ㆍ보육,"일반인,대학,연구기관,일반기업,1인 창조기업","예비창업자,1년미만,2년미만,3년미만,5년미만,7년미만,10년미만","만 20세 이상 ~ 만 39세 이하,만 40세 이상",임대공급운영1팀,0312508269,,N
2026년 경기 스타트업 아카데미 민간협력 프로그램 「링크업」 운영 제안 모집공고,경기도·경기도경제과학진흥원,공공기관(public),교육·멘토링(education),2026-06-08 00:00,2026-12-31 23:59,Y,예비창업자(preliminary) | 개인사업자(individual) | 법인(corporate),경기,,,10,,,,,,,,,단발(once),"경기도와 경기도경제과학진흥원은 기업, 전문기관 등이 보유한 분야별 전문역량을 도내 스타트업 및 예비창업자의 성장 수요와 연결(Link-up)하여 경기도형 민관협력 기반의 새로운 프로그램 운영 모델을 마련하고자, 협업 프로그램(기술교육, 창업교육, 세미나·워크숍, 멘토링·컨설팅, 네트워킹 등) 제안을 접수하고자 하오니 많은 관심과 참여를 바랍니다.","특강, 교육, 세미나, 워크숍, 네트워킹 등 스타트업 지원 관련 프로그램을 기획·운영할 수 있는 기업, 전문기관, 협회·단체 등",,https://www.k-startup.go.kr/web/contents/bizpbanc-ongoing.do?schM=view&pbancSn=178017,kstartup,178017,2026-08-20 18:24,2026-08-21 20:53,4eb7599a-94c6-4ee1-bd87-4fdef4f15dfa,경기,멘토링ㆍ컨설팅ㆍ교육,"대학,연구기관,일반기업","예비창업자,1년미만,2년미만,3년미만,5년미만,7년미만,10년미만","만 20세 미만,만 20세 이상 ~ 만 39세 이하,만 40세 이상",스타트업지원팀,03180397107,,Y
[정부지원] 2026년 중소기업 AI 역량 강화 및 실무 자동화 교육생 모집 (인재키움 프리미엄),(주)메타코드에이치,민간(private),교육·멘토링(education),2026-06-08 00:00,2026-12-31 23:59,Y,개인사업자(individual) | 법인(corporate),,,,10,,,,,,20,,,단발(once),"메타코드에서는 AI 기술을 통해 도약을 도모하는 스타트업에게 중소기업인재키움프리미엄 훈련을 통해, 임직원들의 기술 역량을 향상 시킬 수 있는 기회를 마련했습니다. 스타트업 관계자 분들의 많은 관심과 참여를 바랍니다.",중소기업인재키움프리미엄 훈련에 관심 있는 스타트업 대표 및 관계자 누구나,,https://www.k-startup.go.kr/web/contents/bizpbanc-ongoing.do?schM=view&pbancSn=178023,kstartup,178023,2026-08-20 18:24,2026-08-21 20:53,f918bd4e-bb5a-4031-85e2-272e3f4cfc6f,전국,멘토링ㆍ컨설팅ㆍ교육,"일반기업,1인 창조기업","1년미만,2년미만,3년미만,5년미만,7년미만,10년미만","만 20세 이상 ~ 만 39세 이하,만 40세 이상",교육팀,025158809,,N
서울창업허브 스타트업플러스 플랫폼 온라인 투자밋업 참가안내,서울경제진흥원,공공기관(public),사업화자금(funding),2026-06-11 00:00,2026-12-31 23:59,Y,개인사업자(individual) | 법인(corporate),,,,10,,,,,,,,,단발(once),"서울창업허브에서는 온라인을 통해 스타트업과 투자자를 연결하고, 이를 통해 창업생태계를 활성화시키기 위해 노력하고 있습니다. 
투자유치에 관심있는 스타트업분들께서는 스타트업플러스 플랫폼 온라인 투자밋업 플랫폼을 적극 활용 부탁드립니다.",투자유치에 관심있는 스타트업 누구나 (업력/분야제한 無),,https://www.k-startup.go.kr/web/contents/bizpbanc-ongoing.do?schM=view&pbancSn=178113,kstartup,178113,2026-08-20 18:24,2026-08-21 20:53,f0873642-89cb-412d-937d-ccb5c17f0d8a,전국,사업화,"일반기업,1인 창조기업","1년미만,2년미만,3년미만,5년미만,7년미만,10년미만","만 20세 미만,만 20세 이상 ~ 만 39세 이하,만 40세 이상",스케일업1팀,0221152012,,N
한국폴리텍Ⅱ대학 창업보육센터 입주기업 상시 모집,한국폴리텍Ⅱ대학 창업보육센터,공공기관(public),입주공간(space),2026-06-22 00:00,2026-12-31 23:59,Y,예비창업자(preliminary) | 개인사업자(individual) | 법인(corporate),인천,,,3,,,,,,,,,단발(once),"한국폴리텍Ⅱ대학 창업보육센터는 예비창업자 및 창업초기 벤처기업에게 창업공간, 기술개발, 시제품제작, 경영지원 및 투자유치를 통한 창업 성공률을 제고하여 창업활성화와 일자리 창출을 통한 지역경제 발전에 기여할 역량이 있는 입주기업을 모집합니다.","예비창업자 또는 창업3년 미만의 개인, 법인","숙박 및 음식점업, 부동산업 및 임대업, 도매 및 소매업, 금융 및 보험업, 운수 및 창고업 등 창업보육이 필요하지 않읂 업종",https://www.k-startup.go.kr/web/contents/bizpbanc-ongoing.do?schM=view&pbancSn=178214,kstartup,178214,2026-08-20 18:24,2026-08-21 20:53,ef87c8ba-f974-4975-abdf-d5b83f5fac81,인천,시설ㆍ공간ㆍ보육,"청소년,대학생,일반인,대학,연구기관,일반기업,1인 창조기업","예비창업자,1년미만,2년미만,3년미만","만 20세 미만,만 20세 이상 ~ 만 39세 이하,만 40세 이상",창업보육센터,0325102142,,Y
(주)미래서비스 1인 창조기업 지원센터 입주기업 모집공고,(주)미래서비스 1인창조기업지원센터,민간(private),입주공간(space),2026-06-27 00:00,2026-12-31 23:59,Y,예비창업자(preliminary) | 개인사업자(individual) | 법인(corporate),인천,,,7,,,,,,20,,,단발(once),㈜미래서비스 1인 창조기업지원센터에서 참신한 아이디어를 실현할 수 있는 유망한 (예비)1인 창조기업의 발굴과 창업 성공과 안정화를 위해 “2026년 1인 창조기업 지원센터 입주기업 모집”을 다음과 같이 실시하오니 많은 관심과 지원 부탁드립니다.,"- 1인 또는 5인 미만의 공동 사업자로서 상시근로자 없이 사업을 운영하는 기업
- 입주 후 3개월 이내에 사업자 등록이 가능한 예비창업자","- 부동산업 등 1인창조기업 제외 업종을 영위하는 기업(하단 모집공고문 참고)
- 업력이 7년이 초과하는 기업",https://www.k-startup.go.kr/web/contents/bizpbanc-ongoing.do?schM=view&pbancSn=178289,kstartup,178289,2026-08-20 18:24,2026-08-21 20:53,2108d431-af0d-4728-b20c-d1436f599640,인천,시설ㆍ공간ㆍ보육,"일반기업,1인 창조기업","예비창업자,1년미만,2년미만,3년미만,5년미만,7년미만","만 20세 이상 ~ 만 39세 이하,만 40세 이상",창업지원사업부,0322160091,,Y
2026년 서울 기후테크 기업 및 예비창업자를 위한 멘토링 지원사업 안내,서울기후테크산업지원센터장,공공기관(public),교육·멘토링(education),2026-07-07 00:00,2026-12-31 23:59,Y,예비창업자(preliminary) | 개인사업자(individual) | 법인(corporate),서울,,,10,,,,,,20,,,단발(once),국가녹색기술연구소 서울기후테크산업지원센터는 서울시 내 중소기업 및 예비창업자를 위하여 다음과 같이 다양한 전문가 풀을 활용한 맞춤형 멘토링을 무료로 진행하고자 합니다. 많은 참여 부탁드립니다.,"서울시 소재 녹색분야 중소기업 및 예비창업자
① 「중소기업기본법」 제2조의 중소기업으로서, 본사 또는 지사 (예비창업자의 경우 주소지) 의 서울시 소재
② 기업 보유 기술 혹은 아이디어가 기후기술 38 대 분류체계에 포함되어야 하며, 기획 (개발)/ 판매 중인 제품(기술)의 에너지 절감, 온실가스 저감 등 환경 관련성 필요",,https://www.k-startup.go.kr/web/contents/bizpbanc-ongoing.do?schM=view&pbancSn=178445,kstartup,178445,2026-08-20 18:24,2026-08-21 20:53,0b206b48-8594-444f-99b9-07d29dffd366,서울,멘토링ㆍ컨설팅ㆍ교육,"대학생,일반인,연구기관,일반기업,1인 창조기업","예비창업자,1년미만,2년미만,3년미만,5년미만,7년미만,10년미만","만 20세 이상 ~ 만 39세 이하,만 40세 이상",서울기후테크산업지원센터,0262610884,,N
[제주창조경제혁신센터]「상시매칭 오픈이노베이션 플랫폼」수요기업 및 스타트업 상시 모집,제주창조경제혁신센터,공공기관(public),사업화자금(funding),2026-07-01 00:00,2026-12-31 23:59,Y,개인사업자(individual) | 법인(corporate),,,,10,,,,,,,,,단발(once),"제주창조경제혁신센터는 상시형 오픈이노베이션 플랫폼을 통해 대·중견기업, 공공기관, 스타트업이 상시로 연결되는 협업 생태계를 구축하고 있습니다. 혁신 기술을 보유한 스타트업과 새로운 협업 파트너를 찾는 수요기업이라면 「상시매칭 오픈이노베이션 플랫폼」에 참여하여 새로운 협업과 성장의 기회를 만나보시기 바랍니다.","국내·외 대기업(CVC 포함), 중견기업, 공공기관 및 스타트업",※ 예비창업자 신청 불가,https://www.k-startup.go.kr/web/contents/bizpbanc-ongoing.do?schM=view&pbancSn=178489,kstartup,178489,2026-08-20 18:24,2026-08-21 20:53,08af0254-f646-455d-9109-162a598b863d,전국,사업화,"연구기관,일반기업,1인 창조기업","1년미만,2년미만,3년미만,5년미만,7년미만,10년미만","만 20세 미만,만 20세 이상 ~ 만 39세 이하,만 40세 이상",혁신스케일업팀,0647101922,,N
[안양대학교 창업보육센터] 2026년 하반기 신규 입주기업 모집,안양대학교 창업보육센터,공공기관(public),입주공간(space),2026-07-15 00:00,2026-12-31 23:59,Y,예비창업자(preliminary) | 개인사업자(individual) | 법인(corporate),경기,,,7,,,,,,20,,,단발(once),안양대학교 창업보육센터에서는 우수한 기술 및 아이디어를 보유한 초기창업기업 및 예비창업자의 발굴·육성을 위하여 다음과 같이 입주기업을 모집하오니 많은 신청 바랍니다.,"￭ 예비창업자(입주 후 6개월 이내 사업자 등록이 가능한 자)
￭ 창업 7년 미만 창업자(개인 또는 법인사업자)
￭ 입주 후 사업장 본점 소재지를 본교 창업보육센터로 이전 가능한 자
￭ 초기창업기업(3년 미만 창업자) 우대
￭ 벤처기업, 장애인기업, 사회적기업, 여성기업, 제대군인 기업 우대
￭ ICT 융합, AI·AX 관련 분야 우대
￭ 본교 학생 창업 또는 교원 창업자 우대","￭ 중소기업창업지원법시행령 제4조에서 정하는 지원 제외 업종
(숙박 및 음식점업, 금융 및 보험업, 부동산업, 기타 개인 서비스업 등)
￭ 금융기관으로부터 불량거래자로 규제 중인 자
￭ 폐수, 소음, 진동 등 공해 다발 업종
￭ 기타 지원사업 목적에 부적합하다고 인정되는 경우",https://www.k-startup.go.kr/web/contents/bizpbanc-ongoing.do?schM=view&pbancSn=178527,kstartup,178527,2026-08-20 18:24,2026-08-21 20:53,3f7b6687-6735-4837-98cb-765f6977d5fb,경기,시설ㆍ공간ㆍ보육,"대학생,일반인,일반기업,1인 창조기업","예비창업자,1년미만,2년미만,3년미만,5년미만,7년미만","만 20세 이상 ~ 만 39세 이하,만 40세 이상",창업보육센터,0314653006,,Y
2026년 WEROUND 공유형 공간 신규 입주기업 상시 모집,서강대학교 판교캠퍼스사업단,공공기관(public),입주공간(space),2026-07-22 00:00,2026-12-31 23:59,Y,예비창업자(preliminary) | 개인사업자(individual) | 법인(corporate),,,,10,,,,,,,,,단발(once),"2026년 WEROUND 공유형 공간 신규 입주기업 상시 모집을 다음과 같이 공고하오니, 관심있는 기업들의 많은 신청바랍니다.","기술기반 아이템을 보유한 예비~창업 7년 이내 스타트업
※ 신산업 창업 분야에 관한 규정 제3조 1항에 따라 신산업 창업 분야는 창업 10년 이내",,https://www.k-startup.go.kr/web/contents/bizpbanc-ongoing.do?schM=view&pbancSn=178636,kstartup,178636,2026-08-20 18:24,2026-08-21 20:53,5ac2a1e5-132d-457f-85b8-4377f0787e2d,전국,시설ㆍ공간ㆍ보육,"대학생,일반인,대학,연구기관,일반기업,1인 창조기업","예비창업자,1년미만,2년미만,3년미만,5년미만,7년미만,10년미만","만 20세 미만,만 20세 이상 ~ 만 39세 이하,만 40세 이상",판교캠퍼스사업단,03180239625,,N
2026 명지전문대학 MJC 창업보육(Ⅰ)센터 신규 입주기업 상시모집 안내,명지전문대학,공공기관(public),입주공간(space),2026-08-07 00:00,2026-12-31 23:59,Y,예비창업자(preliminary) | 개인사업자(individual) | 법인(corporate),서울,,,10,,,,,,20,,,단발(once),명지전문대학 창업보육센터에서는 기술 집약형 유망 중소·벤처기업을 목표로 하는 참신한 벤처마인드를 갖춘 예비창업자 및 창업초기 사업자를 다음과 같이 모집하오니 많은 신청바랍니다.," 모집대상 : 창업 후 10년 이내의 중소ㆍ벤처기업(공고일 기준) 및 예비창업자
 모집분야 : AI, 전기전자, 정보통신, S/W, 유통, 물류, 광고, 디자인, 콘텐츠 등
 우대사항 
 - 본교 재학생 및 졸업생(창업동아리 포함) 창업기업
 - 교원 창업기업 또는 기술이전 기반 기업
 - AI·디지털전환(DX) 기반 기술·서비스를 보유하고 사업화 및 고용·매출 창출이 기대되는 기업","- 신용불량자 또는 휴․폐업중인 자
 - 소음․진동․폐수․악취 등의 공해를 유발하는 자 또는 업종
 - 기타 보육사업의 목적에 부적합하다고 인정되는 경우",https://www.k-startup.go.kr/web/contents/bizpbanc-ongoing.do?schM=view&pbancSn=178835,kstartup,178835,2026-08-20 18:24,2026-08-21 20:53,93205866-f41d-4c04-83c9-f214378da289,서울,시설ㆍ공간ㆍ보육,"대학생,일반인,대학,연구기관,일반기업,1인 창조기업","예비창업자,1년미만,2년미만,3년미만,5년미만,7년미만,10년미만","만 20세 이상 ~ 만 39세 이하,만 40세 이상",산학협력팀,023003856,,N
한동 알럼나이 파운더스 - 한동대 출신 창업가를 찾습니다!,포항연합기술지주,민간(private),경진대회·행사(contest),2026-08-10 00:00,2026-12-31 23:59,Y,예비창업자(preliminary) | 개인사업자(individual) | 법인(corporate),,,,10,,,,,,,,,단발(once),한동대학교 출신 창업가를 찾습니다! 창업가 DB 구축을 통해 투자·보육·사업화·네트워크 연계를 지원합니다.,"한동대학교 출신(학사,석사,박사, 졸업, 재학 누구나) 창업자(예비/초기/폐업 포함)",,https://www.k-startup.go.kr/web/contents/bizpbanc-ongoing.do?schM=view&pbancSn=178850,kstartup,178850,2026-08-20 18:24,2026-08-21 20:53,afedd335-7f22-47c8-b986-4147827751a7,전국,행사ㆍ네트워크,"청소년,대학생,일반인,대학,연구기관,일반기업,1인 창조기업","예비창업자,1년미만,2년미만,3년미만,5년미만,7년미만,10년미만","만 20세 미만,만 20세 이상 ~ 만 39세 이하,만 40세 이상",전략기획실,0542603091,,N
[성남 식품제조 소공인특화지원센터] 촬영스튜디오 대관 및 사용자 모집,성남산업진흥원,공공기관(public),입주공간(space),2026-02-01 00:00,2027-01-31 23:59,Y,예비창업자(preliminary) | 개인사업자(individual) | 법인(corporate),경기,,,10,,,,,,,,,단발(once),"안녕하세요.
성남산업진흥원 (성남 식품제조 소공인특화지원센터)입니다.
촬영 스튜디오 대관 및 사용자를  모집하오니 많은 관심과 참여바랍니다.",성남시 식품제조 소공인,"아래의 내용에 1개 이상 해당하는 경우는 신청 및 지원 불가
① (참여제한) 정부·지자체, 공공기관 등으로부터 참여 제한 중인 경우
② (중복참여) 유관기관 지원사업 기수혜 및 수혜중인 자는 참여제한
③ (세금체납) 4대보험, 국세·지방세 체납, 행정처분을 받은 경우
④ (부도/휴‧폐업) 기업의 부도, 휴·폐업 중인 경우
⑤ (서류 허위제출) 사업 참여를 위해 제출한 서류가 허위로 판명된 경우",https://www.k-startup.go.kr/web/contents/bizpbanc-ongoing.do?schM=view&pbancSn=176085,kstartup,176085,2026-08-20 18:25,2026-08-21 20:53,92acdaa3-c42d-496f-a251-c2ff43d939a5,경기,시설ㆍ공간ㆍ보육,"청소년,대학생,일반인,대학,연구기관,일반기업,1인 창조기업","예비창업자,1년미만,2년미만,3년미만,5년미만,7년미만,10년미만","만 20세 미만,만 20세 이상 ~ 만 39세 이하,만 40세 이상",혁신성장부 &#40;성남 식품제조 소공인특화지원센터&#41;,0317502872,,N
경남 수도권 투자유치 거점센터 (G-Space@TIPS) 2026 G-Demoday&G-Mentoring day,제피러스랩,민간(private),입주공간(space),2026-04-09 00:00,2027-01-31 23:59,Y,예비창업자(preliminary) | 개인사업자(individual) | 법인(corporate),경남,,,10,,,,,,20,,,단발(once),"경남 스타트업의 수도권 투자유치 및 스케일업을 지원하기 위한 「2026 G-Space@TIPS G-Demoday & G-Mentoring day」 참여기업 모집을 다음과 같이 공고하오니,  투자유치 및 사업 고도화를 희망하는 기업의 많은 신청 바랍니다.","- 수도권 진출 및 투자유치 희망 경상남도 소재 업력 7년 이내 스타트업 (초격차 분야 스타트업은 업력 10년 이내까지 신청 가능)
- 본사/지점/사업장을 경상남도에 이전/설립 예정인 타지역 기업
- 요건을 충족하는 지역의 예비창업자(팀)

[초격차 분야 10개]
① 시스템반도체 ② 바이오·헬스 ③ 미래 모빌리티 ④ 친환경·에너지 ⑤ 로봇
⑥ 빅데이터·AI  ⑦ 사이버보안·네트워크 ⑧ 우주항공·해양 ⑨ 차세대원전 ⑩ 양자기술",,https://www.k-startup.go.kr/web/contents/bizpbanc-ongoing.do?schM=view&pbancSn=177113,kstartup,177113,2026-08-20 18:25,2026-08-21 20:53,c5d22ada-a69d-4f0d-94b4-ec02a9db05e5,경남,시설ㆍ공간ㆍ보육,"대학생,일반인,대학,연구기관,일반기업,1인 창조기업","예비창업자,1년미만,2년미만,3년미만,5년미만,7년미만,10년미만","만 20세 이상 ~ 만 39세 이하,만 40세 이상",서울팀,07088713892,,Y
[LH한국토지주택공사] 판교제2테크노밸리 기업지원허브 업무지원시설  선착순 수의계약 공고,한국토지주택공사,공공기관(public),입주공간(space),2026-06-02 00:00,2027-05-29 23:59,Y,예비창업자(preliminary) | 개인사업자(individual) | 법인(corporate),경기,,,10,,,,,,,,,단발(once),LH 한국토지주택공사 경기남부지역본부에서 판교 제2테크노밸리 기업지원허브 업무지원시설 임대 입점기업을 모집하오니 많은 관심과 참여 부탁드립니다.,"금회 공급하는 업무지원시설은 입주자모집공고일 현재 아래 업종 및 기관에 한하여 공급합니다.
- 금융(은행, 보증기금등), 창업·경영컨설팅, 특허, 법률, 회계서비스업, 마케팅
- 「중소기업창업 지원법」제32조에 따른 대학 내 창업지원 전담 조직을 갖춘 대학교
-「벤처투자 촉진에 관한 법률」제2조제9호 및 제10호에 따른 창업기획자(액셀러레이터) 및 벤처투자회사",,https://www.k-startup.go.kr/web/contents/bizpbanc-ongoing.do?schM=view&pbancSn=177944,kstartup,177944,2026-08-20 18:24,2026-08-21 20:53,7a5de5e2-8295-4d57-be1d-5510f69fc1e6,경기,시설ㆍ공간ㆍ보육,"일반인,대학,연구기관,일반기업,1인 창조기업","예비창업자,1년미만,2년미만,3년미만,5년미만,7년미만,10년미만","만 20세 미만,만 20세 이상 ~ 만 39세 이하,만 40세 이상",임대공급운영1팀,0312508269,,N
2026년 ICT혁신센터 입주기업 모집공고(상시),(재)충북과학기술혁신원,공공기관(public),입주공간(space),2026-05-04 00:00,2027-12-31 23:59,Y,예비창업자(preliminary) | 개인사업자(individual) | 법인(corporate),,,,7,,,,,,,,,단발(once),"(재)충북과학기술혁신원은 충주시의 신성장산업육성 및 창업생태계 구축 등 지역산업 경쟁력 향상을 위해 중소·벤처기업을 대상으로 「ICT혁신센터」의 입주기업을 모집합니다.
입주를 희망하는 기업들의 많은 신청 바랍니다.","❍ 신청대상
• 지식기반, 정보통신(IT), 생명공학(BT)와 관련된 벤처‧중소기업
• IT‧BT 관련 대기업의 지사 또는 부설연구소",,https://www.k-startup.go.kr/web/contents/bizpbanc-ongoing.do?schM=view&pbancSn=177493,kstartup,177493,2026-08-20 18:25,2026-08-21 20:53,9569962f-407b-42c7-beb0-b6b3c2d5e61e,전국,시설ㆍ공간ㆍ보육,"청소년,대학생,일반인,대학,연구기관,일반기업,1인 창조기업","예비창업자,1년미만,2년미만,3년미만,5년미만,7년미만","만 20세 미만,만 20세 이상 ~ 만 39세 이하,만 40세 이상",북부권 혁신지원센터 경영기획팀,0438522893,,N
부산글로벌테크비즈센터 입주기관(기업) 모집공고(수시모집),연구개발특구진흥재단,공공기관(public),입주공간(space),2026-04-20 00:00,2028-04-30 23:59,Y,개인사업자(individual) | 법인(corporate),부산,,,10,,,,,,,,,단발(once),"부산글로벌테크비즈센터에 입주하여 연구개발특구 기술사업화 촉진, 지역경제 활성화 및 국가과학기술 경쟁력 창출에 기여할 입주 희망자를 모집하오니 다음 내용을 참고하시어 신청하여 주시기 바랍니다.","연구개발특구의 육성에 관한 특별법 제34조 및 과학기술정보통신부 고시에 따른 부산연구개발특구 R&D융합지구(미음일반산업단지)의 입주 허용 업종을 영위하는 기관(기업)
※ 입주 허용 업종은 [붙임 3] 참조","도금 및 도장업종, 입주가능업종 중 생산공정 단계별「악취방지법」에 의한 지정악취물질과 「대기환경보전법」에 의한 특정대기유해물질, 「수질 및 수생태계 보전에 관한 법률」에 의한 특정수질유해물질의 배출이 예상되는 경우는 입주를 제한함",https://www.k-startup.go.kr/web/contents/bizpbanc-ongoing.do?schM=view&pbancSn=177241,kstartup,177241,2026-08-20 18:25,2026-08-21 20:53,219704ca-22d4-4017-9e92-106e3c4295f2,부산,시설ㆍ공간ㆍ보육,"대학,연구기관,일반기업,1인 창조기업","1년미만,2년미만,3년미만,5년미만,7년미만,10년미만","만 20세 미만,만 20세 이상 ~ 만 39세 이하,만 40세 이상",부산본부 기획경영실,0512934855,,N
민간기업 분야 우수인재 특별귀화 추천 신청 모집 공고  (Announcement on the Call for Applications for  Recommendation for Special Naturalization of Outstanding  Private-Sector Talent),중소벤처기업부 장관,공공기관(public),사업화자금(funding),2026-02-11 00:00,2030-12-31 23:59,Y,예비창업자(preliminary) | 개인사업자(individual) | 법인(corporate),,,,10,,,,,,,,,단발(once),"한국경제에 기여할 글로벌 우수 인재를 발굴하여 유치하기 위하여 다음과 같이 민간기업 분야의 특별귀화 추천 신청자를 모집합니다.
(In order to identify and attract outstanding global talent that will contribute to the Korean economy, applications are invited from candidates in the private sector for recommendation for special naturalization, as follows.)","특별귀화 희망자로서 분야별 특별귀화 기본요건을 충족한 자 
(A person who seeks special naturalization and meets the basic eligibility requirements for special naturalization in the relevant field)",,https://www.k-startup.go.kr/web/contents/bizpbanc-ongoing.do?schM=view&pbancSn=176286,kstartup,176286,2026-08-20 18:25,2026-08-21 20:53,2be98998-5631-42ad-8b79-15a4a755bf6e,전국,사업화,"청소년,대학생,일반인,대학,연구기관,일반기업,1인 창조기업","예비창업자,1년미만,2년미만,3년미만,5년미만,7년미만,10년미만","만 20세 미만,만 20세 이상 ~ 만 39세 이하,만 40세 이상",글로벌허브실,0234407346,,N
